row_index,variety,approval_no,approval_year,level,province,is_hybrid,three_line,two_line,subspecies,season_hint,region_group,yield_2yr_kg_mu,yield_gain_pct,ck,yield_prod_kg_mu,gain_prod_pct,duration_d,duration_diff_d,plant_height_cm,panicles_10k_mu,panicle_len_cm,grains_per_panicle,seed_setting_pct,tgw_g,blast_index_mean,blast_index_max,neck_blast_loss_max_grade,blast_text,blb_grade,blb_text,bph_grade,heat_text,cold_text,head_rice_pct,chalkiness_deg_pct,chalky_grain_pct,amylose_pct,gel_mm,lw_ratio,alkali,quality_grade,quality_std,is_winall,applicant,source_text_len,region,season,breeding_system,applicant_type,n_applicants,quality_top2,neck_blast_ok,blast_susceptible_text,flag_yield_outlier,flag_duration_outlier
221,两优培九,国审稻2001001,2001.0,国审,,False,False,True,,,,,,,,,,,,,,,,,,,,,,,,,,,,,,,,,,,False,江苏省农科院粮食作物研究所,23,Other/Unspecified,Unspecified,Two-line hybrid,Public,1,,,False,False,False
353,扬稻6号,国审稻2001002,2001.0,国审,,False,False,False,,,,,,,,,,,,,,,,,,,,,,,,,,,,,,,,,,,False,江苏省里下河地区农科所,34,Other/Unspecified,Unspecified,Inbred/Other,Public,1,,,False,False,False
1457,II优725,国审稻2001003,2001.0,国审,,False,True,False,,,,,,,,,,,,,,,,,,,,,,,,,,,,,,,,,,,False,四川省绵阳市农业科学研究所,27,Other/Unspecified,Unspecified,Three-line hybrid,Public,1,,,False,False,False
1174,II优501,国审稻2001004,2001.0,国审,,False,True,False,,,,,,,,,,,,,,,,,,,,,,,,,,,,,,,,,,,False,四川省绵阳市农业科学研究所、西南科技大学,27,Other/Unspecified,Unspecified,Three-line hybrid,Public,2,,,False,False,False
1686,菲优多系1号,国审稻2001005,2001.0,国审,,False,True,False,,,,,,,,,,,,,,,,,,,,,,,,,,,,,,,,,,,False,四川省内江杂交水稻科技开发中心,21,Other/Unspecified,Unspecified,Three-line hybrid,Unknown,1,,,False,False,False
962,冈优725,国审稻2001006,2001.0,国审,,False,True,False,,,,,,,,,,,,,,,,,,,,,,,,,,,,,,,,,,,False,四川省绵阳市农业科学研究所,23,Other/Unspecified,Unspecified,Three-line hybrid,Public,1,,,False,False,False
676,K优77,国审稻2001007,2001.0,国审,,False,True,False,,,,,,,,,,,,,,,,,,,,,,,,,,,,,,,,,,,False,四川省农科院水稻高粱研究所、四川省泸州市农业局,22,Other/Unspecified,Unspecified,Three-line hybrid,Public,2,,,False,False,False
1550,D优13（原名：D702A/527）,国审稻2001008,2001.0,国审,,False,True,False,,,,,,,,,,,,,,,,,,,,,,,,,,,,,,,,,,,False,四川农业大学水稻研究所,24,Other/Unspecified,Unspecified,Three-line hybrid,Public,1,,,False,False,False
1532,D优多1（原名：D702A/多系1号）,国审稻2001009,2001.0,国审,,False,True,False,,,,,,,,,,,,,,,,,,,,,,,,,,,,,,,,,,,False,四川农业大学水稻研究所,23,Other/Unspecified,Unspecified,Three-line hybrid,Public,1,,,False,False,False
755,K优047,国审稻2001010,2001.0,国审,,False,True,False,,,,,,,,,,,,,,,,,,,,,,,,,,,,,,,,,,,False,四川省农科院作物研究所、四川省农科院水稻研究所,23,Other/Unspecified,Unspecified,Three-line hybrid,Public,2,,,False,False,False
1490,特优70,国审稻2001011,2001.0,国审,,False,True,False,,,,,,,,,,,,,,,,,,,,,,,,,,,,,,,,,,,False,福建省三明市农业科学研究所,22,Other/Unspecified,Unspecified,Three-line hybrid,Public,1,,,False,False,False
968,II优明86,国审稻2001012,2001.0,国审,,False,True,False,,,,,,,,,,,,,,,,,,,,,,,,,,,,,,,,,,,False,福建省三明市农业科学研究所,24,Other/Unspecified,Unspecified,Three-line hybrid,Public,1,,,False,False,False
552,特优多系1号,国审稻2001013,2001.0,国审,,False,True,False,,,,,,,,,,,,,,,,,,,,,,,,,,,,,,,,,,,False,福建省漳州市农业科学研究所,22,Other/Unspecified,Unspecified,Three-line hybrid,Public,1,,,False,False,False
1443,协优963,国审稻2001014,2001.0,国审,,False,True,False,,,,,,,,,,,,,,,,,,,,,,,,,,,,,,,,,,,False,浙江省农业科学院作物研究所,21,Other/Unspecified,Unspecified,Three-line hybrid,Public,1,,,False,False,False
731,越糯3号（原名：绍95?51）,国审稻2001015,2001.0,国审,,False,False,False,,,,,,,,,,,,,,,,,,,,,,,,,,,,,,,,,,,False,浙江省绍兴市农业科学研究所,29,Other/Unspecified,Unspecified,Inbred/Other,Public,1,,,False,False,False
590,浙农大454,国审稻2001016,2001.0,国审,,False,False,False,,,,,,,,,,,,,,,,,,,,,,,,,,,,,,,,,,,False,浙江大学农业与生物技术学院,31,Other/Unspecified,Unspecified,Inbred/Other,Public,1,,,False,False,False
786,舟903,国审稻2001017,2001.0,国审,,False,False,False,,,,,,,,,,,,,,,,,,,,,,,,,,,,,,,,,,,False,浙江省舟山市农业科学研究所,22,Other/Unspecified,Unspecified,Inbred/Other,Public,1,,,False,False,False
437,嘉育948,国审稻2001018,2001.0,国审,,False,False,False,,,,,,,,,,,,,,,,,,,,,,,,,,,,,,,,,,,False,浙江省嘉兴市农业科学院,13,Other/Unspecified,Unspecified,Inbred/Other,Public,1,,,False,False,False
650,华航一号,国审稻2003032,2003.0,国审,,False,False,False,籼,早稻,华南早籼高产组,,,汕优63,481.4,4.39,122.8,,105.6,19.9,20.3,150.0,83.7,22.0,,,,,9.0,,,,,41.2,5.4,,27.0,56.0,3.0,,,,False,华南农业大学农学院,390,South China,Early,Inbred/Other,Public,1,,,False,False,False
2042,菲优多系1号,国审稻2003033,2003.0,国审,,True,True,False,籼,早稻,华南早籼高产组,,,粤香占、汕优63,480.6,5.84,124.4,,108.9,19.1,24.6,126.1,84.4,29.8,,,,,9.0,,,,,36.4,31.4,,19.8,45.0,3.1,,,,False,四川省内江杂交水稻科技开发中心,390,South China,Early,Three-line hybrid,Unknown,1,,,False,False,False
1370,优优998,国审稻2003034,2003.0,国审,,True,True,False,籼,早稻,华南早籼高产组,,,汕优63,486.5,7.47,119.6,,102.9,20.0,21.1,135.3,83.7,25.3,,,,,9.0,,,,,52.6,13.0,,21.1,42.5,2.8,,,,False,广东省农科院水稻研究所,403,South China,Early,Three-line hybrid,Public,1,,,False,False,False
1760,T优5537,国审稻2003035,2003.0,国审,,True,True,False,籼,早稻,华南早籼高产组,,,汕优63,481.3,2.48,127.2,,110.5,17.6,23.5,130.2,80.5,29.4,,,,,9.0,,,,,46.7,25.5,,20.5,41.0,2.5,,,,False,福建农林大学作物科学学院，福建省种子总站,400,South China,Early,Three-line hybrid,Public,2,,,False,False,False
1263,D奇宝优1号,国审稻2003036,2003.0,国审,,True,True,False,籼,早稻,华南早籼高产组,,,汕优63,493.0,6.18,126.0,,115.9,19.5,22.6,132.5,80.0,28.2,,,,,9.0,,,,,49.1,29.8,,20.3,40.0,2.6,,,,False,福建省尤溪县良种生化研究所，福建省种子总站,399,South China,Early,Three-line hybrid,Public,2,,,False,False,False
84,丰华占,国审稻2003037,2003.0,国审,,False,False,False,籼,早稻,华南早籼优质组,,,粤香占,456.6,2.91,123.2,,97.9,22.7,21.8,135.2,82.6,22.0,,,,,3.0,,,,,55.4,3.2,,13.8,73.5,3.2,,,,False,广东省农科院水稻研究所,410,South China,Early,Inbred/Other,Public,1,,,False,False,False
1393,博优253,国审稻2003038,2003.0,国审,,True,True,False,籼,晚籼,华南晚籼组,,,博优903、粳籼89,492.5,2.07,118.5,,118.8,17.4,23.9,140.9,84.0,23.8,,,,,7.0,,9.0,,,66.4,5.9,,19.3,43.0,2.6,,,,False,广西大学支农开发中心,389,South China,Late,Three-line hybrid,Public,1,,,False,False,False
989,博优1025,国审稻2003039,2003.0,国审,,True,True,False,籼,双季,华南晚籼组,,,博优903,478.6,0.82,115.9,,101.6,20.1,21.3,138.3,85.6,21.6,,,,,9.0,,9.0,,,66.2,6.4,,20.0,43.0,2.8,,,,False,广西农科院水稻研究所,405,South China,Late,Three-line hybrid,Public,1,,,False,False,False
1264,博优998,国审稻2003040,2003.0,国审,,True,True,False,籼,双季,华南晚籼组,,,博优903,502.2,4.07,114.9,,104.9,19.8,22.7,137.1,86.7,21.2,,,,,7.0,,9.0,,,65.3,3.8,,20.2,48.0,2.8,,,,False,广东省农科院水稻研究所,373,South China,Late,Three-line hybrid,Public,1,,,False,False,False
826,嘉早312,国审稻2003041,2003.0,国审,,False,False,False,籼,早稻,长江中下游早籼早中熟组,,,舟903、浙733,376.9,1.55,110.0,,81.5,21.9,19.7,108.9,78.2,25.9,,,,,3.0,,,,苗期耐寒性强,41.7,7.3,,14.2,83.5,3.2,,,,False,浙江省嘉兴市农科所,467,Middle-Lower Yangtze,Early,Inbred/Other,Public,1,,,False,False,False
958,八两优96,国审稻2003042,2003.0,国审,,True,False,True,籼,早稻,长江中下游早籼早中熟组,,,浙733,378.0,1.85,108.5,,86.5,24.5,18.5,101.5,86.6,24.2,,,,,5.0,,,,,35.3,30.7,,24.8,44.0,2.9,,,,False,湖南省怀化市农科所,409,Middle-Lower Yangtze,Early,Two-line hybrid,Public,1,,,False,False,False
660,中选181,国审稻2003043,2003.0,国审,,False,False,False,籼,早稻,长江中下游早籼早中熟组,,,舟903、浙733,414.3,11.64,111.5,,97.7,21.5,20.7,106.2,77.9,28.9,,,,,5.0,,,,,49.2,43.3,,23.6,46.5,3.0,,,,False,中国水稻研究所,435,Middle-Lower Yangtze,Early,Inbred/Other,Public,1,,,False,False,False
760,中选972,国审稻2003044,2003.0,国审,,False,False,False,籼,早稻,长江中下游南部早籼迟熟组,,,威优402,394.9,5.22,114.3,,94.7,20.0,20.8,116.6,82.2,28.1,,,,,5.0,,,,,42.6,69.5,,23.1,45.0,2.8,,,,False,中国水稻研究所,427,Middle-Lower Yangtze,Early,Inbred/Other,Public,1,,,False,False,False
1182,德农2000（原名：协优7954）,国审稻2003045,2003.0,国审,,True,True,False,籼,中稻,长江流域中籼迟熟组,,,汕优63,549.8,18.19,,,110.0,18.4,22.3,148.0,78.2,30.0,,,,,7.0,,9.0,,,52.0,14.5,,25.3,49.5,2.7,,,,False,浙江省农科院作物与核技术利用研究所,489,Other/Unspecified,Single/Mid,Three-line hybrid,Public,1,,,False,False,False
1582,冈优3551,国审稻2003046,2003.0,国审,,True,True,False,籼,中籼,中籼迟熟组,,,汕优63,501.3,7.75,,,119.0,17.2,24.6,163.7,84.0,27.2,,,,,7.0,,9.0,,,60.5,23.0,,25.3,46.5,2.3,,,,False,四川省宜宾市农业科学研究所,461,Other/Unspecified,Single/Mid,Three-line hybrid,Public,1,,,False,False,False
1429,红优2009,国审稻2003047,2003.0,国审,,True,True,False,籼,中稻,长江流域中籼迟熟组,,,汕优63,493.3,6.03,148.7,,114.5,17.5,25.4,150.7,77.5,30.7,,,,,7.0,,9.0,,,43.8,13.0,,21.7,63.0,2.9,,,,False,西南科技大学水稻研究所,412,Other/Unspecified,Single/Mid,Three-line hybrid,Public,1,,,False,False,False
1524,富优1号（原名：II优21）,国审稻2003048,2003.0,国审,,True,True,False,籼,中稻,长江上游中籼迟熟高产组,,,汕优63,506.4,8.86,158.0,,111.3,17.5,23.5,163.3,82.6,27.4,,,,,5.0,,5.0,,,60.9,9.6,,25.2,49.0,2.2,,,,False,西南农业大学,376,Upper Yangtze,Single/Mid,Three-line hybrid,Public,1,,,False,False,False
1627,B优827（原名：803A/527）,国审稻2003049,2003.0,国审,,True,True,False,籼,中稻,长江上游中籼迟熟优质组,,,汕优63,,10.79,152.5,,113.7,16.7,25.9,165.0,79.9,28.9,,,,,5.0,,3.0,,,53.1,4.1,,22.5,55.0,3.1,,,,False,西南科技大学水稻研究所，四川农业大学水稻研究所,386,Upper Yangtze,Single/Mid,Three-line hybrid,Public,2,,,False,False,False
1169,中优177,国审稻2003050,2003.0,国审,,True,True,False,籼,中稻,长江上游中籼迟熟优质组,,,汕优63,,16.95,151.2,,108.1,17.3,25.3,157.9,81.7,27.3,,,,,7.0,,7.0,,,57.5,2.9,,22.2,50.0,3.1,,,,False,四川省农科院作物所，中国水稻研究所,395,Upper Yangtze,Single/Mid,Three-line hybrid,Public,2,,,False,False,False
225,川香优2号,国审稻2003051,2003.0,国审,,True,True,False,籼,中稻,长江上游稻区中籼迟熟优质组,,,汕优63,466.3,0.81,157.4,,114.4,16.8,24.6,159.0,78.0,29.1,,,,,9.0,,5.0,,,63.5,3.8,,21.6,49.5,2.8,,,,False,四川省农科院作物所，四川华丰种业有限责任公司,576,Upper Yangtze,Single/Mid,Three-line hybrid,Joint,2,,,False,False,False
721,宜香1577（原名：宜香优1577）,国审稻2003052,2003.0,国审,,True,True,False,籼,中稻,长江上游中籼迟熟优质组和长江中下游中籼迟熟优质组,,,汕优63,590.6,6.32,155.1,,114.6,17.5,25.2,160.4,81.7,26.4,,,,,5.0,,9.0,,,58.7,5.5,,22.2,63.0,2.65,,,,False,四川省宜宾市农业科学研究所,524,Upper Yangtze,Single/Mid,Three-line hybrid,Public,1,,,False,False,False
1612,两优932,国审稻2003053,2003.0,国审,,True,False,True,籼,中稻,南方稻区中籼迟熟组,,,汕优63,573.1,8.32,140.2,,118.4,19.3,23.7,159.8,81.5,26.0,,,,,5.0,,5.0,,,52.2,15.6,,22.6,58.0,2.6,,,,False,湖北省农科院作物育种栽培研究所,388,Other/Unspecified,Single/Mid,Two-line hybrid,Public,1,,,False,False,False
1135,II优084,国审稻2003054,2003.0,国审,,True,True,False,籼,中稻,南方稻区中籼迟熟组,,,汕优63,583.1,4.98,142.4,,121.4,17.0,23.3,160.3,86.0,27.8,,,,,7.0,,9.0,,,56.1,5.3,,21.9,49.0,2.6,,,,False,江苏丘陵地区镇江农科所,405,Other/Unspecified,Single/Mid,Three-line hybrid,Public,1,,,False,False,False
1529,K优818,国审稻2003055,2003.0,国审,,True,True,False,籼,中稻,长江中下游中籼迟熟优质组,,,汕优63,614.6,10.65,137.5,,123.8,19.0,24.2,145.1,80.5,30.4,,,,,5.0,,9.0,,,47.2,4.0,,22.5,71.5,2.9,,,,False,江苏里下河地区农业科学研究所,379,Middle-Lower Yangtze,Single/Mid,Three-line hybrid,Public,1,,,False,False,False
1065,丰优香占（原名：25优6547）,国审稻2003056,2003.0,国审,,True,True,False,籼,中稻,长江中下游中籼迟熟优质组,,,汕优63,570.2,2.66,136.5,,122.5,15.7,23.7,164.8,82.5,27.7,,,,,7.0,,9.0,,,47.1,2.0,,14.5,80.0,3.4,,,,False,江苏里下河地区农业科学研究所，广东省农科院水稻研究所,396,Middle-Lower Yangtze,Single/Mid,Three-line hybrid,Public,2,,,False,False,False
1341,I优86,国审稻2003057,2003.0,国审,,True,True,False,籼,双季,南方稻区晚籼早熟组,,,汕优64,459.2,3.71,115.5,,95.0,18.8,22.2,126.3,79.2,28.0,,,,,7.0,,9.0,,,56.4,9.9,,21.1,48.0,2.8,,,,False,陕西省汉中市农业科学研究所,386,Other/Unspecified,Late,Three-line hybrid,Public,1,,,False,False,False
1531,安两优318,国审稻2003058,2003.0,国审,,True,False,True,籼,双季,南方稻区晚籼早熟高产组,,,汕优64,535.3,12.26,116.9,,94.3,21.0,22.0,112.7,78.0,28.4,,,,,5.0,,3.0,,,56.3,6.6,,20.0,41.5,3.0,,,,False,江西省宁都县种子公司,369,Other/Unspecified,Late,Two-line hybrid,Enterprise,1,,,False,False,False
1502,威优134,国审稻2003059,2003.0,国审,,True,True,False,籼,双季,南方稻区晚籼早熟高产组,,,汕优64,484.2,1.53,114.3,,92.9,20.3,21.3,118.8,78.9,28.7,,,,,7.0,,7.0,,,47.9,18.3,,24.4,48.0,2.7,,,,False,湖南杂交水稻研究中心,397,Other/Unspecified,Late,Three-line hybrid,Public,1,,,False,False,False
1128,两优363,国审稻2003060,2003.0,国审,,True,False,True,籼,双季,南方稻区晚籼早熟高产组,,,汕优64,494.8,3.76,115.3,,94.5,23.2,22.2,95.0,75.6,28.1,,,,,5.0,,5.0,,,51.5,2.9,,14.1,79.0,3.3,,,,False,贵州省农科院水稻研究所,397,Other/Unspecified,Late,Two-line hybrid,Public,1,,,False,False,False
1151,中优448,国审稻2003061,2003.0,国审,,True,True,False,籼,双季,南方稻区晚籼早熟优质组,,,汕优64,463.4,2.2,114.2,,97.0,19.5,23.9,119.9,83.4,27.6,,,,,5.0,,5.0,,,55.7,3.0,,21.8,50.0,3.3,,,,False,四川省农科院作物所，中国水稻研究所,387,Other/Unspecified,Late,Three-line hybrid,Public,2,,,False,False,False
735,湘晚籼10号（原名：农香16）,国审稻2003062,2003.0,国审,,False,False,False,籼,双季,南方稻区晚籼早熟优质组,,,汕优64,471.5,0.49,117.5,,98.2,21.3,21.5,106.9,78.7,28.4,,,,,7.0,,9.0,,,56.0,1.2,,15.0,64.0,3.1,,,,False,湖南省水稻研究所,384,Other/Unspecified,Late,Inbred/Other,Public,1,,,False,False,False
1829,威优111,国审稻2003063,2003.0,国审,,True,True,False,籼,双季,南方稻区晚籼中迟熟组,,,汕优46,487.4,1.97,123.0,,94.9,18.7,22.1,108.3,84.8,28.9,,,,,9.0,,9.0,,,67.7,18.1,,20.6,48.5,2.2,,,,False,湖南杂交水稻研究中心,409,Other/Unspecified,Late,Three-line hybrid,Public,1,,,False,False,False
1597,先农16号（原名：新香优906）,国审稻2003064,2003.0,国审,,True,True,False,籼,双季,南方稻区晚籼中迟熟高产组,,,汕优46,488.9,2.27,122.2,,104.5,19.3,22.4,146.6,77.0,25.2,,,,,5.0,,3.0,,,60.3,9.9,,24.9,42.0,2.7,,,,False,江西省浮梁县利民水稻研究所,403,Other/Unspecified,Late,Three-line hybrid,Public,1,,,False,False,False
234,湘晚籼12号（原名：9724）,国审稻2003065,2003.0,国审,,False,False,False,籼,双季,南方稻区晚籼中迟熟优质组,,,汕优46,465.2,0.24,117.2,,95.7,22.0,22.0,102.2,86.4,24.9,,,,,3.0,,9.0,,,50.6,0.7,,15.5,59.5,3.3,,,,False,湖南省水稻研究所,403,Other/Unspecified,Late,Inbred/Other,Public,1,,,False,False,False
1139,中浙优2838（原名：中浙A/2838）,国审稻2003066,2003.0,国审,,True,True,False,籼,双季,南方稻区晚籼中迟熟优质组,,,汕优46,464.6,0.36,121.2,,104.0,18.5,25.6,131.8,71.9,27.2,,,,,5.0,,9.0,,,48.3,3.9,,16.2,56.0,3.2,,,,False,中国水稻研究所，浙江省种子公司,376,Other/Unspecified,Late,Three-line hybrid,Joint,2,,,False,False,False
616,甬优3号,国审稻2003067,2003.0,国审,,True,True,False,粳,单季,南方稻区单季晚粳组,,,秀水63,,2.42,146.4,,109.4,18.1,20.1,133.4,87.2,29.4,,,,,5.0,,9.0,,,63.7,1.9,,17.4,67.5,2.0,,,,False,宁波市农科院作物所，宁波市种子公司,392,Other/Unspecified,Late,Three-line hybrid,Joint,2,,,False,False,False
683,常优1号（原名：常优99-1）,国审稻2003068,2003.0,国审,,True,True,False,粳,单季,南方稻区单季晚粳组,,,秀水63,,6.57,145.9,,105.0,19.1,18.2,147.0,81.9,27.7,,,,,5.0,,9.0,,,70.9,5.9,,16.0,69.5,1.8,,,,False,江苏省常熟市农业科学研究所,390,Other/Unspecified,Late,Three-line hybrid,Public,1,,,False,False,False
1649,II优527,国审稻2003069,2003.0,国审,,True,True,False,籼,中稻,,,,汕优63,562.0,5.6,153.0,,115.9,16.7,24.5,162.1,84.5,29.3,,,,,,,,,,,,,,43.0,2.6,,,,False,成都西部农业工程研究所，四川农业大学水稻研究所，四川省种子站,358,Other/Unspecified,Single/Mid,Three-line hybrid,Public,3,,,False,False,False
1544,福优325,国审稻2003070,2003.0,国审,,True,True,False,籼,中稻,,,,汕优63,546.0,2.6,150.5,,112.2,17.7,24.7,153.7,86.7,27.9,,,,,,,,,,,,,,42.0,2.5,,,,False,湖北省恩施自治州红庙农科所,361,Other/Unspecified,Single/Mid,Three-line hybrid,Public,1,,,False,False,False
1851,福优218,国审稻2003071,2003.0,国审,,True,True,False,籼,中稻,,,,汕优63,548.0,3.0,152.5,,117.9,17.4,24.4,162.7,83.4,27.2,,,,,,,,,,,,,,30.0,2.5,,,,False,湖北省恩施自治州农科所,378,Other/Unspecified,Single/Mid,Three-line hybrid,Public,1,,,False,False,False
1082,II优58,国审稻2003072,2003.0,国审,,True,True,False,籼,中稻,,,,汕优63,,,152.0,,114.1,17.1,24.0,163.5,84.2,27.3,,,,,,,,,,,,,,,2.4,,,,False,湖北省恩施自治州红庙农科所,383,Other/Unspecified,Single/Mid,Three-line hybrid,Public,1,,,False,False,False
380,连嘉粳1号（原名：连9805）,国审稻2003073,2003.0,国审,,False,False,False,粳,,,,,豫粳6号,569.0,3.4,154.3,,107.2,22.0,,150.5,85.1,25.4,,,,,,,,,,70.4,1.6,,16.5,88.0,,,,,False,连云港市农业技术推广中心,333,Other/Unspecified,Unspecified,Inbred/Other,Public,1,,,False,False,False
497,皖稻54,国审稻2003074,2003.0,国审,,False,False,False,粳,,,,,豫粳6号,525.3,4.6,156.2,,105.6,,,173.2,77.2,26.1,,,,,,,,,,68.2,2.5,,16.7,79.0,,,,,False,安徽省阜阳市农科所,363,Other/Unspecified,Unspecified,Inbred/Other,Public,1,,,False,False,False
554,两优培粳（原名：两优协粳）,国审稻2003075,2003.0,国审,,True,False,True,粳,,,,,中作93,604.8,,164.2,,118.4,,,173.6,83.6,24.2,,,,,,,,,,67.4,,,20.7,77.0,,,,,False,河南省信阳市农科所,356,Other/Unspecified,Unspecified,Two-line hybrid,Public,1,,,False,False,False
646,津优2003,国审稻2003076,2003.0,国审,,True,True,False,粳,,,,,中作93,548.0,,178.7,,118.8,22.9,,207.9,63.5,25.8,,,,,,,,,,62.3,6.2,,16.9,85.0,,,,,False,天津市水稻研究所,372,Other/Unspecified,Unspecified,Three-line hybrid,Public,1,,,False,False,False
578,津优29,国审稻2003077,2003.0,国审,,True,True,False,粳,,,,,中作93,540.9,,170.9,,106.3,,,162.6,88.1,24.6,,,,,,,,,,69.6,4.1,,16.5,82.0,,,,,False,天津市水稻研究所,350,Other/Unspecified,Unspecified,Three-line hybrid,Public,1,,,False,False,False
782,津原45,国审稻2003078,2003.0,国审,,False,False,False,粳,,,,,中作93,502.0,,178.8,,115.4,,,132.6,84.7,24.75,,,,,,,,,,71.6,1.1,,16.6,91.0,,,,,False,天津市原种场,323,Other/Unspecified,Unspecified,Inbred/Other,Unknown,1,,,False,False,False
533,辽粳371,国审稻2003079,2003.0,国审,,False,False,False,粳,,,,,秋光,584.3,10.1,,,100.0,,,80.5,82.4,26.2,,,,,,,,,,69.6,0.2,,16.7,88.0,,,,,False,辽宁省稻作研究所,335,Other/Unspecified,Unspecified,Inbred/Other,Public,1,,,False,False,False
854,吉粳78号（原名：吉丰10号）,国审稻2003080,2003.0,国审,,False,False,False,粳,,,,,吉玉粳,624.5,8.8,147.6,,99.7,,,98.0,92.6,26.0,,,,,,,,,,61.7,5.0,,17.2,82.0,,,,,False,吉林省农科院水稻研究所,352,Other/Unspecified,Unspecified,Inbred/Other,Public,1,,,False,False,False
835,九稻41号（原名：九9934）,国审稻2003081,2003.0,国审,,False,False,False,粳,,,,,吉玉粳,601.2,4.7,149.9,,106.8,,,98.5,90.7,28.7,,,,,,,,,,65.5,2.2,,17.0,87.0,,,,,False,吉林省吉林市农业科学院,341,Other/Unspecified,Unspecified,Inbred/Other,Public,1,,,False,False,False
508,辽优14（原名：辽优3015）,国审稻2003082,2003.0,国审,,True,True,False,粳,,黄淮麦茬稻区中晚熟组,,,郑州早粳,448.0,32.6,117.0,,87.0,,16.4,109.3,71.6,25.5,,,,,,,,,,,,,,77.0,1.9,,,,False,辽宁省稻作研究所,355,North/Huanghuai,Single/Mid,Three-line hybrid,Public,1,,,False,False,False
654,夏旱51,国审稻2003083,2003.0,国审,,False,False,False,粳,,黄淮海麦茬稻区早熟组,,,秦爱,336.6,20.0,,,86.8,,15.1,88.4,86.7,24.7,,,,,,,,,,,,,,71.0,1.6,,,,False,河北大学，河北省农林科学院旱作农业研究所,359,North/Huanghuai,Single/Mid,Inbred/Other,Public,2,,,False,False,False
431,旱稻65,国审稻2003084,2003.0,国审,,False,False,False,粳,,国家北方旱稻早熟组,,,秦爱,,11.1,,2.9,96.5,23.3,17.8,,,25.6,,,,,,,,,,19.1,2.2,,15.0,80.0,,,,,False,中国农业大学农学与生物技术学院,338,North/Huanghuai,Unspecified,Inbred/Other,Public,1,,,False,False,False
485,旱稻9号,国审稻2003085,2003.0,国审,,False,False,False,粳,,北方旱稻中晚熟组,,,旱72,293.7,,,4.7,98.1,,19.7,94.0,80.2,25.4,,,,,,,,,,50.5,9.5,,13.8,83.0,,,,,False,中国农业大学农学与生物技术学院,349,North/Huanghuai,Single/Mid,Inbred/Other,Public,1,,,False,False,False
446,辽粳27（原名：中选1号）,国审稻2003086,2003.0,国审,,False,False,False,粳,,国家北方旱稻早熟组,,,秦爱,,31.34,,5.5,89.8,,16.2,77.7,81.2,24.3,,,,,,,,,,58.4,,,1.3,100.0,,,,,False,辽宁省稻作研究所,333,North/Huanghuai,Unspecified,Inbred/Other,Public,1,,,False,False,False
534,辽旱109,国审稻2003087,2003.0,国审,,False,False,False,粳,,北方旱稻中晚熟组,,,旱72,309.1,9.62,,7.5,86.7,,14.0,103.0,81.8,23.8,,,,,,,,,,40.3,11.4,,16.3,86.0,,,,,False,盘锦北方农业技术开发有限公司,345,North/Huanghuai,Single/Mid,Inbred/Other,Enterprise,1,,,False,False,False
366,旱丰8号（原名：沈农99-8）,国审稻2003088,2003.0,国审,,False,False,False,粳,,北方旱稻中晚熟组,,,旱72,336.5,19.34,,0.4,82.0,,17.5,96.4,80.2,22.6,,,,,,,,,,61.9,1.1,11.0,14.8,70.0,1.9,,,,False,沈阳农业大学,352,North/Huanghuai,Single/Mid,Inbred/Other,Public,1,,,False,False,False
1095,秋优998,国审稻2004001,2004.0,国审,,True,True,False,籼,晚籼,华南晚籼组,469.85,-0.14,博优998,485.7,1.6,119.3,,106.6,20.2,22.8,137.1,85.6,20.9,,,,,5.0,,7.0,,,60.0,2.7,,22.2,74.0,3.0,,,,False,广东省农业科学院水稻研究所,413,South China,Late,Three-line hybrid,Public,1,,,False,False,False
1397,株两优02,国审稻2004002,2004.0,国审,,True,False,True,籼,早稻,长江中下游早籼迟熟组,476.67,4.13,金优402,540.94,4.5,113.6,,94.6,22.4,20.0,102.3,85.7,25.8,,,,,5.0,,,,,34.6,20.5,,19.8,42.0,3.1,,,,False,湖南省株洲市农业科学研究所，湖南亚华种业科学研究院,409,Middle-Lower Yangtze,Early,Two-line hybrid,Joint,2,,,False,False,False
1563,T优8086,国审稻2004003,2004.0,国审,,True,True,False,籼,中稻,长江上游中籼迟熟高产组,528.65,3.3,汕优63,605.09,4.26,148.4,,107.7,17.2,24.3,154.0,85.2,27.7,,,,,7.0,,3.0,,,63.1,7.1,,22.1,45.0,2.5,,,,False,福建农林大学作物科学院,392,Upper Yangtze,Single/Mid,Three-line hybrid,Public,1,,,False,False,False
1246,II优602,国审稻2004004,2004.0,国审,,True,True,False,籼,中稻,长江上游中籼迟熟高产组,590.77,4.74,汕优63,613.89,6.42,155.7,,110.6,16.3,24.6,150.5,82.4,29.7,,,,,7.0,,5.0,,,61.0,8.1,,21.8,45.0,2.3,,,,False,四川省农业科学院水稻高粱研究所,402,Upper Yangtze,Single/Mid,Three-line hybrid,Public,1,,,False,False,False
1314,绵2优838,国审稻2004005,2004.0,国审,,True,True,False,籼,中稻,长江上游中籼迟熟高产组,588.87,4.99,汕优63,663.62,11.18,150.4,,110.7,15.9,25.2,163.0,81.8,28.9,,,,,7.0,,7.0,,,60.1,12.9,,21.7,58.0,2.7,,,,False,四川省绵阳市农业科学研究所,420,Upper Yangtze,Single/Mid,Three-line hybrid,Public,1,,,False,False,False
1421,金优18,国审稻2004006,2004.0,国审,,True,True,False,籼,中稻,长江上游中籼迟熟高产组,581.33,3.65,汕优63,653.67,12.5,152.4,,112.4,16.8,25.3,165.9,76.3,29.3,,,,,5.0,,5.0,,,60.0,6.4,,26.2,69.0,3.1,,,,False,贵州省仁怀市种子公司，贵州省遵义市种子公司,396,Upper Yangtze,Single/Mid,Three-line hybrid,Enterprise,2,,,False,False,False
1793,红优527,国审稻2004007,2004.0,国审,,True,True,False,籼,中稻,长江上游中籼迟熟高产组,594.93,6.07,汕优63,621.45,7.47,153.0,,114.1,16.2,25.8,152.4,79.2,32.7,,,,,7.0,,9.0,,,53.7,5.3,,22.4,70.0,2.9,,,,False,西南科技大学水稻研究所，四川农业大学水稻研究所,401,Upper Yangtze,Single/Mid,Three-line hybrid,Public,2,,,False,False,False
1660,协优527,国审稻2004008,2004.0,国审,,True,True,False,籼,中稻,长江上游中籼迟熟高产组,595.19,6.12,汕优63,652.0,12.31,153.2,,111.2,17.0,24.6,139.2,82.7,32.3,,,,,,,9.0,,,60.9,6.8,,21.9,74.0,3.1,,,,False,四川农业大学水稻研究所,405,Upper Yangtze,Single/Mid,Three-line hybrid,Public,1,,,False,False,False
1001,D优363,国审稻2004009,2004.0,国审,,True,True,False,籼,中稻,长江上游中籼迟熟高产组,580.45,3.49,汕优63,645.14,6.53,154.6,,110.8,16.7,25.0,167.8,78.7,27.3,,,,,7.0,,9.0,,,64.8,7.7,,21.8,62.0,2.8,,,,False,四川农业大学水稻研究所，成都市种子总公司,419,Upper Yangtze,Single/Mid,Three-line hybrid,Joint,2,,,False,False,False
1611,内香优3号,国审稻2004010,2004.0,国审,,True,True,False,籼,中稻,长江上游中籼迟熟优质组,580.19,3.63,汕优63,579.95,5.97,150.3,,114.2,17.4,25.2,145.6,78.2,30.1,,,,,5.0,,7.0,,,52.1,4.1,,16.0,63.0,3.1,,,,False,四川省内江杂交水稻科技开发中心,439,Upper Yangtze,Single/Mid,Three-line hybrid,Unknown,1,,,False,False,False
1539,II优香13号（原名：内香优13号）,国审稻2004011,2004.0,国审,,True,True,False,籼,中稻,长江上游中籼迟熟高产组,562.49,0.29,汕优63,598.35,0.94,156.8,,116.4,16.0,25.6,161.6,81.8,27.9,,,,,7.0,,7.0,,,66.5,3.3,,21.9,60.0,2.3,,,,False,四川省内江杂交水稻科技开发中心,428,Upper Yangtze,Single/Mid,Three-line hybrid,Unknown,1,,,False,False,False
1227,金优527,国审稻2004012,2004.0,国审,,True,True,False,籼,中稻,长江上游中籼迟熟优质组,609.02,8.78,汕优63,579.0,5.63,151.2,,111.5,16.5,25.7,161.7,80.9,29.5,,,,,5.0,,7.0,,,58.9,2.9,,23.3,62.0,3.2,,,,False,四川农业大学水稻研究所，四川农大高科农业有限责任公司,409,Upper Yangtze,Single/Mid,Three-line hybrid,Joint,2,,,False,False,False
1178,宜香3003,国审稻2004013,2004.0,国审,,True,True,False,籼,中稻,长江上游中籼迟熟优质组,592.53,5.84,汕优63,557.38,1.57,153.1,,115.3,18.0,26.2,142.6,78.4,29.9,,,,,5.0,,9.0,,,61.5,3.2,,16.0,80.0,3.0,,,,False,四川省宜宾市农业科学研究所,431,Upper Yangtze,Single/Mid,Three-line hybrid,Public,1,,,False,False,False
1407,中优7号,国审稻2004014,2004.0,国审,,True,True,False,籼,中稻,长江上游中籼迟熟优质组,586.23,4.71,汕优63,593.72,8.49,151.8,,113.2,17.6,25.2,166.8,80.6,26.0,,,,,5.0,,9.0,,,57.4,0.9,,22.0,55.0,3.1,,,,False,四川省江油市川江水稻研究所、川丰种业育种中心、中国水稻研究所,395,Upper Yangtze,Single/Mid,Three-line hybrid,Joint,3,,,False,False,False
1933,D优128,国审稻2004015,2004.0,国审,,True,True,False,籼,中稻,长江上游中籼迟熟优质组,582.3,4.01,汕优63,551.89,0.34,155.0,,111.5,17.7,23.6,174.3,78.9,24.5,,,,,5.0,,9.0,,,64.1,2.0,,26.2,52.0,2.8,,,,False,四川农业大学水稻研究所,402,Upper Yangtze,Single/Mid,Three-line hybrid,Public,1,,,False,False,False
1850,B优811（原名：B优8311）,国审稻2004016,2004.0,国审,,True,True,False,籼,中稻,长江上游中籼迟熟优质组,583.84,4.28,汕优63,559.87,2.86,152.0,,114.3,16.5,25.2,169.2,85.0,26.0,,,,,7.0,,7.0,,,62.3,3.4,,24.4,51.0,3.1,,,,False,西南科技大学水稻研究所、重庆市涪陵区农科所,404,Upper Yangtze,Single/Mid,Three-line hybrid,Public,2,,,False,False,False
1373,Q优2号（原名：庆优2号）,国审稻2004017,2004.0,国审,,True,True,False,籼,中稻,长江上游中籼迟熟优质组,559.99,0.02,汕优63,593.44,8.74,154.1,,108.5,17.6,23.7,171.8,76.6,24.9,,,,,5.0,,9.0,,,65.8,1.5,,15.8,63.0,3.0,,,,False,重庆市种子公司,396,Upper Yangtze,Single/Mid,Three-line hybrid,Enterprise,1,,,False,False,False
1362,明优98（原名：五优1号）,国审稻2004018,2004.0,国审,,True,True,False,籼,中稻,长江中下游中籼迟熟高产组,597.29,3.07,汕优63,509.84,8.04,133.8,,117.6,17.1,24.0,159.5,85.6,27.1,,,,,5.0,,9.0,,,60.5,21.6,,20.9,48.0,2.5,,,,False,合肥新隆水稻研究所,414,Middle-Lower Yangtze,Single/Mid,Three-line hybrid,Public,1,,,False,False,False
865,II优7954,国审稻2004019,2004.0,国审,,True,True,False,籼,中稻,长江中下游中籼迟熟高产组,567.75,9.01,汕优63,514.89,9.11,136.3,,118.9,15.7,23.9,174.1,78.3,27.3,,,,,5.0,,9.0,,,64.9,9.3,,25.2,47.0,2.3,,,,False,浙江省农业科学院作物与核技术利用研究所,418,Middle-Lower Yangtze,Single/Mid,Three-line hybrid,Public,1,,,False,False,False
1506,协优5968,国审稻2004020,2004.0,国审,,True,True,False,籼,中稻,长江中下游中籼迟熟高产组,561.11,7.73,汕优63,497.45,5.45,138.1,,117.5,17.9,22.3,142.7,79.6,29.0,,,,,3.0,,9.0,,,60.9,11.4,,20.6,68.0,2.6,,,,False,浙江省台州市农业科学研究院、浙江省杂交水稻种业有限公司,415,Middle-Lower Yangtze,Single/Mid,Three-line hybrid,Enterprise,2,,,False,False,False
1401,宜香2292,国审稻2004021,2004.0,国审,,True,True,False,籼,中稻,长江中下游中籼迟熟高产组,535.35,2.79,汕优63,575.83,0.84,136.3,,120.7,17.6,26.1,138.2,76.2,29.9,,,,,5.0,,5.0,,,47.7,2.7,,15.5,73.0,3.2,,,,False,四川省宜宾市农业科学研究所,411,Middle-Lower Yangtze,Single/Mid,Three-line hybrid,Public,1,,,False,False,False
1187,丰优559,国审稻2004022,2004.0,国审,,True,True,False,籼,中稻,长江中下游中籼迟熟优质组,573.89,-0.6,汕优63,537.4,3.25,137.1,,120.2,18.3,24.0,158.1,83.4,25.1,,,,,5.0,,9.0,,,54.2,3.5,,15.2,86.0,2.8,,,,False,江苏省沿海地区农科所，广东省农科院水稻研究所,403,Middle-Lower Yangtze,Single/Mid,Three-line hybrid,Public,2,,,False,False,False
1294,协优80,国审稻2004023,2004.0,国审,,True,True,False,籼,双季,长江中下游晚籼早熟高产组,483.4,3.88,汕优64,471.06,0.76,115.1,,92.7,19.9,21.4,108.0,85.6,28.0,,,,,3.0,,7.0,,,56.2,8.2,,21.6,48.5,3.1,,,,False,江西省宜黄县种子公司,413,Middle-Lower Yangtze,Late,Three-line hybrid,Enterprise,1,,,False,False,False
294,丰优9号（原名：丰源A/9号）,国审稻2004024,2004.0,国审,,True,True,False,籼,双季,长江中下游晚籼早熟高产组,499.95,7.53,汕优64,471.23,7.96,113.4,,91.0,20.8,20.9,112.1,83.9,28.0,,,,,5.0,,9.0,,,65.7,3.6,,20.6,42.0,3.1,,,,False,湖南杂交水稻研究中心,409,Middle-Lower Yangtze,Late,Three-line hybrid,Public,1,,,False,False,False
1438,金优448,国审稻2004025,2004.0,国审,,True,True,False,籼,双季,长江中下游晚籼早熟高产组,475.59,2.29,汕优64,472.84,8.33,111.9,,88.4,20.4,23.2,110.4,83.4,28.0,,,,,7.0,,9.0,,,58.1,4.0,,22.0,45.0,3.3,,,,False,四川省农业科学院作物所,421,Middle-Lower Yangtze,Late,Three-line hybrid,Public,1,,,False,False,False
1408,中9优288,国审稻2004026,2004.0,国审,,True,True,False,籼,双季,长江中下游晚籼早熟优质组,491.14,8.06,汕优64,451.27,3.39,115.5,,103.4,20.2,23.8,131.1,80.0,25.4,,,,,5.0,,7.0,,,55.2,7.2,,22.3,70.0,3.2,,,,False,中国水稻研究所，广东农作物杂种优势开发利用中心,406,Middle-Lower Yangtze,Late,Three-line hybrid,Public,2,,,False,False,False
651,湘晚籼12号（原名：9724）,国审稻2004027,2004.0,国审,,False,False,False,籼,双季,长江中下游晚籼早熟优质组,478.93,5.39,汕优64,477.32,9.36,115.4,,98.5,24.5,22.2,97.3,85.9,25.3,,,,,3.0,,9.0,,,53.4,0.4,,15.3,58.0,3.6,,,,False,湖南省水稻研究所,411,Middle-Lower Yangtze,Late,Inbred/Other,Public,1,,,False,False,False
1339,岳优华4,国审稻2004028,2004.0,国审,,True,True,False,籼,双季,长江中下游晚籼早熟优质组,456.89,0.36,汕优64,444.04,1.73,109.1,,85.4,22.7,22.4,100.2,82.5,27.3,,,,,9.0,,9.0,,,52.2,1.3,,15.9,69.0,3.3,,,,False,湖南亚华种业科学研究院,409,Middle-Lower Yangtze,Late,Three-line hybrid,Enterprise,1,,,False,False,False
1567,丰优416,国审稻2004029,2004.0,国审,,True,True,False,籼,双季,长江中下游晚籼中迟熟高产组,484.46,4.38,汕优46,462.27,2.15,122.9,,96.6,19.4,22.5,112.9,83.5,28.2,,,,,9.0,,7.0,,,63.0,10.9,,21.5,47.5,2.7,,,,False,湖南隆平高科农平种业有限公司,402,Middle-Lower Yangtze,Late,Three-line hybrid,Enterprise,1,,,False,False,False
1507,丰优191（原名：丰源A/191）,国审稻2004030,2004.0,国审,,True,True,False,籼,双季,长江中下游晚籼中迟熟优质组,482.35,5.59,汕优46,465.82,1.39,121.7,,97.0,18.2,23.3,124.2,82.1,30.0,,,,,5.0,,9.0,,,53.1,11.7,,21.5,47.0,2.9,,,,False,湖南杂交水稻研究中心,415,Middle-Lower Yangtze,Late,Three-line hybrid,Public,1,,,False,False,False
1559,三香优714（原名：316A/y0714）,国审稻2004031,2004.0,国审,,True,True,False,籼,双季,长江中下游晚籼中迟熟优质组,474.33,3.77,汕优46,464.65,1.64,123.9,,111.1,18.1,24.7,123.4,76.0,30.1,,,,,7.0,,9.0,,,63.0,10.9,,21.5,47.5,2.7,,,,False,湖南省衡阳市农业科学研究所,416,Middle-Lower Yangtze,Late,Three-line hybrid,Public,1,,,False,False,False
1105,国稻1号（原名：中优6号）,国审稻2004032,2004.0,国审,,True,True,False,籼,双季,长江中下游晚籼中迟熟优质组,458.22,1.43,汕优46,433.6,1.76,120.6,,107.8,17.8,25.6,142.0,73.5,27.9,,,,,7.0,,9.0,,,55.9,3.4,,21.2,64.0,3.4,,,,False,中国水稻研究所,408,Middle-Lower Yangtze,Late,Three-line hybrid,Public,1,,,False,False,False
1053,中优218（原名：国丰2号）,国审稻2004033,2004.0,国审,,True,True,False,籼,双季,长江中下游晚籼中迟熟优质组,462.79,2.38,汕优46,465.35,10.03,118.1,,108.5,17.3,25.5,128.1,79.0,30.0,,,,,3.0,,9.0,,,52.4,6.4,,22.0,67.0,3.1,,,,False,中国水稻研究所，合肥丰乐种业股份有限公司,418,Middle-Lower Yangtze,Late,Three-line hybrid,Joint,2,,,False,False,False
1466,T优6135,国审稻2004034,2004.0,国审,,True,True,False,籼,双季,长江中下游晚籼中迟熟优质组,478.33,1.19,汕优46,451.6,1.31,121.3,,108.1,16.9,24.7,165.9,73.8,25.0,,,,,7.0,,9.0,,,59.9,2.3,,21.6,67.0,3.2,,,,False,湖南隆平高科农平种业有限公司,409,Middle-Lower Yangtze,Late,Three-line hybrid,Enterprise,1,,,False,False,False
1560,培两优210（原名：培矮64S/合6）,国审稻2004035,2004.0,国审,,True,False,True,籼,双季,长江中下游晚籼中迟熟优质组,454.25,0.52,汕优46,435.98,3.04,118.3,,106.9,19.4,22.7,133.9,73.2,26.1,,,,,5.0,,9.0,,,57.6,3.5,,21.5,87.0,3.0,,,,False,湖南省水稻研究所,420,Middle-Lower Yangtze,Late,Two-line hybrid,Public,1,,,False,False,False
915,岳优9113,国审稻2004036,2004.0,国审,,True,True,False,籼,双季,长江中下游晚籼中迟熟优质组,470.56,3.94,汕优46,459.91,8.69,113.5,,92.7,22.6,22.7,107.8,80.3,25.5,,,,,5.0,,9.0,,,50.3,3.8,,21.8,59.0,3.4,,,,False,湖南省岳阳市农科所,414,Middle-Lower Yangtze,Late,Three-line hybrid,Public,1,,,False,False,False
347,绍糯9714,国审稻2004037,2004.0,国审,,False,False,False,粳,单季,长江中下游单季晚粳组,540.42,-3.67,秀水63,524.47,2.52,147.7,,96.0,19.7,19.4,113.0,90.1,27.7,,,,,3.0,,9.0,,,71.4,,,1.8,100.0,1.7,,,,False,浙江省绍兴市农业科学研究所,410,Middle-Lower Yangtze,Late,Inbred/Other,Public,1,,,False,False,False
593,八优8号,国审稻2004038,2004.0,国审,,True,True,False,粳,单季,长江中下游单季晚粳组,573.5,2.23,秀水63,568.21,5.62,149.4,,112.2,20.3,18.2,139.5,81.8,26.0,,,,,5.0,,9.0,,,70.2,5.2,,19.5,59.5,1.8,,,,False,浙江省农业科学院作物与核技术研究所,425,Middle-Lower Yangtze,Late,Three-line hybrid,Public,1,,,False,False,False
698,甬优4号,国审稻2004039,2004.0,国审,,True,True,False,粳,单季,长江中下游单季晚粳组,615.67,11.92,秀水63,561.13,4.3,151.2,,123.7,18.4,22.5,166.0,84.4,25.9,,,,,3.0,,9.0,,,68.1,3.1,,15.3,80.0,2.2,,,,False,浙江省宁波市农科院作物所，浙江省宁波市种子公司,411,Middle-Lower Yangtze,Late,Three-line hybrid,Joint,2,,,False,False,False
1450,福优98（原名：清江2号）,国审稻2004040,2004.0,国审,,True,True,False,籼,中籼,,565.48,,汕优63,569.0,,151.0,,111.0,,,,85.0,29.0,,,,,,,,,,57.8,7.7,,22.0,46.0,2.7,,,,False,湖北清江种业有限责任公司，福建省农科院稻麦所,375,Other/Unspecified,Single/Mid,Three-line hybrid,Joint,2,,,False,False,False
441,69优8号,国审稻2004041,2004.0,国审,,True,True,False,粳,,北方稻区豫粳6号组,634.4,3.9,豫粳6号,528.4,11.5,158.3,,109.4,,,175.5,77.6,27.3,,,,,,,,,,66.1,4.8,,15.6,92.0,,,,,False,江苏省徐淮地区徐州农科所,322,North/Huanghuai,Unspecified,Three-line hybrid,Public,1,,,False,False,False
653,10优18（原名：津优9603）,国审稻2004042,2004.0,国审,,True,True,False,粳,,北方稻区豫粳6号组,636.4,4.2,豫粳6号,528.4,9.1,154.0,,117.7,,,182.1,76.8,25.8,,,,,,,,,,69.0,5.3,,15.8,93.0,,,,,False,天津市水稻研究所,317,North/Huanghuai,Unspecified,Three-line hybrid,Public,1,,,False,False,False
486,津稻1007（原名：津优9702）,国审稻2004043,2004.0,国审,,False,False,False,粳,,北方稻区豫粳6号组,539.0,1.1,豫粳6号,518.0,9.3,156.6,,99.0,,,142.6,84.5,23.7,,,,,,,,,,67.3,0.2,,17.2,85.0,,,,,False,天津市水稻研究所,315,North/Huanghuai,Unspecified,Inbred/Other,Public,1,,,False,False,False
718,明悦（原名：津原47）,国审稻2004044,2004.0,国审,,False,False,False,粳,,北方稻区中作93组,591.9,9.4,中作93,568.9,5.4,176.9,,97.2,,,112.5,84.5,26.8,,,,,,,,,,69.1,2.2,,16.7,85.0,,,,,False,天津市原种场,328,North/Huanghuai,Unspecified,Inbred/Other,Unknown,1,,,False,False,False
769,中花17号（原名：94-1017）,国审稻2004045,2004.0,国审,,False,False,False,粳,,,546.0,0.9,中作93,519.4,3.7,173.8,,104.7,,,120.1,89.0,24.1,,,,,,,,,,72.2,0.9,,15.4,78.0,,,,,False,中国农科院作物所,321,Other/Unspecified,Unspecified,Inbred/Other,Public,1,,,False,False,False
471,辽优1518（原名：151A/C418）,国审稻2004046,2004.0,国审,,True,True,False,粳,,北方稻区金珠1号组,690.9,11.1,金珠1号,592.0,0.4,155.2,,106.2,,,143.2,84.6,26.9,,,,,,,,,,66.9,16.9,,16.3,82.0,,,,,False,辽宁省稻作研究所,328,North/Huanghuai,Unspecified,Three-line hybrid,Public,1,,,False,False,False
770,京优14,国审稻2004047,2004.0,国审,,True,True,False,粳,,北方稻区金珠1号组,714.6,15.1,金珠1号,635.0,7.7,154.6,,103.5,,,116.4,88.3,26.8,,,,,,,,,,65.7,3.8,,16.9,85.0,,,,,False,北京市农业生物技术研究中心,333,North/Huanghuai,Unspecified,Three-line hybrid,Public,1,,,False,False,False
766,中作9936,国审稻2004048,2004.0,国审,,False,False,False,粳,,北方稻区金珠1号组,597.1,-3.9,金珠1号,580.6,1.6,153.0,,109.3,,,111.9,86.0,25.9,,,,,,,,,,69.9,0.8,,16.0,73.0,,,,,False,中国农科院作物所,326,North/Huanghuai,Unspecified,Inbred/Other,Public,1,,,False,False,False
901,花育560,国审稻2004049,2004.0,国审,,False,False,False,粳,,北方稻区金珠1号组,654.0,5.3,金珠1号,560.5,5.0,160.1,,97.4,,,104.8,90.8,27.1,,,,,,,,,,69.4,1.7,,16.6,82.0,,,,,False,天津市水稻研究所,325,North/Huanghuai,Unspecified,Inbred/Other,Public,1,,,False,False,False
645,辽粳92-34,国审稻2004050,2004.0,国审,,False,False,False,粳,,北方稻区秋光组,665.2,-1.1,秋光,643.9,2.8,156.4,,88.5,,,108.7,88.1,21.9,,,,,,,,,,65.0,0.3,,15.7,73.0,,,,,False,辽宁省稻作研究所,314,North/Huanghuai,Unspecified,Inbred/Other,Public,1,,,False,False,False
1002,沈农7号（原名：沈农9457）,国审稻2004051,2004.0,国审,,False,False,False,粳,,北方稻区吉玉粳组,597.9,0.7,吉玉粳,542.7,0.8,152.3,,93.8,,,73.1,90.4,26.2,,,,,,,,,,68.4,1.2,,16.3,85.0,,,,,False,沈阳农业大学,326,North/Huanghuai,Unspecified,Inbred/Other,Public,1,,,False,False,False
374,中旱209,国审稻2004052,2004.0,国审,,False,False,False,籼,中稻,,292.96,18.99,巴西陆稻“IAPAR9”,277.6,,111.7,,94.2,21.0,20.4,87.4,73.6,26.0,,,,,9.0,,,,,59.4,1.7,,23.9,40.5,3.3,,,,False,中国水稻研究所,456,Other/Unspecified,Single/Mid,Inbred/Other,Public,1,,,False,False,False
313,沪旱3号,国审稻2004053,2004.0,国审,,False,False,False,粳,中稻,长江中下游组,265.59,8.83,巴西陆稻“IAPAR9”,199.11,,113.8,,99.3,17.9,19.4,101.6,71.0,26.2,,,,,9.0,,,,,60.3,15.8,,16.3,84.5,2.0,,,,False,上海市农业生物基因中心,437,Middle-Lower Yangtze,Single/Mid,Inbred/Other,Unknown,1,,,False,False,False
442,井冈旱稻1号（原名：1587）,国审稻2004054,2004.0,国审,,False,False,False,籼,中稻,,326.62,33.84,巴西陆稻“IAPAR9”,235.16,,95.4,,92.9,17.8,21.8,128.4,77.8,24.3,,,,,9.0,,,,,58.0,1.7,,15.2,76.5,3.3,,,,False,江西省农科院水稻所,443,Other/Unspecified,Single/Mid,Inbred/Other,Public,1,,,False,False,False
547,皖旱优1号（原名：N422S/R8272）,国审稻2004055,2004.0,国审,,True,False,True,粳,,黄淮海麦茬稻区中晚熟组,,,郑州早粳,345.0,,,,91.5,,19.3,110.1,68.8,24.1,,,,,,,,,,,,,,72.0,2.2,,,,False,安徽省农业科学院水稻研究所，中国农业大学农学与生物技术学院,374,North/Huanghuai,Single/Mid,Two-line hybrid,Public,2,,,False,False,False
475,丹旱糯3号（原名：旱糯3号）,国审稻2004056,2004.0,国审,,False,False,False,粳,,黄淮海麦茬稻区中晚熟组,,,郑州早粳,300.4,,,,94.8,,19.4,101.2,82.2,24.5,,,,,,,,,,,,,,100.0,1.8,,,,False,辽宁省丹东农业科学院,325,North/Huanghuai,Single/Mid,Inbred/Other,Public,1,,,False,False,False
630,辽优16（原名：辽优3072）,国审稻2004057,2004.0,国审,,True,True,False,粳,,黄淮海麦茬稻区中晚熟组,,,郑州早粳,311.6,,,,89.7,,15.7,97.1,74.9,24.6,,,,,,,,,,,,,,85.0,1.8,,,,False,辽宁省稻作研究所,359,North/Huanghuai,Single/Mid,Three-line hybrid,Public,1,,,False,False,False
744,天井4号（原名：丰优109）,国审稻2004058,2004.0,国审,,False,False,False,粳,,,298.1,22.06,秦爱,,,,,71.25,,14.18,,86.89,22.0,,,,,,,,,,70.2,0.3,,16.5,83.0,,,,,False,吉林省农业科学院水稻研究所,372,Other/Unspecified,Unspecified,Inbred/Other,Public,1,,,False,False,False
726,天井5号（原名：特优１３）,国审稻2004059,2004.0,国审,,False,False,False,粳,,,294.0,20.3,秦爱,,,,,74.85,,14.38,,83.43,23.2,,,,,,,,,,73.7,0.0,,17.0,83.0,,,,,False,吉林省农业科学院水稻研究所,361,Other/Unspecified,Unspecified,Inbred/Other,Public,1,,,False,False,False
771,丹旱稻2号（原名：K150）,国审稻2004060,2004.0,国审,,False,False,False,粳,,,,7.53,旱72,409.3,,,10.0,78.51,,13.72,,84.96,21.9,,,,,,,,,,71.4,7.9,,14.36,87.0,,,,,False,辽宁省丹东农业科学院,387,Other/Unspecified,Unspecified,Inbred/Other,Public,1,,,False,False,False
556,中作59,国审稻2004061,2004.0,国审,,False,False,False,粳,,,348.77,15.06,旱72,373.7,,150.0,,72.99,,17.35,,85.8,24.96,,,,,,,,,,79.5,4.5,,15.23,98.0,,,,,False,中国农业科学院作物所,369,Other/Unspecified,Unspecified,Inbred/Other,Public,1,,,False,False,False
1136,特优009,国审稻2005001,2005.0,国审,,True,True,False,籼,早稻,华南早籼高产组,522.69,5.59,汕优63,513.36,0.12,125.0,,117.6,17.3,24.1,135.2,82.2,29.6,,,,,7.0,,,,,43.7,29.7,96.0,21.3,44.0,2.6,,,,False,福建省南平市农业科学研究所,398,South China,Early,Three-line hybrid,Public,1,,,False,False,False
844,培杂泰丰,国审稻2005002,2005.0,国审,,True,False,True,籼,早稻,华南早籼优质组,531.97,3.29,粤香占,509.47,3.05,125.8,,107.7,18.4,23.3,176.0,80.1,21.2,,,,,9.0,,,,,64.1,7.6,26.0,21.4,75.0,3.4,,,,False,华南农业大学,396,South China,Early,Two-line hybrid,Public,1,,,False,False,False
518,鄂早18（区试代号：20257）,国审稻2005003,2005.0,国审,,False,False,False,籼,早稻,长江中下游早籼早中熟组,474.41,4.49,浙733,422.69,6.94,113.6,,91.6,23.2,20.4,108.6,79.5,24.9,,,,,1.0,,,,,45.6,6.5,23.0,15.4,75.0,3.4,,,,False,湖北省黄冈市农业科学研究所，湖北省种子集团公司,414,Middle-Lower Yangtze,Early,Inbred/Other,Joint,2,,,False,False,False
494,湘早143（区试代号：早优143）,国审稻2005004,2005.0,国审,,False,False,False,籼,早稻,长江中下游早籼早中熟组,432.06,-4.87,浙733,361.58,8.53,107.4,,75.6,25.4,17.9,87.2,81.0,26.4,,,,,7.0,,,,,56.5,2.8,15.0,13.9,73.0,3.3,,,,False,湖南省水稻研究所，湖南金健种业有限责任公司,412,Middle-Lower Yangtze,Early,Inbred/Other,Joint,2,,,False,False,False
1130,株两优120,国审稻2005005,2005.0,国审,,True,False,True,籼,早稻,长江中下游早籼早中熟组,470.08,3.5,浙733,397.29,0.51,109.5,,85.4,23.3,18.8,105.5,75.0,26.9,,,,,,,,,,51.9,10.9,53.0,22.2,49.0,3.3,,,,False,湖南亚华种业科学研究院,411,Middle-Lower Yangtze,Early,Two-line hybrid,Enterprise,1,,,False,False,False
778,陆两优28,国审稻2005006,2005.0,国审,,True,False,True,籼,早稻,长江中下游早籼迟熟组,467.24,2.84,金优402,480.48,12.91,112.9,,94.5,21.6,19.7,108.9,83.3,25.5,,,,,3.0,,,,,41.3,21.4,75.0,20.9,59.0,3.2,,,,False,湖南亚华种业科学研究院,413,Middle-Lower Yangtze,Early,Two-line hybrid,Enterprise,1,,,False,False,False
817,特优航1号,国审稻2005007,2005.0,国审,,True,True,False,籼,中稻,长江上游中籼迟熟高产组,591.72,5.5,汕优63,573.28,10.19,150.5,,112.7,15.7,24.4,166.1,83.9,28.4,,,,,5.0,,9.0,,,63.5,16.2,83.0,20.7,62.0,2.4,,,,False,福建省农科院稻麦研究所,404,Upper Yangtze,Single/Mid,Three-line hybrid,Public,1,,,False,False,False
711,宜香9号（区试代号：宜香优9号）,国审稻2005008,2005.0,国审,,True,True,False,籼,中稻,长江上游中籼迟熟高产组,585.24,2.19,汕优63,543.8,3.09,157.2,,124.7,15.6,26.0,193.3,77.9,26.5,,,,,3.0,,7.0,,,67.8,4.3,19.0,21.1,67.0,2.6,,,,False,四川省宜宾市农业科学研究所,398,Upper Yangtze,Single/Mid,Three-line hybrid,Public,1,,,False,False,False
1271,协优336,国审稻2005009,2005.0,国审,,True,True,False,籼,中稻,长江上游中籼迟熟高产组,608.43,6.23,汕优63,549.31,3.98,154.9,,111.8,16.2,23.7,168.5,83.9,27.8,,,,,3.0,,9.0,,,63.1,10.2,65.0,23.5,79.0,2.7,,,,False,江苏里下河地区农业科学研究所,407,Upper Yangtze,Single/Mid,Three-line hybrid,Public,1,,,False,False,False
954,Ⅱ优363,国审稻2005010,2005.0,国审,,True,True,False,籼,中稻,长江上游中籼迟熟优质A组,600.86,4.22,汕优63,569.8,8.01,156.8,,109.3,16.4,24.2,170.9,83.3,26.8,,,,,3.0,,7.0,,,64.0,4.5,23.0,22.3,77.0,2.3,,,,False,四川农业大学水稻研究所，成都市种子总公司,412,Upper Yangtze,Single/Mid,Three-line hybrid,Joint,2,,,False,False,False
960,Q优5号（区试代号：庆优5号）,国审稻2005011,2005.0,国审,,True,True,False,籼,中稻,长江上游中籼迟熟优质A组,578.69,0.38,汕优63,557.16,6.92,154.2,,111.6,16.8,24.8,178.4,79.8,25.7,,,,,7.0,,9.0,,,66.4,2.7,15.0,15.8,63.0,2.9,,3.0,《优质稻谷》,False,重庆市种子公司,421,Upper Yangtze,Single/Mid,Three-line hybrid,Enterprise,1,0.0,,False,False,False
1184,中优85,国审稻2005012,2005.0,国审,,True,True,False,籼,中稻,中籼迟熟优质A组,616.48,6.93,汕优63,547.1,3.52,154.3,,117.0,16.0,26.5,174.7,81.0,28.7,,,,,1.0,,9.0,,,61.4,4.3,26.0,22.0,79.0,3.1,,3.0,《优质稻谷》,False,四川省种子公司，中国水稻研究所，四川省蒲江县种子公司,809,Other/Unspecified,Single/Mid,Three-line hybrid,Joint,3,0.0,,False,False,False
895,冈优363,国审稻2005013,2005.0,国审,,True,True,False,籼,中稻,长江上游中籼迟熟优质B组,610.91,6.79,汕优63,574.89,8.52,153.0,,109.0,15.7,24.8,180.0,82.4,27.3,,,,,7.0,,9.0,,,63.5,7.6,38.0,23.1,64.0,2.2,,,,False,四川农业大学水稻研究所，成都市种子总公司,413,Upper Yangtze,Single/Mid,Three-line hybrid,Joint,2,,,False,False,False
940,宜香10号（区试代号：宜香优10号）,国审稻2005014,2005.0,国审,,True,True,False,籼,中稻,长江上游中籼迟熟优质B组,583.69,2.02,汕优63,563.25,7.51,155.6,,119.2,16.0,25.6,179.6,74.3,28.9,,,,,3.0,,7.0,,,66.7,1.9,14.0,16.9,67.0,2.9,,2.0,《优质稻谷》,False,四川省宜宾市农业科学研究所,432,Upper Yangtze,Single/Mid,Three-line hybrid,Public,1,1.0,,False,False,False
1239,冈优827,国审稻2005015,2005.0,国审,,True,True,False,籼,中稻,长江上游中籼迟熟优质B组,601.5,5.16,汕优63,555.24,5.75,156.9,,117.9,15.5,26.0,178.0,80.0,28.9,,,,,5.0,,9.0,,,64.3,4.0,30.0,23.0,72.0,2.6,,,,False,四川农大高科农业有限责任公司，四川农业大学水稻研究所,420,Upper Yangtze,Single/Mid,Three-line hybrid,Joint,2,,,False,False,False
871,川香优6号,国审稻2005016,2005.0,国审,,True,True,False,籼,中稻,中籼迟熟优质B组,581.84,1.72,汕优63,535.12,3.33,158.8,,113.6,16.7,25.2,167.2,77.8,28.6,,,,,7.0,,9.0,,,65.9,4.0,25.0,21.8,78.0,2.7,,,,False,四川省农业科学院作物研究所，四川科瑞种业有限公司,790,Other/Unspecified,Single/Mid,Three-line hybrid,Joint,2,,,False,False,False
1323,内香2550（区试代号：内香2A/内恢5550）,国审稻2005017,2005.0,国审,,True,True,False,籼,中稻,长江上游中籼迟熟优质B组,580.39,1.45,汕优63,568.86,7.88,157.3,,111.7,16.3,25.8,160.6,75.4,31.9,,,,,3.0,,9.0,,,60.8,2.1,13.0,16.1,79.0,2.9,,2.0,《优质稻谷》,False,四川省内江杂交水稻科技开发中心,423,Upper Yangtze,Single/Mid,Three-line hybrid,Unknown,1,1.0,,False,False,False
1104,内香优18号（区试代号：内香2A/内恢99-14）,国审稻2005018,2005.0,国审,,True,True,False,籼,中稻,中籼迟熟优质B组,591.2,3.34,汕优63,551.77,4.86,157.2,,111.8,17.0,24.6,157.3,76.7,31.1,,,,,5.0,,9.0,,,52.7,3.2,18.0,15.7,76.0,2.9,,3.0,《优质稻谷》,False,四川德农正成种业有限责任公司,802,Other/Unspecified,Single/Mid,Three-line hybrid,Enterprise,1,0.0,,False,False,False
1073,内香优1号,国审稻2005019,2005.0,国审,,True,True,False,籼,中稻,长江上游中籼迟熟优质B组,571.74,-0.06,汕优63,518.14,0.3,153.9,,110.5,17.1,24.8,149.6,79.2,30.4,,,,,5.0,,9.0,,,59.0,3.8,25.0,15.0,75.0,3.0,,3.0,《优质稻谷》,False,四川省内江杂交水稻科技开发中心,415,Upper Yangtze,Single/Mid,Three-line hybrid,Unknown,1,0.0,,False,False,False
1600,D奇宝优527,国审稻2005020,2005.0,国审,,True,True,False,籼,中稻,长江中下游中籼迟熟高产组,546.53,4.93,汕优63,525.13,6.25,130.3,,113.5,16.8,24.2,143.2,83.2,29.7,,,,,7.0,,9.0,,,56.1,15.1,71.0,21.2,45.0,2.7,,,,False,福建东方种业有限公司，福建省种子总站，福建省尤溪县良种生化研究所,421,Middle-Lower Yangtze,Single/Mid,Three-line hybrid,Joint,3,,,False,False,False
912,协优9019,国审稻2005021,2005.0,国审,,True,True,False,籼,中稻,长江中下游中籼迟熟高产组,556.45,5.44,汕优63,544.79,10.75,131.8,,117.3,16.8,25.4,161.7,77.7,28.5,,,,,5.0,,9.0,,,58.6,11.0,67.0,21.7,68.0,3.1,,,,False,安徽省农科院水稻研究所,414,Middle-Lower Yangtze,Single/Mid,Three-line hybrid,Public,1,,,False,False,False
1091,Ⅱ优416,国审稻2005022,2005.0,国审,,True,True,False,籼,中稻,长江中下游中籼迟熟高产组,552.02,4.65,汕优63,517.67,6.56,134.5,,123.4,16.9,24.7,157.3,81.9,27.7,,,,,7.0,,9.0,,,68.5,7.3,40.0,22.1,66.0,2.5,,,,False,湖南隆平高科农平种业有限公司,419,Middle-Lower Yangtze,Single/Mid,Three-line hybrid,Enterprise,1,,,False,False,False
1226,Ⅱ优航1号,国审稻2005023,2005.0,国审,,True,True,False,籼,中稻,长江中下游中籼迟熟高产组,555.64,5.13,汕优63,563.28,14.47,135.8,,127.5,16.6,26.2,165.4,77.9,27.8,,,,,7.0,,9.0,,,64.7,12.4,52.0,21.3,70.0,2.5,,,,False,福建省农科院稻麦研究所,426,Middle-Lower Yangtze,Single/Mid,Three-line hybrid,Public,1,,,False,False,False
207,扬两优6号,国审稻2005024,2005.0,国审,,True,False,True,籼,中稻,长江中下游中籼迟熟优质A组,555.98,6.34,汕优63,555.72,13.73,134.1,,120.6,16.6,24.6,167.5,78.3,28.1,,,,,3.0,,5.0,,,58.0,1.9,14.0,14.7,65.0,3.0,,,,False,江苏里下河地区农业科学研究所,428,Middle-Lower Yangtze,Single/Mid,Two-line hybrid,Public,1,,,False,False,False
1004,红莲优6号（区试代号：红莲2号）,国审稻2005025,2005.0,国审,,True,True,False,籼,中稻,长江中下游中籼迟熟优质A组,542.14,3.69,汕优63,518.97,6.02,138.9,,121.0,17.1,22.7,171.1,75.1,26.9,,,,,5.0,,5.0,,,54.4,6.4,30.0,22.6,53.0,3.1,,,,False,武汉大学,413,Middle-Lower Yangtze,Single/Mid,Three-line hybrid,Public,1,,,False,False,False
964,准两优527,国审稻2005026,2005.0,国审,,True,False,True,籼,中稻,中籼迟熟优质A组,568.57,7.09,汕优63,538.27,9.29,134.3,,123.1,17.2,26.1,134.1,84.6,31.9,,,,,7.0,,9.0,,,52.7,4.4,27.0,21.0,77.0,3.4,,3.0,《优质稻谷》,False,湖南杂交水稻研究中心，四川农业大学水稻研究所,795,Other/Unspecified,Single/Mid,Two-line hybrid,Public,2,0.0,,False,False,False
1086,绿优1号,国审稻2005027,2005.0,国审,,True,True,False,籼,中稻,长江中下游中籼迟熟优质A组,553.58,4.28,汕优63,516.94,7.76,135.5,,123.5,17.8,23.7,174.2,77.6,26.0,,,,,5.0,,9.0,,,64.0,3.3,26.0,23.1,73.0,3.1,,3.0,《优质稻谷》,False,安徽省农科院绿色食品工程研究所,438,Middle-Lower Yangtze,Single/Mid,Three-line hybrid,Public,1,0.0,,False,False,False
1313,冈优825（区试代号：F3001）,国审稻2005028,2005.0,国审,,True,True,False,籼,中稻,长江中下游中籼迟熟优质B组,563.96,7.86,汕优63,509.56,4.86,135.5,,123.4,17.1,24.7,158.7,80.9,27.8,,,,,5.0,,5.0,,,64.2,20.1,74.0,23.2,64.0,2.1,,,,False,四川省嘉陵农作物品种研究中心,410,Middle-Lower Yangtze,Single/Mid,Three-line hybrid,Public,1,,,False,False,False
1358,Ⅱ优42,国审稻2005029,2005.0,国审,,True,True,False,籼,中稻,长江中下游中籼迟熟优质B组,559.43,7.04,汕优63,524.56,8.97,137.3,,124.3,16.5,24.5,169.5,78.4,27.8,,,,,5.0,,7.0,,,64.7,10.5,39.0,22.4,83.0,2.6,,,,False,江苏省丘陵地区镇江农业科学研究所,416,Middle-Lower Yangtze,Single/Mid,Three-line hybrid,Public,1,,,False,False,False
1299,富优1号（曾用名：Ⅱ优21）,国审稻2005030,2005.0,国审,,True,True,False,籼,中稻,中籼迟熟优质B组,576.19,10.26,汕优63,524.72,8.37,137.5,,122.4,17.7,24.8,150.4,84.1,27.2,,,,,7.0,,3.0,,,69.5,11.6,51.0,23.6,68.0,2.3,,,,False,西南农业大学,773,Other/Unspecified,Single/Mid,Three-line hybrid,Public,1,,,False,False,False
1147,金谷202,国审稻2005031,2005.0,国审,,True,True,False,籼,中稻,武陵山区中籼组,572.95,3.67,Ⅱ优58,535.69,4.98,146.1,,113.3,18.4,24.6,136.2,86.7,29.5,,,,,,,,,,47.2,5.0,40.0,20.9,63.0,3.2,,,,False,四川农大高科农业有限责任公司，四川省农业生物技术工程研究中心,385,Wuling Mountains,Single/Mid,Three-line hybrid,Joint,2,,,False,False,False
1233,福优310,国审稻2005032,2005.0,国审,,True,True,False,籼,中稻,武陵山区中籼组,558.63,1.06,Ⅱ优58,523.3,2.55,150.1,,115.2,17.8,24.8,144.9,85.0,28.4,,,,,,,,,,52.6,9.4,48.0,22.0,54.0,2.9,,,,False,成都西部农业工程研究所，福建省农科院稻麦研究所,384,Wuling Mountains,Single/Mid,Three-line hybrid,Public,2,,,False,False,False
1514,K优451,国审稻2005033,2005.0,国审,,True,True,False,籼,双季,长江中下游晚籼中迟熟高产组,496.52,2.18,汕优46,403.25,6.38,120.8,,105.5,17.2,23.7,127.5,80.4,29.8,,,,,7.0,,9.0,,,61.0,3.7,24.0,22.6,83.0,3.2,,3.0,《优质稻谷》,False,湖南亚华种业科学研究院,423,Middle-Lower Yangtze,Late,Three-line hybrid,Enterprise,1,0.0,,False,False,False
1428,玉香88（曾用名：玉香优88）,国审稻2005034,2005.0,国审,,True,True,False,籼,双季,长江中下游晚籼中迟熟高产组,491.37,1.1,汕优46,442.2,2.66,116.7,,111.6,18.5,24.1,110.3,81.5,31.8,,,,,5.0,,9.0,,,55.4,3.7,18.0,15.7,73.0,3.3,,3.0,《优质稻谷》,False,湖南隆平高科农平种业有限公司,416,Middle-Lower Yangtze,Late,Three-line hybrid,Enterprise,1,0.0,,False,False,False
1342,丰两优一号,国审稻2005035,2005.0,国审,,True,False,True,籼,双季,长江中下游晚籼中迟熟优质组,493.27,2.48,汕优46,468.25,4.73,117.5,,110.0,17.2,22.4,138.1,77.9,28.8,,,,,5.0,,9.0,,,56.5,2.8,25.0,16.0,63.0,3.1,,2.0,《优质稻谷》,False,合肥丰乐种业股份有限公司,418,Middle-Lower Yangtze,Late,Two-line hybrid,Enterprise,1,1.0,,False,False,False
531,常优3号（区试代号：常优00-8）,国审稻2005036,2005.0,国审,,True,True,False,粳,单季,长江中下游单季晚粳组,588.44,6.97,秀水63,639.15,10.34,148.1,,108.2,18.8,18.6,152.0,80.2,28.0,,,,,7.0,,9.0,,,72.5,3.5,28.0,16.1,76.0,1.7,,3.0,《优质稻谷》,False,江苏省常熟市农业科学研究所,435,Middle-Lower Yangtze,Late,Three-line hybrid,Public,1,0.0,,False,False,False
896,中作9843,国审稻2005037,2005.0,国审,,False,False,False,粳,,北方稻区中作93组,571.5,5.7,中作93,633.2,7.2,173.2,,104.0,,19.8,115.1,88.7,25.3,,,,,,,,,,66.3,3.1,,16.7,90.0,,,3.0,《优质稻谷》,False,中国农业科学院作物科学研究所,358,North/Huanghuai,Unspecified,Inbred/Other,Public,1,0.0,,False,False,False
562,中粳优1号,国审稻2005038,2005.0,国审,,True,True,False,粳,,北方稻区中作93组,634.7,10.2,中作93,682.2,15.5,175.2,,103.9,,19.4,172.4,83.3,26.4,,,,,,,,,,65.6,3.1,,16.7,84.0,,,3.0,《优质稻谷》,False,天津市水稻研究所,362,North/Huanghuai,Unspecified,Three-line hybrid,Public,1,0.0,,False,False,False
825,新稻10号,国审稻2005039,2005.0,国审,,False,False,False,粳,,北方稻区中作93组,618.0,7.3,中作93,656.1,11.1,177.8,,102.5,,16.6,135.7,83.2,23.6,,,,,,,,,,67.4,3.8,,18.7,84.0,,,,,False,河南省新乡市农科所,348,North/Huanghuai,Unspecified,Inbred/Other,Public,1,,,False,False,False
558,津原85,国审稻2005040,2005.0,国审,,False,False,False,粳,,北方稻区金珠1号组,667.9,7.4,金珠1号,580.4,3.4,157.2,,89.7,,19.8,97.2,93.6,26.2,,,,,,,,,,61.8,1.6,13.5,14.8,81.0,,,,,False,天津市原种场,348,North/Huanghuai,Unspecified,Inbred/Other,Unknown,1,,,False,False,False
672,辽优853（区试代号：农优853）,国审稻2005041,2005.0,国审,,True,True,False,粳,,北方稻区金珠1号组,667.7,7.4,金珠1号,615.3,9.6,156.3,,104.6,,18.1,129.8,84.7,25.8,,,,,,,,,,65.0,,,15.7,84.0,,,,,False,辽宁省稻作研究所,349,North/Huanghuai,Unspecified,Three-line hybrid,Public,1,,,False,False,False
818,辽星9号（区试代号：辽粳9号）,国审稻2005042,2005.0,国审,,False,False,False,粳,,北方稻区金珠1号组,626.8,0.8,金珠1号,580.8,3.5,156.2,,104.8,,17.3,115.2,92.8,24.9,,,,,,,,,,67.1,,,16.5,80.0,,,2.0,《优质稻谷》,False,辽宁省稻作研究所,365,North/Huanghuai,Unspecified,Inbred/Other,Public,1,1.0,,False,False,False
1335,沈稻5号（区试代号：沈农9418）,国审稻2005043,2005.0,国审,,False,False,False,粳,,北方稻区金珠1号组,596.0,-4.1,金珠1号,558.4,0.5,155.3,,91.9,,15.7,98.8,92.8,26.3,,,,,,,,,,67.5,2.2,,16.6,83.0,,,2.0,《优质稻谷》,False,沈阳农业大学,361,North/Huanghuai,Unspecified,Inbred/Other,Public,1,1.0,,False,False,False
652,晋稻8号（区试代号：970006）,国审稻2005044,2005.0,国审,,False,False,False,粳,,北方稻区秋光组,697.4,3.7,秋光,598.3,2.6,155.9,,98.4,,18.3,79.0,86.1,27.5,,,,,,,,,,63.2,2.5,,17.6,75.0,,,3.0,《优质稻谷》,False,山西省农业科学院作物遗传研究所,350,North/Huanghuai,Unspecified,Inbred/Other,Public,1,0.0,,False,False,False
325,沈农9741,国审稻2005045,2005.0,国审,,False,False,False,粳,,北方稻区秋光组,629.6,-6.4,秋光,537.8,7.7,158.2,,90.3,,15.2,102.4,83.7,23.8,,,,,,,,,,64.9,1.0,,16.4,85.0,,,2.0,《优质稻谷》,False,沈阳农业大学,355,North/Huanghuai,Unspecified,Inbred/Other,Public,1,1.0,,False,False,False
525,辽星8号（区试代号：LDC95423）,国审稻2005046,2005.0,国审,,False,False,False,粳,,北方稻区秋光组,608.1,-5.3,秋光,585.8,0.5,156.0,,85.5,,16.0,110.5,87.8,21.2,,,,,,,,,,68.9,0.4,3.5,17.6,,,,1.0,《优质稻谷》,False,辽宁省稻作研究所,346,North/Huanghuai,Unspecified,Inbred/Other,Public,1,1.0,,False,False,False
692,吉粳104（区试代号：吉生268）,国审稻2005047,2005.0,国审,,True,False,False,粳,,北方稻区吉玉粳组,610.0,1.7,吉玉粳,505.0,0.4,152.7,,93.1,,16.4,89.8,89.5,25.5,,,,,,,,,,67.1,1.9,13.0,17.4,75.0,,,2.0,《优质稻谷》,False,吉林省农业科学院水稻研究所,353,North/Huanghuai,Unspecified,Hybrid (unclear),Public,1,1.0,,False,False,False
897,吉粳105（区试代号：吉2000F45）,国审稻2005048,2005.0,国审,,False,False,False,粳,,北方稻区吉玉粳组,632.2,5.5,吉玉粳,581.1,14.5,152.7,,96.5,,16.8,118.3,89.6,24.0,,,,,,,,,,69.7,,,16.3,70.0,,,3.0,《优质稻谷》,False,吉林省农业科学院水稻研究所,357,North/Huanghuai,Unspecified,Inbred/Other,Public,1,0.0,,False,False,False
775,九稻53（区试代号：九01B10）,国审稻2005049,2005.0,国审,,False,False,False,粳,,北方稻区吉玉粳组,583.8,-2.6,吉玉粳,549.3,8.3,152.0,,99.2,,17.5,98.2,85.7,23.4,,,,,,,,,,66.7,,,16.2,73.0,,,2.0,《优质稻谷》,False,吉林市农业科学院,351,North/Huanghuai,Unspecified,Inbred/Other,Public,1,1.0,,False,False,False
961,吉粳501（区试代号：2000F59）,国审稻2005050,2005.0,国审,,False,False,False,粳,,北方稻区吉玉粳组,608.7,1.9,吉玉粳,581.1,14.5,152.1,,93.9,,17.3,107.1,88.7,24.3,,,,,,,,,,67.9,,,19.0,84.0,,,3.0,《优质稻谷》,False,吉林省农业科学院水稻研究所,357,North/Huanghuai,Unspecified,Inbred/Other,Public,1,0.0,,False,False,False
93,吉粳88（区试代号：吉01-124）,国审稻2005051,2005.0,国审,,False,False,False,粳,,北方稻区吉玉粳组,569.7,-4.6,吉玉粳,507.6,0.1,153.5,,95.0,,17.6,134.2,88.0,21.2,,,,,,,,,,71.3,0.2,4.0,16.3,83.0,,,1.0,《优质稻谷》,False,吉林省农业科学院水稻研究所,353,North/Huanghuai,Unspecified,Inbred/Other,Public,1,1.0,,False,False,False
750,通育403,国审稻2005052,2005.0,国审,,False,False,False,粳,,北方稻区长白9号组,495.8,5.0,长白9号,442.2,3.8,145.7,,95.6,,18.2,116.5,80.4,24.0,,,,,,,,,,58.8,1.9,17.0,17.7,86.0,,,,,False,吉林省通化市农业科学研究院,340,North/Huanghuai,Unspecified,Inbred/Other,Unknown,1,,,False,False,False
226,绿旱1号,国审稻2005053,2005.0,国审,,False,False,False,籼,中稻,长江中下游组,315.83,22.96,中旱3号,302.25,45.29,107.2,,91.1,20.1,20.3,105.0,75.3,25.0,,,,,,,,,,52.4,6.2,37.0,25.5,54.0,2.9,,,,False,安徽省农科院绿色食品工程研究所,414,Middle-Lower Yangtze,Single/Mid,Inbred/Other,Public,1,,,False,False,False
420,赣农旱稻1号（区试代号：98-1）,国审稻2005054,2005.0,国审,,False,False,False,籼,中稻,长江中下游组,281.88,9.78,中旱3号,295.75,42.17,96.5,,85.6,19.0,19.8,104.2,75.1,23.4,,,,,,,,,,50.2,8.6,42.0,14.3,82.0,3.3,,,,False,江西农业大学农学院,417,Middle-Lower Yangtze,Single/Mid,Inbred/Other,Public,1,,,False,False,False
242,郑旱6号,国审稻2005055,2005.0,国审,,False,False,False,粳,,黄淮海麦茬稻区中晚熟组,,,旱稻277,316.3,8.7,,,87.1,,17.2,,83.1,24.8,,,,,,,,,,,,,,84.0,,,2.0,《优质稻谷》,False,河南省农业科学院粮食作物研究所,345,North/Huanghuai,Single/Mid,Inbred/Other,Public,1,1.0,,False,False,False
282,旱稻271,国审稻2005056,2005.0,国审,,False,False,False,粳,一季稻,,262.55,12.7,秦爱,384.15,2.86,,,88.9,,16.3,,76.8,23.4,,,,,,,,,,49.1,6.3,37.0,13.5,71.0,,,,,False,中国农业大学,375,Other/Unspecified,Single/Mid,Inbred/Other,Public,1,,,False,False,False
675,辽旱403,国审稻2005057,2005.0,国审,,False,False,False,粳,一季稻,,355.0,21.6,旱72,402.22,4.55,147.0,,84.5,,15.0,,88.7,24.0,,,,,,,,,,62.2,1.2,12.0,15.6,80.0,,,3.0,《优质稻谷》,False,辽宁省稻作研究所,392,Other/Unspecified,Single/Mid,Inbred/Other,Public,1,0.0,,False,False,False
526,京优13,国审稻2005058,2005.0,国审,,True,True,False,粳,一季稻,,403.84,18.36,1旱72,415.12,7.9,151.0,,99.7,,20.5,,82.8,27.3,,,,,,,,,,63.1,2.2,19.0,17.0,77.0,,,3.0,《优质稻谷》,False,北京农业生物技术研究中心,399,Other/Unspecified,Single/Mid,Three-line hybrid,Public,1,0.0,,False,False,False
623,丹旱稻4号（区试代号：旱G－107）,国审稻2005059,2005.0,国审,,False,False,False,粳,一季稻,,376.65,10.39,1旱72,424.65,10.39,145.0,,88.2,,16.8,,86.4,26.3,,,,,,,,,,57.2,5.7,42.0,15.5,82.0,,,,,False,辽宁省丹东农业科学院,395,Other/Unspecified,Single/Mid,Inbred/Other,Public,1,,,False,False,False
1599,天优290,国审稻2006001,2006.0,国审,,True,True,False,籼,早稻,华南早籼组,507.46,1.33,Ⅱ优128,426.37,1.97,122.1,,102.9,19.6,21.3,146.7,80.8,24.1,,,,,9.0,,,,,44.7,3.9,21.0,18.4,55.0,3.2,,,,False,广东省农业科学院水稻研究所,406,South China,Early,Three-line hybrid,Public,1,,,False,False,False
1654,京福1优527（区试代号：京福优1527）,国审稻2006002,2006.0,国审,,True,True,False,籼,早稻,华南早籼组,509.39,1.71,Ⅱ优128,487.23,16.59,126.8,,117.5,17.6,23.7,134.1,75.2,30.7,,,,,9.0,,,,,27.2,13.0,93.0,19.1,48.0,3.1,,,,False,福建省农业科学院水稻研究所,415,South China,Early,Three-line hybrid,Public,1,,,False,False,False
605,丰富占1号,国审稻2006003,2006.0,国审,,False,False,False,籼,早稻,华南早籼组,,,粤香占,416.45,2.26,124.8,,107.6,21.6,20.9,131.1,79.4,22.7,,,,,3.0,,,,,47.9,8.0,40.0,22.9,44.0,2.8,,,,False,广东省农业科学院水稻研究所,447,South China,Early,Inbred/Other,Public,1,,,False,False,False
1562,准两优527,国审稻2006004,2006.0,国审,,True,False,True,籼,早稻,华南早籼组,534.96,,粤香占,431.21,1.51,124.9,,113.8,17.2,24.4,115.9,83.3,32.4,,,,,9.0,,,,,35.2,8.3,44.0,20.9,70.0,3.3,,,,False,湖南杂交水稻研究中心、四川农业大学水稻研究所,412,South China,Early,Two-line hybrid,Public,2,,,False,False,False
409,丰美占,国审稻2006005,2006.0,国审,,False,False,False,籼,早稻,华南早籼组,511.98,,粤香占,463.35,13.11,125.4,,102.4,20.1,21.4,139.3,86.1,20.7,,,,,3.0,,,,,45.7,3.3,18.0,13.5,60.0,3.1,,,,False,广东省农业科学院水稻研究所,399,South China,Early,Inbred/Other,Public,1,,,False,False,False
1390,天优3550,国审稻2006006,2006.0,国审,,True,True,False,籼,晚稻,华南感光晚籼组,484.66,5.11,博优998,471.1,5.7,119.1,,102.0,17.5,21.3,153.2,74.1,26.1,,,,,7.0,,,,,61.9,12.0,81.0,21.3,58.0,2.5,,,,False,广西科泰种业有限公司,413,South China,Late,Three-line hybrid,Enterprise,1,,,False,False,False
1642,振优998,国审稻2006007,2006.0,国审,,True,True,False,籼,晚稻,华南感光晚籼组,479.97,4.1,博优998,462.8,3.84,114.6,,103.7,17.6,22.2,148.7,82.9,24.5,,,,,9.0,,,,,64.9,2.5,23.0,21.5,45.0,2.8,,,,False,广东省农业科学院水稻研究所,419,South China,Late,Three-line hybrid,Public,1,,,False,False,False
1444,美优998,国审稻2006008,2006.0,国审,,True,True,False,籼,晚稻,华南感光晚籼组,462.55,0.32,博优998,454.64,2.0,116.4,,104.0,19.1,23.3,146.6,84.0,20.7,,,,,7.0,,,,,67.8,1.7,20.0,21.0,67.0,3.1,,2.0,《优质稻谷》,False,广西壮族自治区农业科学院水稻研究所,430,South China,Late,Three-line hybrid,Public,1,1.0,,False,False,False
633,嘉育253,国审稻2006009,2006.0,国审,,False,False,False,籼,早稻,长江中下游早籼早中熟组,486.18,4.95,浙733,505.04,12.1,107.6,,81.4,20.6,17.4,130.1,75.3,26.4,,,,,7.0,,,,,55.3,18.8,100.0,26.0,87.0,2.1,,,,False,浙江省嘉兴市农业科学研究院,431,Middle-Lower Yangtze,Early,Inbred/Other,Unknown,1,,,False,False,False
1212,两优42,国审稻2006010,2006.0,国审,,True,False,True,籼,早稻,长江中下游早籼早中熟组,492.03,6.19,浙733,505.19,12.13,108.9,,87.7,21.5,19.4,115.2,83.8,24.7,,,,,7.0,,,,,61.8,2.9,20.0,20.7,58.0,3.4,,2.0,《优质稻谷》,False,湖北大学生命科学学院、湖北省种子集团公司,431,Middle-Lower Yangtze,Early,Two-line hybrid,Joint,2,1.0,,False,False,False
388,中早25,国审稻2006011,2006.0,国审,,False,False,False,籼,早稻,长江中下游早籼早中熟组,467.6,0.96,浙733,450.73,0.05,106.2,,82.8,21.9,18.5,108.2,79.3,26.5,,,,,5.0,,,,,57.7,19.3,100.0,24.1,83.0,2.3,,,,False,中国水稻研究所,420,Middle-Lower Yangtze,Early,Inbred/Other,Public,1,,,False,False,False
1164,先农1号,国审稻2006012,2006.0,国审,,True,True,False,籼,早稻,长江中下游早籼迟熟组,529.8,7.15,金优402,539.45,3.84,112.6,,93.4,21.9,19.4,109.2,86.9,26.5,,,,,7.0,,,,,51.5,5.7,56.0,18.4,48.0,2.6,,,,False,江西省种子公司,422,Middle-Lower Yangtze,Early,Three-line hybrid,Enterprise,1,,,False,False,False
1059,陆两优996,国审稻2006013,2006.0,国审,,True,False,True,籼,早稻,长江中下游早籼迟熟组,522.59,5.7,金优402,557.6,7.34,109.7,,95.1,19.6,20.0,129.0,82.0,27.5,,,,,7.0,,,,,42.3,11.1,91.0,24.2,55.0,2.8,,,,False,湖南农业大学、湖南亚华种业科学院,412,Middle-Lower Yangtze,Early,Two-line hybrid,Joint,2,,,False,False,False
1557,准两优2号（区试代号：准两优402）,国审稻2006014,2006.0,国审,,True,False,True,籼,早稻,长江中下游早籼迟熟组,518.16,4.79,金优402,552.49,6.35,113.6,,94.6,22.3,20.0,100.8,84.2,28.4,,,,,7.0,,,,,42.4,12.7,84.0,23.8,56.0,3.2,,,,False,国家杂交水稻工程技术研究中心清华深圳龙岗研究所,411,Middle-Lower Yangtze,Early,Two-line hybrid,Public,1,,,False,False,False
1008,内香2924,国审稻2006015,2006.0,国审,,True,True,False,籼,中稻,长江上游中籼迟熟组,605.09,5.7,汕优63,551.73,8.6,155.4,,112.6,17.7,25.1,160.7,74.5,30.9,,,,,,,,,,57.9,2.9,19.0,15.9,73.0,3.0,,3.0,《优质稻谷》,False,内江杂交水稻科技开发中心,420,Upper Yangtze,Single/Mid,Three-line hybrid,Unknown,1,0.0,,False,False,False
1100,冈优825（区试代号：F3001）,国审稻2006016,2006.0,国审,,True,True,False,籼,中稻,长江上游中籼迟熟组,623.35,8.89,汕优63,552.75,10.68,153.6,,112.7,16.4,24.7,168.6,83.9,28.2,,,,,,,,,,64.7,12.9,84.0,22.4,43.0,2.0,,,,False,四川省嘉陵农作物品种研究中心,416,Upper Yangtze,Single/Mid,Three-line hybrid,Public,1,,,False,False,False
1066,冈优6366,国审稻2006017,2006.0,国审,,True,True,False,籼,中稻,长江上游中籼迟熟组,613.05,7.09,汕优63,540.55,9.51,152.2,,110.4,16.0,25.2,176.3,81.4,27.7,,,,,,,,,,65.2,8.4,51.0,22.0,56.0,2.4,,,,False,四川省仁寿县陵州作物研究所,412,Upper Yangtze,Single/Mid,Three-line hybrid,Public,1,,,False,False,False
1290,益农1号,国审稻2006018,2006.0,国审,,True,True,False,籼,中稻,长江上游中籼迟熟组,607.74,6.17,汕优63,556.92,9.33,151.1,,111.4,18.4,25.2,160.3,80.7,27.1,,,,,,,,,,60.6,7.1,47.0,21.7,66.0,2.7,,,,False,贵州省遵义市农业科学研究所、四川省农业科学院水稻高粱研究所,404,Upper Yangtze,Single/Mid,Three-line hybrid,Public,2,,,False,False,False
379,T优6135（区试代号：T98A/61-3-5）,国审稻2006019,2006.0,国审,,True,True,False,籼,中稻,长江上游中籼迟熟组,572.58,0.49,汕优63,521.69,4.08,155.3,,111.8,16.1,24.8,185.0,79.6,25.3,,,,,,,,,,65.4,2.1,21.0,22.2,62.0,3.0,,2.0,国标,False,湖南隆平高科农平种业有限公司,424,Upper Yangtze,Single/Mid,Three-line hybrid,Enterprise,1,1.0,,False,False,False
1448,K优2527,国审稻2006020,2006.0,国审,,True,True,False,籼,中稻,长江上游中籼迟熟组,609.88,8.04,汕优63,560.55,9.19,153.0,,112.4,17.1,24.3,157.4,77.2,32.1,,,,,,,,,,54.9,10.3,58.0,21.6,54.0,3.1,,,,False,四川省农业科学院水稻高粱研究所、四川农业大学水稻研究所,410,Upper Yangtze,Single/Mid,Three-line hybrid,Public,2,,,False,False,False
1505,G优802（区试代号：GY802）,国审稻2006021,2006.0,国审,,True,True,False,籼,中稻,长江上游中籼迟熟组,589.13,4.37,汕优63,519.46,3.79,155.1,,118.0,15.7,25.9,175.2,77.4,29.3,,,,,,,,,,62.9,4.3,31.0,22.2,48.0,2.6,,,,False,四川农大高科农业有限责任公司、四川农业大学水稻研究所,411,Upper Yangtze,Single/Mid,Three-line hybrid,Joint,2,,,False,False,False
1549,富优21（区试代号：SD-19）,国审稻2006022,2006.0,国审,,True,True,False,籼,中稻,长江上游中籼迟熟组,603.26,6.87,汕优63,525.43,5.53,155.4,,111.0,17.9,23.9,155.6,83.4,27.4,,,,,,,,,,63.4,8.0,66.0,23.4,43.0,2.3,,,,False,四川省嘉陵农作物品种研究中心,411,Upper Yangtze,Single/Mid,Three-line hybrid,Public,1,,,False,False,False
1400,内香8518,国审稻2006024,2006.0,国审,,True,True,False,籼,中稻,长江上游中籼迟熟组,597.79,5.9,汕优63,555.22,6.97,152.9,,112.3,17.4,25.6,154.2,80.1,29.9,,,,,,,,,,64.1,3.2,16.0,16.3,71.0,3.0,,3.0,《优质稻谷》,False,内江杂交水稻科技开发中心,428,Upper Yangtze,Single/Mid,Three-line hybrid,Unknown,1,0.0,,False,False,False
1480,D优158（区试代号：D62A/蜀恢158）,国审稻2006025,2006.0,国审,,True,True,False,籼,中稻,长江上游中籼迟熟组,596.96,5.76,汕优63,573.07,12.4,155.5,,113.1,17.3,25.4,162.7,78.4,29.2,,,,,,,,,,62.2,4.4,30.0,23.9,75.0,3.0,,3.0,《优质稻谷》,False,四川农业大学水稻研究所,429,Upper Yangtze,Single/Mid,Three-line hybrid,Public,1,0.0,,False,False,False
1338,宜香1979,国审稻2006026,2006.0,国审,,True,True,False,籼,中稻,长江上游中籼迟熟组,602.55,6.75,汕优63,586.0,15.21,154.1,,122.9,17.3,26.2,173.4,79.1,26.9,,,,,,,,,,65.2,5.5,39.0,14.8,65.0,2.7,,,,False,四川省宜宾市农业科学研究所,412,Upper Yangtze,Single/Mid,Three-line hybrid,Public,1,,,False,False,False
1353,中优9801（区试代号：中9A/涪恢9801）,国审稻2006027,2006.0,国审,,True,True,False,籼,中稻,长江上游中籼迟熟组,581.56,2.48,汕优63,551.43,8.35,153.0,,116.3,17.6,26.0,175.5,75.4,26.5,,,,,,,,,,62.4,3.2,12.0,21.4,78.0,3.1,,3.0,《优质稻谷》,False,重庆市涪陵区农业科学研究所,431,Upper Yangtze,Single/Mid,Three-line hybrid,Public,1,0.0,,False,False,False
1287,Q优6号（区试代号：庆优6号）,国审稻2006028,2006.0,国审,,True,True,False,籼,中稻,长江上游中籼迟熟组,598.35,5.43,汕优63,556.66,9.9,153.7,,112.6,16.0,25.1,176.6,77.2,29.0,,,,,,,,,,65.6,3.6,22.0,15.2,58.0,3.0,,3.0,《优质稻谷》,False,重庆市种子公司,418,Upper Yangtze,Single/Mid,Three-line hybrid,Enterprise,1,0.0,,False,False,False
916,泸香615（区试代号：泸香91A/泸恢615）,国审稻2006029,2006.0,国审,,True,True,False,籼,中稻,长江上游中籼迟熟组,579.47,2.11,汕优63,533.68,6.67,154.0,,112.5,17.6,25.2,160.7,74.2,30.1,,,,,,,,,,53.1,4.5,26.0,15.9,65.0,3.0,,3.0,《优质稻谷》,False,四川省农业科学院水稻高粱研究所,425,Upper Yangtze,Single/Mid,Three-line hybrid,Public,1,0.0,,False,False,False
1494,宜香527（区试代号：宜香1A/蜀恢527）,国审稻2006030,2006.0,国审,,True,True,False,籼,中稻,长江上游中籼迟熟组,597.43,5.27,汕优63,549.64,7.26,155.0,,114.0,17.2,25.8,152.5,76.7,31.7,,,,,,,,,,58.2,3.0,18.0,15.2,62.0,3.1,,3.0,《优质稻谷》,False,四川农业大学水稻研究所、四川省宜宾市农业科学研究所、四川万禾隆种业有限公司,414,Upper Yangtze,Single/Mid,Three-line hybrid,Joint,3,0.0,,False,False,False
1080,宜香481（区试代号：万优8号）,国审稻2006031,2006.0,国审,,True,True,False,籼,中稻,长江上游中籼迟熟组,572.41,0.86,汕优63,527.33,2.8,155.9,,115.3,17.5,26.3,161.6,72.7,29.8,,,,,,,,,,61.5,4.2,22.0,15.3,55.0,3.1,,3.0,《优质稻谷》,False,重庆三峡农业科学研究所、四川省宜宾市农业科学研究所,419,Upper Yangtze,Single/Mid,Three-line hybrid,Public,2,0.0,,False,False,False
1232,金优11（区试代号：华优2号）,国审稻2006032,2006.0,国审,,True,True,False,籼,中稻,长江上游中籼迟熟组,603.5,6.34,汕优63,540.98,6.0,151.7,,110.5,16.8,25.5,166.2,77.7,30.1,,,,,,,,,,59.5,4.1,31.0,23.7,66.0,3.1,,,,False,四川华龙种业有限责任公司,409,Upper Yangtze,Single/Mid,Three-line hybrid,Enterprise,1,,,False,False,False
1495,三香优410（区试代号：神农301）,国审稻2006033,2006.0,国审,,True,True,False,籼,中稻,长江中下游中籼迟熟组,481.47,-8.7,汕优63,527.66,3.53,132.6,,123.0,17.2,25.9,153.9,75.1,26.1,,,,,5.0,,9.0,,,68.1,3.0,17.0,21.6,71.0,3.2,,2.0,《优质稻谷》,False,海南神农大丰种业科技股份有限公司育种中心,428,Middle-Lower Yangtze,Single/Mid,Three-line hybrid,Enterprise,1,1.0,,False,False,False
1330,内2优6号（曾用名：国稻6号）,国审稻2006034,2006.0,国审,,True,True,False,籼,中稻,长江中下游中籼迟熟组,578.96,5.38,汕优63,526.16,4.14,137.8,,114.2,16.5,26.1,159.7,73.3,31.5,,,,,9.0,,,,,64.4,3.9,29.0,15.1,68.0,3.2,,3.0,《优质稻谷》,False,中国水稻研究所,431,Middle-Lower Yangtze,Single/Mid,Three-line hybrid,Public,1,0.0,,False,False,False
1050,科优8377（区试代号：金科籼杂7号）,国审稻2006035,2006.0,国审,,True,True,False,籼,中稻,长江中下游中籼迟熟组,581.93,7.57,汕优63,555.8,8.89,135.9,,123.8,17.1,26.9,161.5,78.7,28.7,,,,,7.0,,,,,60.2,4.7,27.0,22.4,53.0,3.3,,3.0,《优质稻谷》,False,武汉金科生物技术有限公司,436,Middle-Lower Yangtze,Single/Mid,Three-line hybrid,Enterprise,1,0.0,,False,False,False
814,绿丰20（区试代号：HN0463）,国审稻2006036,2006.0,国审,,True,True,False,籼,中稻,长江中下游中籼迟熟组,557.67,3.08,汕优63,516.07,1.49,138.0,,119.2,16.8,24.4,174.3,75.4,27.3,,,,,5.0,,,,,67.4,2.8,23.0,22.3,50.0,3.1,,3.0,《优质稻谷》,False,国家杂交水稻工程技术研究中心安徽试验站,434,Middle-Lower Yangtze,Single/Mid,Three-line hybrid,Public,1,0.0,,False,False,False
1311,K优52（皖稻125）,国审稻2006037,2006.0,国审,,True,True,False,籼,中稻,长江中下游中籼迟熟组,586.3,8.38,汕优63,573.9,13.4,130.1,,125.9,16.2,23.7,159.3,78.7,30.0,,,,,7.0,,,,,53.9,15.8,100.0,26.8,55.0,2.6,,,,False,安徽省农业科学院水稻研究所、四川省农科院水稻高粱研究所,414,Middle-Lower Yangtze,Single/Mid,Three-line hybrid,Public,2,,,False,False,False
1288,Ⅱ优1259,国审稻2006038,2006.0,国审,,True,True,False,籼,中稻,长江中下游中籼迟熟组,570.31,5.75,汕优63,526.72,4.03,136.7,,123.4,16.5,26.6,163.0,78.2,28.5,,,,,7.0,,,,,68.6,9.5,40.0,24.9,68.0,2.4,,,,False,福建省三明市农业科学研究所,419,Middle-Lower Yangtze,Single/Mid,Three-line hybrid,Public,1,,,False,False,False
809,冈优188,国审稻2006039,2006.0,国审,,True,True,False,籼,中稻,长江中下游中籼迟熟组,556.94,3.27,汕优63,543.9,6.02,137.3,,128.0,15.2,25.3,175.4,74.2,30.2,,,,,7.0,,,,,63.3,9.9,68.0,25.7,46.0,2.3,,,,False,四川省乐山市农牧科学研究所,416,Middle-Lower Yangtze,Single/Mid,Three-line hybrid,Public,1,,,False,False,False
1183,协优107,国审稻2006040,2006.0,国审,,True,True,False,籼,中稻,长江中下游中籼迟熟组,559.32,3.71,汕优63,544.88,7.23,136.4,,115.9,18.1,24.3,139.8,78.5,29.0,,,,,5.0,,,,,62.3,6.3,34.0,23.0,79.0,3.1,,,,False,南京农业大学水稻研究所,415,Middle-Lower Yangtze,Single/Mid,Three-line hybrid,Public,1,,,False,False,False
1513,Ⅱ优1308,国审稻2006042,2006.0,国审,,True,True,False,籼,中稻,长江中下游中籼迟熟组,573.29,5.5,汕优63,549.39,8.76,136.7,,121.3,16.2,23.7,175.6,77.6,27.5,,,,,7.0,,,,,67.2,8.7,53.0,26.1,52.0,2.4,,,,False,江西省种子公司,423,Middle-Lower Yangtze,Single/Mid,Three-line hybrid,Enterprise,1,,,False,False,False
1558,协优4090,国审稻2006043,2006.0,国审,,True,True,False,籼,中稻,长江中下游中籼迟熟组,579.28,6.61,汕优63,551.0,9.4,138.2,,117.8,17.4,22.8,148.5,80.0,28.9,,,,,7.0,,,,,66.0,9.8,71.0,20.9,64.0,2.6,,,,False,浙江省台州市农业科学研究院、勿忘农集团有限公司,417,Middle-Lower Yangtze,Single/Mid,Three-line hybrid,Enterprise,2,,,False,False,False
691,丰优22（区试代号：扬籼优22）,国审稻2006044,2006.0,国审,,True,True,False,籼,中稻,长江中下游中籼迟熟组,539.49,-0.72,汕优63,494.11,2.65,138.3,,123.3,16.7,23.9,168.8,74.6,26.9,,,,,7.0,,,,,65.4,3.5,20.0,17.5,80.0,3.3,,3.0,《优质稻谷》,False,江苏里下河地区农业科学研究所,435,Middle-Lower Yangtze,Single/Mid,Three-line hybrid,Public,1,0.0,,False,False,False
773,两优0293（区试代号：P88S/0293）,国审稻2006045,2006.0,国审,,True,False,True,籼,中稻,长江中下游中籼迟熟组,576.17,6.03,汕优63,561.02,11.08,136.5,,118.7,16.5,23.7,178.3,77.4,26.4,,,,,5.0,,,,,66.1,6.3,35.0,14.4,75.0,3.0,,,,False,湖南杂交水稻研究中心,421,Middle-Lower Yangtze,Single/Mid,Two-line hybrid,Public,1,,,False,False,False
1045,中浙优634（区试代号：中浙优2号）,国审稻2006046,2006.0,国审,,True,True,False,籼,中稻,长江中下游中籼迟熟组,545.32,0.36,汕优63,493.46,3.23,132.7,,116.1,18.9,26.6,147.4,75.0,27.2,,,,,7.0,,,,,58.9,1.6,11.0,15.0,68.0,3.5,,3.0,《优质稻谷》,False,中国水稻研究所、湖北省富悦农业开发有限公司,432,Middle-Lower Yangtze,Single/Mid,Three-line hybrid,Joint,2,0.0,,False,False,False
945,农丰优909,国审稻2006047,2006.0,国审,,True,True,False,籼,双季,长江中下游晚籼早熟组,523.48,3.3,金优207,498.85,0.9,115.9,,99.5,21.5,24.7,122.4,81.1,27.0,,,,,7.0,,7.0,,,56.7,9.0,62.0,24.7,61.0,2.9,,,,True,安徽荃银农业高科技研究所,422,Middle-Lower Yangtze,Late,Three-line hybrid,Public,1,,,False,False,False
967,丰源优272（区试代号：丰优272）,国审稻2006048,2006.0,国审,,True,True,False,籼,双季,长江中下游晚籼早熟组,506.23,3.92,金优207,487.53,1.39,116.4,,98.4,19.0,22.8,127.7,77.6,29.1,,,,,7.0,,,,,56.4,6.3,35.0,22.1,62.0,3.3,,,,False,湖南亚华种业科学研究院,418,Middle-Lower Yangtze,Late,Three-line hybrid,Enterprise,1,,,False,False,False
1206,荆楚优148,国审稻2006049,2006.0,国审,,True,True,False,籼,双季,长江中下游晚籼早熟组,508.47,0.61,金优207,484.51,2.0,112.5,,100.0,21.0,22.8,124.6,80.8,25.9,,,,,5.0,,5.0,,,63.9,2.5,28.0,15.6,76.0,3.0,,3.0,《优质稻谷》,False,湖北荆楚种业股份有限公司,435,Middle-Lower Yangtze,Late,Three-line hybrid,Enterprise,1,0.0,,False,False,False
1643,金优284,国审稻2006050,2006.0,国审,,True,True,False,籼,双季,长江中下游晚籼早熟组,481.04,-1.89,金优207,525.55,6.3,114.4,,100.3,18.5,24.1,139.9,78.0,27.4,,,,,5.0,,,,,59.8,1.9,14.0,21.9,72.0,3.3,,2.0,《优质稻谷》,False,湖南亚华种业科学研究院,431,Middle-Lower Yangtze,Late,Three-line hybrid,Enterprise,1,1.0,,False,False,False
1035,K优8602,国审稻2006051,2006.0,国审,,True,True,False,籼,双季,长江中下游晚籼中迟熟组,509.39,4.8,汕优46,456.44,0.24,118.7,,107.0,18.5,23.1,111.6,80.0,33.3,,,,,5.0,,9.0,,,35.2,14.2,65.0,22.3,74.0,2.9,,,,False,四川省农业科学院水稻高粱研究所,414,Middle-Lower Yangtze,Late,Three-line hybrid,Public,1,,,False,False,False
1028,天优998,国审稻2006052,2006.0,国审,,True,True,False,籼,双季,长江中下游晚籼中迟熟组,512.62,6.28,汕优46,478.44,4.57,117.7,,98.0,19.6,21.1,136.5,81.2,25.2,,,,,7.0,,,,,56.7,2.5,27.0,23.0,59.0,3.1,,3.0,《优质稻谷》,False,广东省农业科学院水稻研究所,430,Middle-Lower Yangtze,Late,Three-line hybrid,Public,1,0.0,,False,False,False
781,中百优1号（区试代号：中丰1号）,国审稻2006053,2006.0,国审,,True,True,False,籼,双季,长江中下游晚籼中迟熟组,499.19,3.5,汕优46,456.84,0.15,118.0,,107.2,16.8,24.9,132.1,81.6,29.0,,,,,5.0,,,,,45.8,4.7,29.0,21.4,68.0,3.2,,,,False,中国水稻研究所,419,Middle-Lower Yangtze,Late,Three-line hybrid,Public,1,,,False,False,False
824,天丰优85（区试代号：天丰A/G85）,国审稻2006054,2006.0,国审,,True,True,False,籼,双季,长江中下游晚籼中迟熟组,480.44,-0.39,汕优46,454.68,0.62,114.9,,97.1,17.9,20.6,133.5,81.0,26.4,,,,,7.0,,,,,53.8,3.6,21.0,23.1,79.0,3.1,,3.0,《优质稻谷》,False,海南神农大丰种业科技股份有限公司育种中心,428,Middle-Lower Yangtze,Late,Three-line hybrid,Enterprise,1,0.0,,False,False,False
1468,三香优786（区试代号：神农310）,国审稻2006055,2006.0,国审,,True,True,False,籼,双季,长江中下游晚籼中迟熟优质组,465.53,-3.29,汕优46,440.52,1.47,118.4,,114.8,17.9,23.8,128.3,78.1,28.9,,,,,7.0,,9.0,,,60.4,1.2,,16.8,68.0,3.5,,2.0,《优质稻谷》,False,湖南农业大学水稻科学研究所、海南神农大丰种业科技股份有限公司育种中心,442,Middle-Lower Yangtze,Late,Three-line hybrid,Joint,2,1.0,,False,False,False
1304,常优2号（区试代号：常优02-6）,国审稻2006056,2006.0,国审,,True,True,False,粳,单季,长江中下游单季晚粳组,585.66,8.03,秀水63,428.41,7.12,149.4,,105.9,20.3,17.8,146.0,86.7,25.6,,,,,3.0,,,,,75.5,0.7,10.0,16.0,74.0,1.9,,1.0,《优质稻谷》,False,江苏省常熟市农业科学研究所,437,Middle-Lower Yangtze,Late,Three-line hybrid,Public,1,1.0,,False,False,False
454,陵香优18,国审稻2006057,2006.0,国审,,True,True,False,粳,单季,长江中下游单季晚粳组,599.31,10.55,秀水63,540.2,16.76,146.7,,107.9,17.7,19.9,164.3,81.8,26.6,,,,,7.0,,,,,72.9,5.3,45.0,15.6,67.0,2.0,,,,False,扬州大学农学院,421,Middle-Lower Yangtze,Late,Three-line hybrid,Public,1,,,False,False,False
734,秀优5号,国审稻2006058,2006.0,国审,,True,True,False,粳,单季,长江中下游单季晚粳组,586.38,8.16,秀水63,497.91,10.51,150.6,,111.3,16.1,17.8,171.2,85.2,26.7,,,,,5.0,,,,,74.0,0.6,12.0,17.6,78.0,1.7,,2.0,《优质稻谷》,False,浙江省嘉兴市农业科学研究院、勿忘农集团有限公司,439,Middle-Lower Yangtze,Late,Three-line hybrid,Enterprise,2,1.0,,False,False,False
482,徐稻5号（区试代号：徐91075）,国审稻2006059,2006.0,国审,,False,False,False,粳,,豫粳6号组,533.6,7.7,豫粳6号,572.9,9.4,158.5,,97.4,,14.6,109.7,86.0,25.1,,,,,,,,,,66.9,2.2,,17.1,79.0,,,2.0,《优质稻谷》,False,江苏徐淮地区徐州农业科学研究所,356,Other/Unspecified,Unspecified,Inbred/Other,Public,1,1.0,,False,False,False
467,徐优631（区试代号：徐优202）,国审稻2006060,2006.0,国审,,True,True,False,粳,,豫粳6号组,541.3,9.2,豫粳6号,571.4,13.8,158.6,,115.6,,23.4,150.8,79.9,25.6,,,,,,,,,,65.6,2.7,,16.8,79.0,,,2.0,《优质稻谷》,False,江苏徐淮地区徐州农业科学研究所,364,Other/Unspecified,Unspecified,Three-line hybrid,Public,1,1.0,,False,False,False
607,Ⅲ优98,国审稻2006061,2006.0,国审,,True,True,False,粳,,豫粳6号组,513.8,3.7,豫粳6号,548.1,9.2,160.4,,120.3,,23.1,152.1,75.0,23.7,,,,,,,,,,66.1,2.8,,15.9,82.0,,,2.0,《优质稻谷》,False,中国种子集团公司,362,Other/Unspecified,Unspecified,Three-line hybrid,Enterprise,1,1.0,,False,False,False
627,爱优39,国审稻2006062,2006.0,国审,,True,True,False,粳,,豫粳6号组,550.7,9.3,豫粳6号,579.4,15.4,159.4,,117.6,,23.4,142.1,81.1,26.7,,,,,,,,,,67.2,5.2,,16.8,76.0,,,,,False,安徽省合肥新隆水稻研究所,346,Other/Unspecified,Unspecified,Three-line hybrid,Public,1,,,False,False,False
606,辽优2016（区试代号：辽优2008）,国审稻2006063,2006.0,国审,,True,True,False,粳,,中作93组,648.7,13.8,中作93,637.6,25.1,167.0,,127.9,,24.0,161.0,83.5,24.1,,,,,,,,,,62.3,5.5,,15.4,82.0,,,,,False,辽宁省稻作研究所,344,Other/Unspecified,Unspecified,Three-line hybrid,Public,1,,,False,False,False
993,津原17,国审稻2006064,2006.0,国审,,False,False,False,粳,,中作93组,623.5,9.4,中作93,626.0,22.8,176.9,,111.5,,18.7,136.4,84.9,23.0,,,,,,,,,,68.7,1.3,,16.3,81.0,,,2.0,《优质稻谷》,False,天津市原种场,363,Other/Unspecified,Unspecified,Inbred/Other,Unknown,1,1.0,,False,False,False
1040,冀糯2号（区试代号：垦糯2号）,国审稻2006065,2006.0,国审,,False,False,False,粳,,中作93组,616.8,8.2,中作93,592.5,16.3,170.8,,108.1,,17.1,127.4,86.6,23.0,,,,,,,,,,66.6,,,1.2,100.0,,,,,False,河北省农林科学院滨海农业研究所,337,Other/Unspecified,Unspecified,Inbred/Other,Public,1,,,False,False,False
659,沈稻2号（区试代号：沈农9624）,国审稻2006066,2006.0,国审,,False,False,False,粳,,金珠1号组,627.2,1.7,金珠1号,651.9,9.8,153.2,,97.0,,15.0,101.8,92.5,25.4,,,,,,,,,,68.3,1.6,,17.3,82.0,,,2.0,《优质稻谷》,False,沈阳农业大学,356,Other/Unspecified,Unspecified,Inbred/Other,Public,1,1.0,,False,False,False
677,辽优2006,国审稻2006067,2006.0,国审,,True,True,False,粳,,金珠1号组,659.0,11.4,金珠1号,676.8,14.0,161.0,,117.2,,24.3,193.5,78.0,24.0,,,,,,,,,,65.9,6.4,,16.3,81.0,,,,,False,辽宁省稻作研究所,343,Other/Unspecified,Unspecified,Three-line hybrid,Public,1,,,False,False,False
574,盐丰47,国审稻2006068,2006.0,国审,,False,False,False,粳,,金珠1号组,650.1,9.9,金珠1号,638.4,7.5,157.2,,98.1,,16.5,129.0,85.1,26.2,,,,,,,,,,66.2,2.8,,15.3,81.0,,,2.0,《优质稻谷》,False,辽宁盐碱地利用研究所,373,Other/Unspecified,Unspecified,Inbred/Other,Public,1,1.0,,False,False,False
1036,辽星11（区试代号：L0318F）,国审稻2006069,2006.0,国审,,False,False,False,粳,,金珠1号组,608.0,2.8,金珠1号,626.7,5.5,156.4,,106.5,,15.5,109.9,91.1,25.5,,,,,,,,,,67.8,0.8,,16.6,76.0,,,1.0,《优质稻谷》,False,辽宁省稻作研究所,362,Other/Unspecified,Unspecified,Inbred/Other,Public,1,1.0,,False,False,False
561,吉粳504（区试代号：吉特617）,国审稻2006070,2006.0,国审,,False,False,False,粳,,吉玉粳组,585.6,-2.0,吉玉粳,676.9,5.1,153.1,,99.4,,18.2,111.3,85.7,24.2,,,,,,,,,,72.4,,,18.0,78.0,,,1.0,《优质稻谷》,False,吉林省农业科学院水稻研究所,350,North/Huanghuai,Unspecified,Inbred/Other,Public,1,1.0,,False,False,False
502,中旱221,国审稻2006071,2006.0,国审,,False,False,False,籼,中稻,长江下游旱稻组,,,中旱3号,382.23,30.27,112.7,,96.3,21.5,22.0,117.9,79.9,22.7,,,,,,,,,,57.0,0.1,2.0,25.3,30.0,3.3,,,,False,中国水稻研究所,334,Other/Unspecified,Single/Mid,Inbred/Other,Public,1,,,False,False,False
301,沪旱15号,国审稻2006072,2006.0,国审,,False,False,False,籼,中稻,长江下游旱稻组,,,中旱3号,369.84,26.04,121.1,,103.0,20.0,20.7,144.3,80.6,21.3,,,,,,,,,,62.2,2.2,15.0,25.0,30.0,3.0,,,,False,上海市农业生物基因中心,342,Other/Unspecified,Single/Mid,Inbred/Other,Unknown,1,,,False,False,False
345,洛稻998,国审稻2006073,2006.0,国审,,False,False,False,粳,,黄淮海麦茬稻区中晚熟组,,10.8,旱稻277,308.9,8.6,,,94.6,19.6,18.1,96.7,74.2,27.0,,,,,,,,,,62.8,11.2,61.0,16.86,66.0,,,,,False,河南省洛阳市农业科学研究所,398,North/Huanghuai,Single/Mid,Inbred/Other,Public,1,,,False,False,False
572,旱糯303,国审稻2006074,2006.0,国审,,False,False,False,粳,一季稻,,294.73,1.15,秦爱,373.9,0.11,,,83.6,30.7,15.6,,81.6,22.3,,,,,,,,,,54.2,,,1.3,,,,,,False,辽宁省稻作研究所,373,Other/Unspecified,Single/Mid,Inbred/Other,Public,1,,,False,False,False
450,辽优2015,国审稻2006075,2006.0,国审,,True,True,False,粳,,黄淮海麦茬稻区中晚熟组,302.3,8.8,旱稻277,316.1,11.1,,,97.4,20.66,19.7,96.2,76.3,25.2,,,,,,,,,,71.0,1.4,10.0,17.34,71.0,,,2.0,《优质稻谷》,False,辽宁省稻作研究所,404,North/Huanghuai,Single/Mid,Three-line hybrid,Public,1,1.0,,False,False,False
972,Q优108（区试代号：庆优9号）,国审稻2006077,2006.0,国审,,True,True,False,籼,中稻,长江上游中籼迟熟组,610.53,6.65,汕优63,553.12,10.95,154.8,,113.3,16.5,24.6,180.3,81.2,26.5,,,,,,,,,,66.6,2.7,27.0,17.2,64.0,2.5,,,,False,重庆市种子公司,398,Upper Yangtze,Single/Mid,Three-line hybrid,Enterprise,1,,,False,False,False
1357,川江优527（区试代号：川江优3号）,国审稻2006078,2006.0,国审,,True,True,False,籼,中稻,长江上游中籼迟熟组,629.43,9.96,汕优63,566.88,12.74,153.1,,114.5,16.2,26.4,176.1,80.4,29.3,,,,,,,,,,59.6,4.3,28.0,22.6,51.0,3.1,,3.0,《优质稻谷》,False,四川省江油市川江水稻研究所、四川农业大学水稻研究所,424,Upper Yangtze,Single/Mid,Three-line hybrid,Public,2,0.0,,False,False,False
909,宜香4106,国审稻2006079,2006.0,国审,,True,True,False,籼,中稻,长江上游中籼迟熟组,596.21,5.62,汕优63,575.25,12.43,153.7,,115.7,17.4,25.2,161.7,73.4,31.2,,,,,,,,,,61.3,5.3,38.0,22.3,70.0,2.9,,,,False,四川省宜宾市农业科学研究所,402,Upper Yangtze,Single/Mid,Three-line hybrid,Public,1,,,False,False,False
1586,西农优30（区试代号：中9A/30）,国审稻2006080,2006.0,国审,,True,True,False,籼,中稻,长江上游中籼迟熟组,585.66,3.2,汕优63,555.41,8.98,154.9,,116.8,17.5,26.2,175.3,76.1,26.7,,,,,,,,,,64.1,2.3,15.0,19.2,51.0,3.0,,2.0,《优质稻谷》,False,西南大学、中国水稻研究所,417,Upper Yangtze,Single/Mid,Three-line hybrid,Public,2,1.0,,False,False,False
1420,Ⅱ优728（红良优166）,国审稻2006081,2006.0,国审,,True,True,False,籼,中稻,长江中下游中籼迟熟组,583.47,6.2,汕优63,529.48,4.63,137.3,,122.8,16.9,24.0,161.6,79.8,27.5,,,,,5.0,,,,,66.5,6.4,36.0,23.4,78.0,2.6,,,,False,江苏中江种业股份有限公司、合肥市峰海标记水稻研究所,419,Middle-Lower Yangtze,Single/Mid,Three-line hybrid,Joint,2,,,False,False,False
974,协优红1号（曾用名：红良优5号）,国审稻2006082,2006.0,国审,,True,True,False,籼,中稻,长江中下游中籼迟熟组,562.03,4.21,汕优63,540.64,5.74,137.2,,116.3,17.6,23.6,143.9,78.8,30.1,,,,,9.0,,,,,59.5,9.3,63.0,23.3,77.0,3.1,,,,False,南京红太阳种业有限公司,406,Middle-Lower Yangtze,Single/Mid,Three-line hybrid,Enterprise,1,,,False,False,False
493,津粳优28（金粳优28）,国审稻2006083,2006.0,国审,,True,True,False,粳,单季,长江中下游单季晚粳组,575.32,6.12,秀水63,541.58,15.39,153.7,,119.7,18.6,20.0,178.6,77.0,24.8,,,,,5.0,,,,,72.9,3.7,23.0,15.3,75.0,1.9,,3.0,《优质稻谷》,False,天津市丰美种业科技开发有限公司,441,Middle-Lower Yangtze,Late,Three-line hybrid,Enterprise,1,0.0,,False,False,False
460,津粳优68（金粳优68）,国审稻2006084,2006.0,国审,,True,True,False,粳,,豫粳6号组,589.0,16.9,豫粳6号,561.8,11.9,150.5,,104.2,,21.9,155.5,85.8,25.7,,,,,,,,,,64.9,4.8,,,72.0,,,3.0,《优质稻谷》,False,天津丰美种业科技开发有限公司,362,Other/Unspecified,Unspecified,Three-line hybrid,Enterprise,1,0.0,,False,False,False
516,津粳优88（金粳优88）,国审稻2006085,2006.0,国审,,True,True,False,粳,,豫粳6号组,602.8,19.6,豫粳6号,577.2,15.0,158.3,,119.0,,20.7,203.0,76.6,24.2,,,,,,,,,,64.9,3.4,,15.4,73.0,,,3.0,《优质稻谷》,False,天津丰美种业科技开发有限公司,357,Other/Unspecified,Unspecified,Three-line hybrid,Enterprise,1,0.0,,False,False,False
853,吉粳801（区试代号：吉特624）,国审稻2006086,2006.0,国审,,False,False,False,粳,,,677.5,,秋光,612.4,0.4,154.2,,100.6,,17.7,113.4,88.0,24.0,,,,,,,,,,63.0,3.7,,17.5,83.0,,,3.0,《优质稻谷》,False,吉林省农业科学院水稻研究所,352,Other/Unspecified,Unspecified,Inbred/Other,Public,1,0.0,,False,False,False
271,Y两优20,国审稻2007001,2007.0,国审,,True,False,True,籼,早稻,华南早籼组,489.46,4.77,品种Ⅱ优128,454.85,6.56,128.4,-1.8,118.6,20.9,25.8,139.3,77.3,25.7,5.5,5.5,,,,,,,,57.0,7.5,33.0,11.0,72.0,3.0,,,,False,海南神农大丰种业科技股份有限公司、国家杂交水稻工程技术研究中心,415,South China,Early,Two-line hybrid,Joint,2,,,False,False,False
841,龙优673,国审稻2007002,2007.0,国审,,True,True,False,籼,晚稻,华南晚籼组,460.57,-2.97,博优998,455.96,1.51,115.6,,113.9,16.6,23.3,152.4,83.8,23.3,5.8,5.8,,,,,,,,66.5,1.2,15.0,21.2,68.0,2.9,,2.0,《优质稻谷》,False,广东农作物杂种优势开发利用中心,424,South China,Late,Three-line hybrid,Unknown,1,1.0,,False,False,False
415,株两优30,国审稻2007003,2007.0,国审,,True,False,True,籼,早稻,长江中下游早籼早中熟组,511.34,9.69,浙733,462.06,11.49,106.5,,82.5,23.3,19.1,107.8,80.8,27.9,2.9,2.9,,,5.0,,,,,39.7,14.7,87.0,20.6,59.0,3.0,,,,False,湘潭市农业科学研究所,415,Middle-Lower Yangtze,Early,Two-line hybrid,Public,1,,,False,False,False
615,株两优211,国审稻2007004,2007.0,国审,,True,False,True,籼,早稻,长江中下游早籼早中熟组,491.52,5.44,浙733,435.09,4.99,106.9,,83.9,24.3,18.9,100.2,80.4,26.3,4.0,4.0,,,5.0,,,,,52.6,13.6,85.0,20.0,61.0,3.4,,,,False,湖南亚华种业科学研究院,402,Middle-Lower Yangtze,Early,Two-line hybrid,Enterprise,1,,,False,False,False
472,T优15,国审稻2007005,2007.0,国审,,True,True,False,籼,早稻,长江中下游早籼早中熟组,486.28,4.32,浙733,421.24,1.65,109.9,,91.7,22.8,21.4,120.6,77.5,24.4,6.3,6.3,,,7.0,,,,,52.6,11.7,92.0,25.4,74.0,2.7,,,,False,湖南怀化奥谱隆作物育种工程研究所,408,Middle-Lower Yangtze,Early,Three-line hybrid,Public,1,,,False,False,False
1076,Ⅱ优11,国审稻2007006,2007.0,国审,,True,True,False,籼,中稻,长江上游中籼迟熟组,598.82,4.45,Ⅱ优838,539.67,3.85,154.0,,116.6,15.9,25.3,168.2,80.9,29.0,6.2,6.2,,,,,,,,69.5,5.2,27.0,22.6,46.0,2.5,,,,False,四川华龙种业有限责任公司,406,Upper Yangtze,Single/Mid,Three-line hybrid,Enterprise,1,,,False,False,False
565,D优202,国审稻2007007,2007.0,国审,,True,True,False,籼,中稻,长江上游中籼迟熟组,584.13,1.89,Ⅱ优838,509.68,3.25,155.0,,115.1,16.2,25.8,158.4,80.3,29.6,7.5,7.5,,,,,,,,57.9,3.8,30.0,22.1,51.0,3.0,,3.0,《优质稻谷》,False,四川农大高科农业有限责任公司、四川农业大学水稻研究所,427,Upper Yangtze,Single/Mid,Three-line hybrid,Joint,2,0.0,,False,False,False
520,冈优158,国审稻2007008,2007.0,国审,,True,True,False,籼,中稻,长江上游中籼迟熟组,615.05,6.47,Ⅱ优838,559.73,6.43,150.5,,119.3,15.4,25.9,191.2,79.7,28.0,7.0,7.0,,,,,,,,63.6,10.1,67.0,21.3,45.0,2.4,,,,False,四川农业大学水稻研究所,412,Upper Yangtze,Single/Mid,Three-line hybrid,Public,1,,,False,False,False
754,京福1优明86,国审稻2007009,2007.0,国审,,True,True,False,籼,中稻,长江上游中籼迟熟组,609.83,5.56,Ⅱ优838,571.49,9.44,151.0,,116.4,16.5,25.2,162.8,78.8,30.3,7.4,7.4,,,,,,,,55.6,16.4,86.0,21.8,46.0,2.8,,,,False,福建省三明市农业科学研究所,401,Upper Yangtze,Single/Mid,Three-line hybrid,Public,1,,,False,False,False
613,川优9527,国审稻2007010,2007.0,国审,,True,True,False,籼,中稻,长江上游中籼迟熟组,624.66,5.89,Ⅱ优838,511.27,2.53,151.0,,118.7,16.0,26.4,178.1,81.6,28.6,6.0,6.0,,,,,,,,57.1,3.8,24.0,21.8,53.0,3.2,,3.0,《优质稻谷》,False,四川省江油市川江水稻研究所、四川农业大学水稻研究所,418,Upper Yangtze,Single/Mid,Three-line hybrid,Public,2,0.0,,False,False,False
192,内2优6号,国审稻2007011,2007.0,国审,,True,True,False,籼,中稻,长江上游中籼迟熟组,589.32,-0.1,Ⅱ优838,523.3,0.21,154.4,,110.4,16.0,25.3,165.8,75.9,31.5,6.7,6.7,,,,,,,,64.5,4.5,27.0,15.2,58.0,3.0,,3.0,《优质稻谷》,False,中国水稻研究所,433,Upper Yangtze,Single/Mid,Three-line hybrid,Public,1,0.0,,False,False,False
512,准两优1102,国审稻2007012,2007.0,国审,,True,False,True,籼,中稻,长江上游中籼迟熟组,613.64,4.91,Ⅱ优838,538.57,2.3,152.2,,118.0,17.0,25.5,144.4,83.0,31.7,6.8,6.8,,,,,,,,60.9,3.6,23.0,22.8,82.0,3.2,,3.0,《优质稻谷》,False,湖南隆平高科农平种业有限公司、国家杂交水稻工程技术研究中心,425,Upper Yangtze,Single/Mid,Two-line hybrid,Joint,2,0.0,,False,False,False
213,两优6326,国审稻2007013,2007.0,国审,,True,False,True,籼,中稻,长江中下游中籼迟熟组,577.46,5.91,Ⅱ优838,549.21,3.73,129.6,,120.0,15.4,24.3,178.7,82.9,27.2,7.2,7.2,,,7.0,,,,,65.9,3.2,27.0,14.8,50.0,3.0,,,,False,宣城市农业科学研究所,437,Middle-Lower Yangtze,Single/Mid,Two-line hybrid,Public,1,,,False,False,False
752,协优728,国审稻2007014,2007.0,国审,,True,True,False,籼,中稻,长江中下游中籼迟熟组,567.51,4.09,Ⅱ优838,542.48,1.96,133.1,,113.2,17.4,23.3,143.4,81.3,29.3,6.1,6.1,,,,,,,,58.8,9.9,66.0,22.2,75.0,3.0,,,,False,江苏中江种业股份有限公司,423,Middle-Lower Yangtze,Single/Mid,Three-line hybrid,Enterprise,1,,,False,False,False
506,华两优1206,国审稻2007015,2007.0,国审,,True,False,True,籼,中稻,长江中下游中籼迟熟组,567.92,4.16,Ⅱ优838,543.24,2.07,130.6,,116.6,17.5,23.0,159.2,81.9,26.0,6.1,6.1,,,,,,,,63.2,11.2,81.0,23.3,69.0,2.6,,,,False,华中农业大学,434,Middle-Lower Yangtze,Single/Mid,Two-line hybrid,Public,1,,,False,False,False
239,新两优6号,国审稻2007016,2007.0,国审,,True,False,True,籼,中稻,长江中下游中籼迟熟组,572.39,5.71,Ⅱ优838,549.71,3.3,130.1,,118.7,16.1,23.2,169.5,81.2,27.7,6.6,6.6,,,5.0,,,,,64.7,4.3,38.0,16.2,54.0,3.0,,,,True,安徽荃银农业高科技研究所,419,Middle-Lower Yangtze,Single/Mid,Two-line hybrid,Public,1,,,False,False,False
31,丰两优香一号,国审稻2007017,2007.0,国审,,True,False,True,籼,中稻,长江中下游中籼迟熟组,568.7,6.17,Ⅱ优838,570.31,7.8,130.2,,116.9,16.2,23.8,168.6,82.0,27.0,7.3,7.3,,,,,,,,61.9,4.1,36.0,16.3,58.0,3.0,,,,False,合肥丰乐种业股份有限公司,429,Middle-Lower Yangtze,Single/Mid,Two-line hybrid,Enterprise,1,,,False,False,False
269,K优213,国审稻2007018,2007.0,国审,,True,True,False,籼,中稻,长江中下游中籼迟熟组,567.68,5.98,Ⅱ优838,539.46,2.63,130.4,,120.8,18.4,23.3,139.3,82.8,28.5,6.6,6.6,,,5.0,,,,,65.7,12.2,88.0,24.6,59.0,2.4,,,,False,四川省嘉陵农作物品种研究中心、四川省农科院泸州水稻高粱研究所,422,Middle-Lower Yangtze,Single/Mid,Three-line hybrid,Public,2,,,False,False,False
792,Ⅱ优623,国审稻2007019,2007.0,国审,,True,True,False,籼,中稻,长江中下游中籼迟熟组,561.36,4.8,Ⅱ优838,545.22,2.82,135.1,,128.7,16.7,25.6,165.1,76.0,27.9,5.2,5.2,,,7.0,,,,,67.4,8.2,53.0,22.1,74.0,2.5,,,,False,福建省农科院水稻研究所,427,Middle-Lower Yangtze,Single/Mid,Three-line hybrid,Public,1,,,False,False,False
603,Ⅱ优航2号,国审稻2007020,2007.0,国审,,True,True,False,籼,中稻,长江中下游中籼迟熟组,570.3,7.01,Ⅱ优838,561.44,5.46,134.5,,129.9,16.2,25.8,159.7,79.0,28.5,4.1,4.1,,,,,,,,70.3,6.8,51.0,22.3,59.0,2.6,,,,False,福建省农科院水稻研究所,432,Middle-Lower Yangtze,Single/Mid,Three-line hybrid,Public,1,,,False,False,False
799,Ⅱ优1069,国审稻2007021,2007.0,国审,,True,True,False,籼,中稻,长江中下游中籼迟熟组,552.1,3.59,Ⅱ优838,531.27,0.09,133.8,,122.7,16.8,24.1,164.4,82.3,25.5,5.2,5.2,,,,,,,,63.3,7.8,37.0,25.1,66.0,2.5,,,,False,江西省种子公司,430,Middle-Lower Yangtze,Single/Mid,Three-line hybrid,Enterprise,1,,,False,False,False
392,两优多系1号,国审稻2007022,2007.0,国审,,True,False,True,籼,中稻,长江中下游中籼迟熟组,568.63,5.56,Ⅱ优838,557.86,6.28,135.3,,126.2,16.6,26.0,158.3,77.3,29.0,6.8,6.8,,,,,,,,68.7,10.0,77.0,22.7,81.0,2.9,,,,False,福建旺穗种业有限公司、福建省农科院水稻研究所,434,Middle-Lower Yangtze,Single/Mid,Two-line hybrid,Joint,2,,,False,False,False
92,珞优8号,国审稻2007023,2007.0,国审,,True,True,False,籼,中稻,长江中下游中籼迟熟组,568.5,3.48,汕优63,538.19,5.95,138.8,,122.1,17.2,23.1,174.7,74.0,26.9,5.1,5.1,,,7.0,,,,,61.4,4.1,22.0,22.7,65.0,3.1,,3.0,《优质稻谷》,False,武汉大学,434,Middle-Lower Yangtze,Single/Mid,Three-line hybrid,Public,1,0.0,,False,False,False
358,全优527,国审稻2007024,2007.0,国审,,True,True,False,籼,中稻,武陵山区中籼组,610.49,3.24,Ⅱ优58,579.18,,144.5,,111.2,18.2,24.6,141.4,85.6,29.8,3.0,3.0,,,,,,,,40.5,7.0,58.0,21.4,59.5,2.9,,,,False,福建省农科院水稻研究所、四川农业大学水稻研究所,417,Wuling Mountains,Single/Mid,Three-line hybrid,Public,2,,,False,False,False
405,富优21,国审稻2007025,2007.0,国审,,True,True,False,籼,中稻,武陵山区中籼组,589.55,-0.3,Ⅱ优58,584.15,4.48,145.3,,112.1,19.9,23.5,134.7,86.2,27.6,1.0,1.0,,,,,,,,49.2,12.2,78.0,22.3,53.0,2.4,,,,False,四川省嘉陵农作物品种研究中心,415,Wuling Mountains,Single/Mid,Three-line hybrid,Public,1,,,False,False,False
507,岳优712,国审稻2007026,2007.0,国审,,True,True,False,籼,双季,长江中下游晚籼早熟组,498.85,5.97,金优207,479.0,5.79,113.8,,93.8,22.8,23.0,115.4,77.0,26.0,6.3,6.3,,,,,,,,65.8,0.7,8.0,15.4,67.0,3.5,,3.0,《优质稻谷》,False,湖南洞庭种业有限公司、湖南省岳阳市农业科学研究所,446,Middle-Lower Yangtze,Late,Three-line hybrid,Joint,2,0.0,,False,False,False
577,奥两优28,国审稻2007027,2007.0,国审,,True,False,True,籼,双季,长江中下游晚籼早熟组,498.27,5.85,金优207,495.6,9.45,114.6,,99.6,19.2,23.8,132.2,76.1,27.7,5.5,5.5,,,,,,,,68.3,1.3,11.0,21.9,77.0,3.2,,2.0,《优质稻谷》,False,湖南怀化奥谱隆作物育种工程研究所,445,Middle-Lower Yangtze,Late,Two-line hybrid,Public,1,1.0,,False,False,False
278,新优188,国审稻2007028,2007.0,国审,,True,True,False,籼,双季,长江中下游晚籼早熟组,491.16,4.34,金优207,468.3,3.42,112.4,,101.0,19.4,24.0,127.9,82.3,25.9,5.9,5.9,,,7.0,,,,,65.1,1.3,9.0,21.3,71.0,3.6,,2.0,《优质稻谷》,True,安徽荃银禾丰种业有限公司,428,Middle-Lower Yangtze,Late,Three-line hybrid,Enterprise,1,1.0,,False,False,False
99,T优272,国审稻2007029,2007.0,国审,,True,True,False,籼,双季,长江中下游晚籼早熟组,484.15,2.85,金优207,466.4,3.0,114.9,,105.5,17.4,25.4,157.7,76.0,26.3,5.2,5.2,,,,,,,,65.8,2.2,17.0,21.5,67.0,3.4,,2.0,《优质稻谷》,False,湖南亚华种业科学研究院,441,Middle-Lower Yangtze,Late,Three-line hybrid,Enterprise,1,1.0,,False,False,False
658,Ⅱ优851,国审稻2007030,2007.0,国审,,True,True,False,籼,双季,长江中下游晚籼中迟熟组,485.46,3.48,汕优46,519.95,5.89,120.0,,106.6,17.0,22.9,146.7,79.3,27.8,4.2,4.2,,,,,,,,64.7,4.0,36.0,19.7,78.0,3.1,,,,False,福建省南平市农业科学研究所,430,Middle-Lower Yangtze,Late,Three-line hybrid,Public,1,,,False,False,False
461,春优2号,国审稻2007031,2007.0,国审,,True,True,False,粳,单季,长江中下游单季晚粳组,598.06,11.12,秀水63,604.67,11.04,150.1,,104.6,17.0,17.7,166.9,83.4,27.6,6.2,6.2,,,3.0,,,,,74.4,2.4,23.0,15.8,75.0,1.6,,2.0,《优质稻谷》,False,中国水稻研究所、浙江农科种业有限公司,446,Middle-Lower Yangtze,Late,Three-line hybrid,Joint,2,1.0,,False,False,False
469,甬优5号,国审稻2007032,2007.0,国审,,True,True,False,粳,单季,长江中下游单季晚粳组,568.89,5.7,秀水63,597.83,9.79,151.0,,116.1,16.8,20.9,126.6,82.2,35.0,4.0,4.0,,,3.0,,,,,74.2,,,1.5,100.0,2.1,,,《优质稻谷》,False,宁波市农科院作物所、宁波市种子公司,418,Middle-Lower Yangtze,Late,Three-line hybrid,Joint,2,,,False,False,False
281,郑稻18号,国审稻2007033,2007.0,国审,,False,False,False,粳,,豫粳6号组,570.6,10.8,豫粳6号,543.0,2.1,159.4,,107.1,,15.7,128.1,86.5,25.1,,,,,,,,,,70.3,3.0,,16.7,82.0,,,3.0,《优质稻谷》,False,河南省农科院粮作所,368,Other/Unspecified,Unspecified,Inbred/Other,Public,1,0.0,,False,False,False
351,津粳优180,国审稻2007034,2007.0,国审,,True,True,False,粳,,豫粳6号组,582.3,13.1,豫粳6号,585.9,10.2,153.5,,118.2,,20.5,,73.6,26.7,,,,,,,,,,62.1,4.6,,17.1,78.0,,,3.0,《优质稻谷》,False,天津市水稻研究所,372,Other/Unspecified,Unspecified,Three-line hybrid,Public,1,0.0,,False,False,False
342,徐优733,国审稻2007035,2007.0,国审,,True,True,False,粳,,豫粳6号组,567.0,12.5,豫粳6号,563.2,12.2,153.2,,111.4,,21.5,155.5,82.2,24.9,,,,,,,,,,71.1,6.1,,15.2,71.0,,,,,False,江苏徐淮地区徐州农业科学研究所,353,Other/Unspecified,Unspecified,Three-line hybrid,Public,1,,,False,False,False
166,中作0201,国审稻2007036,2007.0,国审,,False,False,False,粳,,中作93组,623.8,9.4,中作93,623.7,30.1,175.9,,132.2,,22.0,148.5,85.9,25.5,,,,,,,,,,64.3,0.8,,15.7,84.0,,,2.0,《优质稻谷》,False,中国农业科学院作物科学研究所,361,Other/Unspecified,Unspecified,Inbred/Other,Public,1,1.0,,False,False,False
458,津原11,国审稻2007037,2007.0,国审,,False,False,False,粳,,中作93组,620.2,8.8,中作93,667.8,39.3,176.9,,105.0,,17.2,117.5,87.3,26.8,,,,,,,,,,69.3,1.8,,17.0,84.0,,,2.0,《优质稻谷》,False,天津市原种场,367,Other/Unspecified,Unspecified,Inbred/Other,Unknown,1,1.0,,False,False,False
555,津粳优116,国审稻2007038,2007.0,国审,,True,True,False,粳,,中作93组,626.1,20.5,中作93,669.9,39.7,164.4,,114.4,,20.8,168.0,84.2,27.3,,,,,,,,,,64.8,2.2,,15.2,85.0,,,3.0,《优质稻谷》,False,天津市水稻研究所,378,Other/Unspecified,Unspecified,Three-line hybrid,Public,1,0.0,,False,False,False
398,金穗8号,国审稻2007039,2007.0,国审,,False,False,False,粳,,中作93组,569.5,9.6,中作93,512.1,6.8,166.2,,106.3,,17.1,159.4,81.7,24.3,,,,,,,,,,59.2,4.2,,15.8,74.5,,,,,False,河北省稻作研究所,366,Other/Unspecified,Unspecified,Inbred/Other,Public,1,,,False,False,False
404,盐粳68,国审稻2007040,2007.0,国审,,False,False,False,粳,,金株1号组,614.5,3.9,金珠1号,635.2,5.7,157.1,,97.4,,15.8,121.8,90.8,24.0,,,,,,,,,,65.9,1.2,,16.4,81.0,,,2.0,《优质稻谷》,False,辽宁盐碱地利用研究所,365,Other/Unspecified,Unspecified,Inbred/Other,Public,1,1.0,,False,False,False
527,中京优470,国审稻2007041,2007.0,国审,,True,True,False,粳,,金株1号组,633.9,13.5,金珠1号,700.5,16.6,160.1,,99.1,,22.7,155.3,82.9,24.9,,,,,,,,,,68.1,1.6,,15.5,83.0,,,2.0,《优质稻谷》,False,中国种子集团公司,377,Other/Unspecified,Unspecified,Three-line hybrid,Enterprise,1,1.0,,False,False,False
329,五优135,国审稻2007042,2007.0,国审,,True,True,False,粳,,秋光组,701.3,9.2,秋光,643.7,4.7,157.9,,112.4,,19.9,121.4,78.4,25.0,,,,,,,,,,65.7,2.1,,18.0,78.0,,,2.0,《优质稻谷》,False,,346,Other/Unspecified,Unspecified,Three-line hybrid,Unknown,0,1.0,,False,False,False
361,铁粳7号,国审稻2007043,2007.0,国审,,False,False,False,粳,,秋光组,661.0,4.4,秋光,657.2,4.0,156.3,,91.0,,14.6,109.3,86.8,25.3,,,,,,,,,,67.7,1.9,,16.4,74.0,,,2.0,《优质稻谷》,False,辽宁省铁岭市农科院,345,Other/Unspecified,Unspecified,Inbred/Other,Public,1,1.0,,False,False,False
138,辽星17,国审稻2007044,2007.0,国审,,False,False,False,粳,,秋光组,616.6,-2.6,秋光,623.6,1.3,158.8,,99.3,,15.7,128.5,77.4,22.3,,,,,,,,,,69.4,0.5,,17.7,80.0,,,1.0,《优质稻谷》,False,辽宁省稻作研究所,352,Other/Unspecified,Unspecified,Inbred/Other,Public,1,1.0,,False,False,False
541,吉粳110,国审稻2007045,2007.0,国审,,False,False,False,粳,,吉玉粳组,650.7,4.6,吉玉粳,619.9,1.9,151.1,,96.6,,17.2,99.6,91.0,25.3,,,,,,,,,,68.0,,,17.5,77.0,,,3.0,《优质稻谷》,False,吉林省农科院水稻所,354,North/Huanghuai,Unspecified,Inbred/Other,Public,1,0.0,,False,False,False
378,吉粳108,国审稻2007046,2007.0,国审,,False,False,False,粳,,吉玉粳组,658.4,2.1,吉玉粳,646.4,6.2,150.1,,100.3,,17.7,94.1,90.0,24.8,,,,,,,,,,64.6,0.7,,17.9,78.0,,,2.0,《优质稻谷》,False,吉林省农科院水稻所,365,North/Huanghuai,Unspecified,Inbred/Other,Public,1,1.0,,False,False,False
528,长白15号,国审稻2007047,2007.0,国审,,False,False,False,粳,,吉玉粳组,682.2,5.8,吉玉粳,680.2,11.8,148.1,,97.9,,16.9,101.6,91.4,24.2,,,,,,,,,,70.7,1.4,,17.2,81.5,,,2.0,《优质稻谷》,False,吉林省农科院水稻所,372,North/Huanghuai,Unspecified,Inbred/Other,Public,1,1.0,,False,False,False
643,通禾832,国审稻2007048,2007.0,国审,,False,False,False,粳,,吉玉粳组,675.7,4.8,吉玉粳,654.7,7.6,149.0,,96.3,,16.9,94.3,91.4,23.8,,,,,,,,,,63.5,1.0,,16.4,84.0,,,3.0,《优质稻谷》,False,吉林省通化市农业科学研究院,366,North/Huanghuai,Unspecified,Inbred/Other,Unknown,1,0.0,,False,False,False
579,通丰8号,国审稻2007049,2007.0,国审,,False,False,False,粳,,吉玉粳组,657.8,2.0,吉玉粳,665.5,9.4,151.2,,100.3,,16.9,103.4,85.7,26.7,,,,,,,,,,68.8,2.1,,18.4,78.5,,,2.0,《优质稻谷》,False,吉林省通化市农业科学研究院,370,North/Huanghuai,Unspecified,Inbred/Other,Unknown,1,1.0,,False,False,False
625,辽优5273,国审稻2007050,2007.0,国审,,True,True,False,粳,,黄淮海麦茬稻区中晚熟组,322.4,15.5,旱稻277,360.4,23.0,110.0,,100.5,20.4,19.2,122.4,79.8,24.1,,,,,,,,,,62.0,6.8,75.0,14.6,78.0,,,,,False,辽宁省稻作研究所,388,North/Huanghuai,Single/Mid,Three-line hybrid,Public,1,,,False,False,False
215,徐旱1号,国审稻2007051,2007.0,国审,,False,False,False,粳,,黄淮海麦茬稻区中晚熟组,296.2,6.1,旱稻277,,2.8,112.0,,94.8,18.92,19.3,91.2,80.6,25.4,,,,,,,,,,70.5,0.4,4.0,15.4,86.0,,,1.0,《优质稻谷》,False,江苏徐淮地区徐州农业科学研究所,399,North/Huanghuai,Single/Mid,Inbred/Other,Public,1,1.0,,False,False,False
457,沈元一号,国审稻2007052,2007.0,国审,,False,False,False,粳,一季稻,,385.66,4.48,旱稻297,369.16,8.93,139.0,,98.1,22.0,20.0,102.9,92.1,26.3,,,,,,,,,,68.3,0.65,9.0,16.8,82.0,,,1.0,《优质稻谷》,False,沈阳农业大学,383,Other/Unspecified,Single/Mid,Inbred/Other,Public,1,1.0,,False,False,False
37,Y两优1号,国审稻2008001,2008.0,国审,,True,False,True,籼,双季,华南早籼组,503.8,3.32,Ⅱ优128,486.1,2.97,133.2,0.1,114.7,18.5,23.6,133.3,82.2,26.0,5.1,5.1,,,5.0,,7.0,,,64.0,3.9,27.0,13.0,73.0,3.0,,,,False,湖南杂交水稻研究中心,450,South China,Early,Two-line hybrid,Public,1,,,False,False,False
101,皖稻153,国审稻2008013,2008.0,国审,,True,False,True,籼,中稻,长江中下游迟熟中籼组,581.4,5.54,Ⅱ优838,560.7,5.27,134.2,1.0,115.2,16.6,22.8,188.3,81.5,23.8,5.9,5.9,,,5.0,,9.0,,,62.9,4.7,34.0,23.1,73.0,2.9,,,,False,安徽省农业科学院水稻研究所,448,Middle-Lower Yangtze,Single/Mid,Two-line hybrid,Public,1,,,False,False,False
137,五优308,国审稻2008014,2008.0,国审,,True,True,False,籼,双季,长江中下游早熟晚籼组,504.5,6.68,金优207,511.7,0.29,112.2,1.7,99.6,19.4,21.7,157.3,73.3,23.6,5.1,5.1,,,,,5.0,,,59.1,0.8,6.0,20.6,58.0,2.9,,1.0,《优质稻谷》,False,广东省农业科学院水稻研究所,458,Middle-Lower Yangtze,Late,Three-line hybrid,Public,1,1.0,,False,False,False
266,湘优66,国审稻2008015,2008.0,国审,,True,True,False,籼,双季,长江中下游早熟晚籼组,500.8,5.89,金优207,510.2,,113.4,2.9,106.4,19.8,24.3,145.0,73.1,26.0,5.3,5.3,,,,,9.0,,,66.2,2.4,21.0,24.0,79.0,3.5,,3.0,《优质稻谷》,False,湖南科裕隆种业有限公司,460,Middle-Lower Yangtze,Late,Three-line hybrid,Enterprise,1,0.0,,False,False,False
362,新两优106,国审稻2008016,2008.0,国审,,True,False,True,籼,双季,长江中下游早熟晚籼组,503.0,5.63,金优207,531.1,4.1,112.7,2.2,107.4,18.5,23.9,137.7,74.5,29.4,6.0,6.0,,,,,7.0,,,65.4,1.5,12.0,15.1,70.0,3.0,,3.0,《优质稻谷》,True,安徽荃银禾丰种业有限公司,485,Middle-Lower Yangtze,Late,Two-line hybrid,Enterprise,1,0.0,,False,False,False
232,东优962,国审稻2008017,2008.0,国审,,True,True,False,籼,双季,长江中下游中迟熟晚籼组,487.6,2.03,汕优46,459.9,3.63,118.5,-0.1,104.8,18.5,21.2,163.3,72.2,24.9,3.5,3.5,,,7.0,,9.0,,,65.6,0.2,2.0,20.1,68.0,3.3,,1.0,《优质稻谷》,False,江西省种子公司,465,Middle-Lower Yangtze,Late,Three-line hybrid,Enterprise,1,1.0,,False,False,False
318,准两优893,国审稻2008018,2008.0,国审,,True,False,True,籼,双季,长江中下游中迟熟晚籼组,500.2,4.67,汕优46,498.4,8.07,120.0,1.4,109.8,17.9,23.1,141.3,83.8,26.7,6.4,6.4,,,,,9.0,,,64.5,0.6,5.0,23.5,81.0,3.2,,3.0,《优质稻谷》,False,湖南杂交水稻研究中心、湖南隆平种业有限公司,471,Middle-Lower Yangtze,Late,Two-line hybrid,Joint,2,0.0,,False,False,False
381,先农18号,国审稻2008019,2008.0,国审,,True,True,False,籼,双季,,454.4,-4.08,汕优46,437.5,1.38,118.3,0.4,115.6,16.3,25.6,162.1,75.3,24.9,5.9,5.9,,,7.0,,,,,65.9,0.1,2.0,20.1,82.0,3.5,,1.0,《优质稻谷》,False,江西省种子公司,451,Other/Unspecified,Unspecified,Three-line hybrid,Enterprise,1,1.0,,False,False,False
130,天优华占,国审稻2008020,2008.0,国审,,True,True,False,籼,双季,长江中下游中迟熟晚籼组,523.7,10.32,汕优46,491.7,7.15,119.2,-0.3,101.3,18.9,21.1,155.1,76.8,24.9,3.4,3.4,,,7.0,,7.0,,,69.9,0.3,3.0,20.7,80.0,3.4,,1.0,《优质稻谷》,False,中国水稻研究所、中国科学院遗传与发育生物学研究所、广东省农业科学院水稻研究所,456,Middle-Lower Yangtze,Late,Three-line hybrid,Public,3,1.0,,False,False,False
356,秀水09,国审稻2008021,2008.0,国审,,False,False,False,粳,单季,长江中下游单季晚粳组,552.3,2.62,秀水63,541.7,10.15,148.4,0.8,92.5,20.3,15.9,127.1,89.0,25.9,3.4,3.4,,,,,,,,75.2,0.2,4.0,16.3,71.0,1.8,,1.0,《优质稻谷》,False,浙江省嘉兴市农业科学研究院,467,Middle-Lower Yangtze,Late,Inbred/Other,Unknown,1,1.0,,False,False,False
377,嘉优2号,国审稻2008022,2008.0,国审,,True,True,False,粳,单季,长江中下游单季晚粳组,582.5,10.96,秀水63,562.4,13.64,146.2,-1.2,109.7,15.7,18.1,183.6,87.9,26.3,3.4,3.4,,,,,9.0,,,76.3,1.9,14.0,16.6,80.0,1.7,,2.0,《优质稻谷》,False,浙江省嘉兴市农业科学研究院、浙江省长兴县种子公司、浙江省海盐县种子公司、浙江省绍兴市农业科学研究院、浙江省诸暨市种子公司,456,Middle-Lower Yangtze,Late,Three-line hybrid,Enterprise,5,1.0,,False,False,False
122,甬优9号,国审稻2008023,2008.0,国审,,True,True,False,籼,单季,长江中下游单季晚粳组,628.1,19.66,秀水63,541.7,10.15,152.7,5.3,118.7,16.8,24.0,200.4,77.6,25.8,4.4,4.4,,,,,9.0,,,72.7,1.4,12.0,16.8,75.0,2.6,,2.0,《优质稻谷》,False,浙江省宁波市农业科学研究院作物研究所、宁波市种子有限公司,476,Middle-Lower Yangtze,Late,Three-line hybrid,Joint,2,1.0,,False,False,False
317,甬优11号,国审稻2008024,2008.0,国审,,True,True,False,粳,单季,长江中下游单季晚粳组,628.5,19.73,秀水63,546.0,9.2,153.2,5.7,126.8,14.4,22.9,257.3,76.8,24.6,4.7,4.7,,,5.0,,9.0,,,72.8,1.9,18.0,14.7,70.0,2.2,,,,False,浙江省宁波市农业科学研究院作物研究所、宁波市种子有限公司,452,Middle-Lower Yangtze,Late,Three-line hybrid,Joint,2,,,False,False,False
293,春优58,国审稻2008025,2008.0,国审,,True,True,False,粳,单季,长江中下游单季晚粳组,635.3,21.03,秀水63,595.7,20.25,150.0,2.6,122.4,16.7,20.6,225.2,79.3,23.5,5.1,5.1,,,5.0,,7.0,,,74.2,1.6,13.0,16.8,77.0,2.2,,2.0,《优质稻谷》,False,中国水稻研究所、浙江农科种业有限公司,456,Middle-Lower Yangtze,Late,Three-line hybrid,Joint,2,1.0,,False,False,False
360,常优4号,国审稻2008026,2008.0,国审,,True,True,False,粳,单季,长江中下游单季晚粳组,561.5,6.96,秀水63,536.8,7.35,147.4,,109.5,17.1,18.8,175.6,84.5,25.4,6.1,6.1,,,,,9.0,,,75.8,0.7,9.0,17.5,73.0,1.8,,1.0,《优质稻谷》,False,江苏省常熟市农业科学研究所,451,Middle-Lower Yangtze,Late,Three-line hybrid,Public,1,1.0,,False,False,False
173,6优160,国审稻2008027,2008.0,国审,,True,True,False,粳,,黄淮粳稻组,642.0,17.0,豫粳6号,592.2,14.8,156.1,,127.2,,21.9,212.0,74.9,23.4,,,,,,,,,,64.9,3.0,24.5,15.1,84.0,,,3.0,《优质稻谷》,False,天津市水稻研究所,412,North/Huanghuai,Single/Mid,Three-line hybrid,Public,1,0.0,,False,False,False
151,新稻18号,国审稻2008028,2008.0,国审,,False,False,False,粳,,黄淮粳稻组,634.4,15.6,豫粳6号,579.2,12.3,156.0,,106.6,,15.5,138.3,85.5,25.6,,,,,,,,,,65.1,3.7,38.0,16.1,82.0,,,,,False,河南省新乡市农业科学院,406,North/Huanghuai,Single/Mid,Inbred/Other,Public,1,,,False,False,False
162,泗稻12号,国审稻2008029,2008.0,国审,,False,False,False,粳,,黄淮粳稻组,614.2,11.9,豫粳6号,581.1,12.7,155.6,,104.4,,16.8,138.5,85.1,25.3,,,,,,,,,,69.2,3.4,31.0,17.0,83.0,,,,,False,江苏省农业科学院宿迁农科所,399,North/Huanghuai,Single/Mid,Inbred/Other,Public,1,,,False,False,False
352,圣稻15,国审稻2008030,2008.0,国审,,False,False,False,粳,,黄淮粳稻组,596.9,8.7,豫粳6号,576.6,11.8,155.1,,104.2,,16.9,150.3,85.4,26.9,,,,,,,,,,63.3,3.9,49.0,17.2,83.0,,,,,False,山东省水稻研究所,406,North/Huanghuai,Single/Mid,Inbred/Other,Public,1,,,False,False,False
447,中花18号,国审稻2008031,2008.0,国审,,False,False,False,粳,,京、津、唐粳稻组,534.0,2.7,中作93,530.7,9.1,169.7,,114.5,,18.9,119.4,88.9,25.6,,,,,,,,,,67.8,0.7,10.0,16.8,82.0,,,1.0,《优质稻谷》,False,中国农业科学院作物科学研究所,394,Other/Unspecified,Single/Mid,Inbred/Other,Public,1,1.0,,False,False,False
1259,特优9846,国审稻2009001,2009.0,国审,,True,True,False,籼,双季,华南早籼组,502.14,6.73,天优998,475.56,2.34,129.3,6.2,113.1,17.1,23.9,130.1,82.6,29.3,5.0,5.0,,,9.0,,9.0,,,49.7,24.5,96.0,20.8,35.0,2.5,,,,False,广西容县种子公司,448,South China,Early,Three-line hybrid,Enterprise,1,,,False,False,False
2807,天优578,国审稻2009002,2009.0,国审,,True,True,False,籼,双季,华南早籼组,495.81,5.38,天优998,465.01,0.07,124.6,1.5,102.5,18.0,22.2,146.4,76.6,26.8,4.1,4.1,,,7.0,,9.0,,,48.8,14.7,58.0,25.5,33.0,2.8,,,,False,广东省农业科学院水稻研究所,452,South China,Early,Three-line hybrid,Public,1,,,False,False,False
1860,嘉糯1优2号,国审稻2009003,2009.0,国审,,True,True,False,籼,双季,华南感光晚籼组,511.34,0.76,博优998,498.67,3.45,111.4,-2.3,112.2,16.4,24.5,155.7,86.6,26.0,6.9,6.9,,,7.0,,7.0,,,60.6,,,1.7,100.0,2.5,,,,False,福建农林大学作物遗传育种研究所,449,South China,Late,Three-line hybrid,Public,1,,,False,False,False
298,泰优99,国审稻2009004,2009.0,国审,,True,True,True,籼,中稻,长江上游迟熟中籼组,627.37,6.52,Ⅱ优838,599.91,7.28,159.8,3.1,120.7,16.0,25.8,169.9,80.6,30.7,5.8,5.8,,,,,9.0,抽穗期耐热性中等,,56.7,5.4,31.0,22.4,47.0,2.4,,,,False,四川省农业科学院水稻高粱研究所,449,Upper Yangtze,Single/Mid,Hybrid (unclear),Public,1,,,False,False,False
875,内5优5399,国审稻2009005,2009.0,国审,,True,True,True,籼,中稻,长江上游迟熟中籼组,599.92,0.51,Ⅱ优838,587.9,5.0,155.6,-1.6,113.2,16.0,24.6,170.9,80.1,29.0,3.8,3.8,,,,,9.0,抽穗期耐热性中等,,61.1,2.6,22.0,22.9,67.0,3.1,,2.0,《优质稻谷》,False,内江杂交水稻科技开发中心,494,Upper Yangtze,Single/Mid,Hybrid (unclear),Unknown,1,1.0,,False,False,False
1391,川香优178,国审稻2009006,2009.0,国审,,True,True,True,籼,中稻,长江上游迟熟中籼组,559.87,-4.57,Ⅱ优838,544.96,2.09,158.0,2.7,113.0,16.9,25.7,162.7,75.1,28.7,2.0,2.0,,,,,9.0,抽穗期耐热性中等,,64.5,2.8,20.0,22.6,62.0,2.8,,2.0,《优质稻谷》,False,四川省农业科学院作物研究所,472,Upper Yangtze,Single/Mid,Hybrid (unclear),Public,1,1.0,,False,False,False
2652,川农优527,国审稻2009007,2009.0,国审,,True,True,True,籼,中稻,长江上游迟熟中籼组,614.96,5.54,Ⅱ优838,576.82,3.58,158.3,1.2,114.5,16.2,24.9,159.4,81.8,31.1,6.1,6.1,,,,,9.0,抽穗期耐热性中等,,56.7,3.1,19.0,22.9,52.0,2.9,,3.0,《优质稻谷》,False,四川农业大学水稻研究所,478,Upper Yangtze,Single/Mid,Hybrid (unclear),Public,1,0.0,,False,False,False
340,中嘉早17,国审稻2009008,2009.0,国审,,False,False,False,籼,双季,长江中下游早中熟早籼组,517.64,9.12,浙733,517.88,14.71,109.0,0.6,88.4,20.6,18.0,122.5,82.5,26.3,5.7,5.7,,,7.0,,9.0,,,66.7,17.9,96.0,25.9,77.0,2.2,,,,False,中国水稻研究所、浙江省嘉兴市农业科学研究院,453,Middle-Lower Yangtze,Early,Inbred/Other,Public,2,,,False,False,False
2318,淦鑫203,国审稻2009009,2009.0,国审,,True,True,False,籼,双季,长江中下游迟熟早籼组,520.97,4.66,金优402,537.34,4.37,114.4,1.7,95.5,21.8,18.4,103.5,86.3,28.3,4.7,4.7,,,5.0,,9.0,,,48.6,12.1,49.0,20.9,51.0,2.9,,,,False,广东省农业科学院水稻研究所、江西现代种业有限责任公司、江西农业大学农学院,468,Middle-Lower Yangtze,Early,Three-line hybrid,Joint,3,,,False,False,False
1534,株两优4024,国审稻2009010,2009.0,国审,,True,False,True,籼,双季,长江中下游迟熟早籼组,523.29,5.13,金优402,538.5,4.59,110.2,-2.5,100.0,21.0,19.6,106.3,87.7,28.5,4.4,4.4,,,7.0,,9.0,,,52.4,18.6,98.0,24.9,76.0,3.1,,,,False,湖南农业大学、株州市农业科学研究所,450,Middle-Lower Yangtze,Early,Two-line hybrid,Public,2,,,False,False,False
1833,天优3611,国审稻2009011,2009.0,国审,,True,True,False,籼,中稻,长江中下游迟熟中籼组,577.22,4.42,Ⅱ优838,540.13,2.75,137.1,3.1,120.3,15.8,24.4,189.1,75.4,27.8,4.3,4.3,,,7.0,,5.0,,,46.2,11.1,56.0,25.7,71.0,2.9,,,,False,扬州大学农学院、中国科学院遗传与发育生物学研究所、江苏中江种业股份有限公司,445,Middle-Lower Yangtze,Single/Mid,Three-line hybrid,Joint,3,,,False,False,False
1316,丰两优四号,国审稻2009012,2009.0,国审,,True,False,True,籼,中稻,长江中下游迟熟中籼组,606.4,7.04,Ⅱ优838,575.19,9.42,135.3,0.1,124.8,16.1,24.2,180.6,79.7,28.2,6.2,6.2,,,7.0,,9.0,,,60.3,2.9,21.0,16.1,75.0,2.9,,2.0,《优质稻谷》,False,合肥丰乐种业股份有限公司,474,Middle-Lower Yangtze,Single/Mid,Two-line hybrid,Enterprise,1,1.0,,False,False,False
1880,丰优989,国审稻2009013,2009.0,国审,,True,True,False,籼,中稻,长江中下游迟熟中籼组,604.27,6.67,Ⅱ优838,561.3,7.01,131.8,-3.4,127.0,15.6,25.4,199.4,79.5,27.1,6.5,6.5,,,7.0,,9.0,,,62.5,3.0,26.0,13.8,75.0,2.8,,,,False,合肥丰乐种业股份有限公司,446,Middle-Lower Yangtze,Single/Mid,Three-line hybrid,Enterprise,1,,,False,False,False
2597,钱优1号,国审稻2009014,2009.0,国审,,True,True,False,籼,中稻,长江中下游迟熟中籼组,577.0,3.63,Ⅱ优838,545.7,1.86,129.7,-4.3,114.6,17.5,23.7,176.6,77.2,26.3,6.0,6.0,,,7.0,,7.0,,,55.4,6.5,48.0,22.1,68.0,2.7,,,,False,浙江省农业科学院作物与核技术利用研究所、浙江农科种业有限公司,440,Middle-Lower Yangtze,Single/Mid,Three-line hybrid,Joint,2,,,False,False,False
1473,扬籼优418,国审稻2009015,2009.0,国审,,True,True,False,籼,中稻,长江中下游迟熟中籼组,559.79,0.54,Ⅱ优838,559.13,4.5,134.5,0.5,126.2,15.5,24.9,183.1,79.0,27.0,7.0,7.0,,,5.0,,7.0,,,61.0,3.1,22.0,22.9,70.0,3.0,,3.0,《优质稻谷》,False,江苏里下河地区农业科学研究所,465,Middle-Lower Yangtze,Single/Mid,Three-line hybrid,Public,1,0.0,,False,False,False
664,深两优5814,国审稻2009016,2009.0,国审,,True,False,True,籼,中稻,长江中下游迟熟中籼组,587.19,4.22,Ⅱ优838,537.91,2.16,136.8,1.8,124.3,17.2,26.5,171.4,84.1,25.7,3.8,3.8,,,5.0,,9.0,,,65.8,2.0,13.0,16.3,74.0,3.0,,2.0,《优质稻谷》,False,国家杂交水稻工程技术研究中心清华深圳龙岗研究所,452,Middle-Lower Yangtze,Single/Mid,Two-line hybrid,Public,1,1.0,,False,False,False
1813,协优152,国审稻2009017,2009.0,国审,,True,True,False,籼,中稻,长江中下游迟熟中籼组,569.51,3.38,Ⅱ优838,558.26,3.99,130.8,-2.4,124.7,16.1,27.4,165.8,81.2,28.6,4.8,4.8,,,7.0,,7.0,抽穗期耐热性7级,,54.0,6.3,42.0,23.2,75.0,3.0,,,,False,定远双丰农业科学研究中心、成都视达生物技术开发研究所,453,Middle-Lower Yangtze,Single/Mid,Three-line hybrid,Public,2,,,False,False,False
2193,宜优673,国审稻2009018,2009.0,国审,,True,True,False,籼,中稻,长江中下游迟熟中籼组,567.54,3.02,Ⅱ优838,571.57,6.46,133.8,0.5,132.4,16.6,28.1,152.6,75.8,30.9,4.1,4.1,,,9.0,,7.0,,,49.8,6.7,52.0,16.4,66.0,3.1,,,,False,福建省农业科学院水稻研究所,443,Middle-Lower Yangtze,Single/Mid,Three-line hybrid,Public,1,,,False,False,False
1293,中9优8012,国审稻2009019,2009.0,国审,,True,True,False,籼,中稻,长江中下游迟熟中籼组,567.51,3.02,Ⅱ优838,558.47,5.31,133.1,-0.1,125.7,15.6,26.0,184.5,79.9,26.6,5.4,5.4,,,7.0,,9.0,,,55.5,6.3,31.0,25.6,69.0,3.1,,,,False,中国水稻研究所,457,Middle-Lower Yangtze,Single/Mid,Three-line hybrid,Public,1,,,False,False,False
1561,盐两优888,国审稻2009020,2009.0,国审,,True,False,True,籼,中稻,长江中下游迟熟中籼组,604.87,6.29,Ⅱ优838,598.39,11.33,131.4,-3.4,120.7,16.2,23.9,172.9,82.7,28.0,6.8,6.8,,,5.0,,9.0,,,59.9,3.7,31.0,15.2,76.0,2.9,,,,False,江苏沿海地区农业科学研究所,445,Middle-Lower Yangtze,Single/Mid,Two-line hybrid,Public,1,,,False,False,False
610,丰两优晚三,国审稻2009021,2009.0,国审,,True,False,True,籼,双季,长江中下游早熟晚籼组,517.29,7.14,金优207,557.63,4.44,109.8,-1.1,107.4,18.3,23.6,173.8,80.0,23.4,5.2,5.2,,,9.0,,9.0,,,65.0,2.4,20.0,23.6,60.0,3.1,,3.0,《优质稻谷》,False,合肥丰乐种业股份有限公司,475,Middle-Lower Yangtze,Late,Two-line hybrid,Enterprise,1,0.0,,False,False,False
2819,中3优1681,国审稻2009022,2009.0,国审,,True,True,False,籼,双季,长江中下游早熟晚籼组,520.93,5.98,金优207,569.15,6.6,113.9,3.0,106.3,18.9,23.7,160.9,78.4,24.6,5.0,5.0,,,5.0,,9.0,,耐冷性中等,63.2,1.9,14.0,25.4,61.0,2.9,,,,False,中国水稻研究所,452,Middle-Lower Yangtze,Late,Three-line hybrid,Public,1,,,False,False,False
2411,内2优111,国审稻2009023,2009.0,国审,,True,True,False,籼,双季,长江中下游中迟熟晚籼组,494.35,3.45,汕优46,495.5,2.31,120.7,2.1,107.8,16.8,24.1,149.4,68.1,31.3,6.3,6.3,,,7.0,,9.0,,耐冷性弱,60.0,1.1,16.0,15.6,70.0,3.1,,3.0,《优质稻谷》,False,中国水稻研究所,463,Middle-Lower Yangtze,Late,Three-line hybrid,Public,1,0.0,,False,False,False
1848,天丰优316,国审稻2009024,2009.0,国审,,True,True,False,籼,双季,长江中下游中迟熟晚籼组,482.25,0.91,汕优46,540.32,10.26,119.9,1.3,103.5,18.2,21.5,169.4,71.6,24.1,3.9,3.9,,,7.0,,7.0,,耐冷性弱,61.1,0.1,2.0,21.8,82.0,3.4,,1.0,《优质稻谷》,False,广东省汕头市农业科学研究所、广东省农业科学院水稻研究所,466,Middle-Lower Yangtze,Late,Three-line hybrid,Public,2,1.0,,False,False,False
1852,金优38,国审稻2009025,2009.0,国审,,True,True,False,籼,双季,长江中下游中迟熟晚籼组,463.41,-3.03,汕优46,528.43,7.92,115.5,-3.1,104.0,17.4,24.5,133.1,77.8,28.6,6.3,6.3,,,7.0,,7.0,,,68.3,0.4,5.0,22.0,72.0,3.2,,1.0,《优质稻谷》,False,黄冈市农业科学院,455,Middle-Lower Yangtze,Late,Three-line hybrid,Public,1,1.0,,False,False,False
2179,C两优396,国审稻2009026,2009.0,国审,,True,False,True,籼,双季,长江中下游中迟熟晚籼组,530.14,9.87,汕优46,523.45,8.65,118.5,1.3,105.3,18.0,23.7,128.8,79.8,29.4,5.8,5.8,,,7.0,,9.0,,,57.7,2.8,19.0,15.5,70.0,3.0,,3.0,《优质稻谷》,False,湖南农业大学,464,Middle-Lower Yangtze,Late,Two-line hybrid,Public,1,0.0,,False,False,False
1647,湘丰优186,国审稻2009028,2009.0,国审,,True,True,False,籼,双季,长江中下游中迟熟晚籼组,501.2,3.87,汕优46,498.44,3.13,117.3,0.1,111.1,16.8,24.0,148.8,78.2,28.6,6.5,6.5,,,9.0,,9.0,,,59.4,1.6,10.0,16.2,71.0,3.1,,2.0,《优质稻谷》,False,湖南隆平超级杂交稻工程研究中心有限公司,456,Middle-Lower Yangtze,Late,Three-line hybrid,Joint,1,1.0,,False,False,False
1234,天优122,国审稻2009029,2009.0,国审,,True,True,False,籼,双季,长江中下游中迟熟晚籼组,485.84,2.35,汕优46,524.39,7.38,116.6,-2.9,101.8,18.8,21.5,141.9,77.6,25.4,3.9,3.9,,,7.0,,9.0,,,63.4,0.8,6.0,20.7,81.0,3.5,,1.0,国标,False,广东省农业科学院水稻研究所,467,Middle-Lower Yangtze,Late,Three-line hybrid,Public,1,1.0,,False,False,False
1683,丰源优227,国审稻2009030,2009.0,国审,,True,True,False,籼,双季,长江中下游中迟熟晚籼组,483.19,1.79,汕优46,508.07,4.61,119.2,-0.2,104.3,19.4,22.3,125.6,78.7,26.9,4.4,4.4,,,7.0,,9.0,,,71.0,1.1,8.0,21.1,64.0,2.8,,2.0,国标,False,湖南杂交水稻研究中心,446,Middle-Lower Yangtze,Late,Three-line hybrid,Public,1,1.0,,False,False,False
1267,扬两优013,国审稻2009031,2009.0,国审,,True,False,True,籼,双季,长江中下游中迟熟晚籼组,502.69,5.1,汕优46,494.37,1.49,117.1,-0.7,112.1,16.5,21.8,147.5,80.4,27.7,6.8,6.8,,,5.0,,9.0,,,64.1,3.1,19.0,16.7,62.0,2.9,,3.0,《优质稻谷》,False,江苏里下河地区农业科学研究所,452,Middle-Lower Yangtze,Late,Two-line hybrid,Public,1,0.0,,False,False,False
1595,准两优608,国审稻2009032,2009.0,国审,,True,False,True,籼,双季,长江中下游中迟熟晚籼组,520.34,8.8,汕优46,535.61,8.98,119.0,1.1,108.9,16.3,24.1,137.1,82.0,31.0,5.2,5.2,,,9.0,,9.0,,,51.6,1.1,11.0,20.9,55.0,3.2,,,,False,湖南隆平种业有限公司、江西科源种业有限公司,442,Middle-Lower Yangtze,Late,Two-line hybrid,Enterprise,2,,,False,False,False
2059,中优161,国审稻2009033,2009.0,国审,,True,True,False,籼,双季,长江中下游中迟熟晚籼组,506.25,5.85,汕优46,525.8,6.47,117.4,-0.4,109.0,18.5,22.7,149.1,86.2,23.2,6.0,6.0,,,5.0,,9.0,,,67.9,1.9,14.0,21.0,51.0,2.8,,,《优质稻谷》,False,中国水稻研究所,451,Middle-Lower Yangtze,Late,Three-line hybrid,Public,1,,,False,False,False
1968,钱优0506,国审稻2009034,2009.0,国审,,True,True,False,籼,双季,长江中下游中迟熟晚籼组,496.68,3.85,汕优46,539.43,10.96,117.7,-0.1,105.9,19.1,22.8,144.5,77.3,26.4,4.0,4.0,,,5.0,,9.0,,,62.6,2.6,19.0,15.8,62.0,2.8,,3.0,《优质稻谷》,False,浙江省农业科学院作物与核技术利用研究所,452,Middle-Lower Yangtze,Late,Three-line hybrid,Public,1,0.0,,False,False,False
1912,Ⅱ优264,国审稻2009035,2009.0,国审,,True,True,False,籼,中稻,武陵山中籼组,586.57,2.62,Ⅱ优58,599.73,8.6,145.4,-0.5,119.7,17.9,23.8,136.0,89.0,28.1,1.2,1.2,,,,,,,,56.2,6.8,63.0,20.6,64.0,2.7,,,,False,湖北省恩施自治州农业科学院水稻油菜研究所,443,Wuling Mountains,Single/Mid,Three-line hybrid,Public,1,,,False,False,False
2032,广优2643,国审稻2009036,2009.0,国审,,True,True,False,籼,中稻,武陵山中籼组,579.69,1.42,Ⅱ优58,579.34,4.91,144.6,-1.1,114.8,18.9,23.3,142.6,80.7,29.1,1.7,1.7,,,,,,,,52.6,10.2,80.0,21.6,63.0,3.0,,,,False,福建省三明市农业科学研究所,442,Wuling Mountains,Single/Mid,Three-line hybrid,Public,1,,,False,False,False
1940,谷优航148,国审稻2009037,2009.0,国审,,True,True,False,籼,中稻,武陵山中籼组,562.16,-1.65,Ⅱ优58,572.22,3.62,142.7,-3.4,113.5,17.8,23.9,143.1,85.4,28.3,1.6,1.6,,,,,,,,57.2,18.2,86.0,21.8,59.0,2.6,,,,False,福建省农业科学院水稻研究所,433,Wuling Mountains,Single/Mid,Three-line hybrid,Public,1,,,False,False,False
1197,瑞优399,国审稻2009038,2009.0,国审,,True,True,False,籼,中稻,武陵山中籼组,585.5,4.26,Ⅱ优58,580.04,5.03,146.3,0.7,113.0,17.6,23.6,149.2,81.7,29.2,1.6,1.6,,,,,,,,58.2,8.8,54.0,22.7,60.0,3.2,,,,False,成都科瑞农业研究中心,436,Wuling Mountains,Single/Mid,Three-line hybrid,Public,1,,,False,False,False
1700,徐优502,国审稻2009039,2009.0,国审,,True,True,False,粳,,黄淮粳稻组,579.6,5.6,豫粳6号,623.2,3.2,154.8,,113.1,19.1,20.6,203.9,69.7,23.4,,,1.0,,,,,,,67.5,4.6,,16.0,79.0,,,,,False,江苏徐淮地区徐州农科所,389,North/Huanghuai,Single/Mid,Three-line hybrid,Public,1,,1.0,False,False,False
66,宁粳4号,国审稻2009040,2009.0,国审,,False,False,False,粳,,黄淮粳稻组,586.3,6.8,豫粳6号,609.4,0.9,155.6,,99.1,21.1,16.6,144.5,82.8,25.0,,,3.0,,,,,,,67.7,4.0,,16.7,83.0,,,,,False,南京农业大学农学院,369,North/Huanghuai,Single/Mid,Inbred/Other,Public,1,,1.0,False,False,False
479,津7优18,国审稻2009041,2009.0,国审,,True,True,False,粳,,黄淮粳稻组,640.4,4.2,9优418,619.4,2.5,150.7,,116.2,17.5,19.5,183.0,77.1,27.3,,,3.0,,,,,,,63.2,1.8,,15.9,85.0,,,3.0,《优质稻谷》,False,天津市丰美种业科技有限公司,412,North/Huanghuai,Single/Mid,Three-line hybrid,Enterprise,1,0.0,1.0,False,False,False
338,5优360,国审稻2009042,2009.0,国审,,True,True,False,粳,,黄淮粳稻组,648.3,5.5,9优418,628.7,4.3,154.6,,120.1,18.4,20.5,179.1,80.3,26.7,,,3.0,,,,,,,64.6,1.5,,16.7,84.5,,,2.0,《优质稻谷》,False,天津市水稻研究所,397,North/Huanghuai,Single/Mid,Three-line hybrid,Public,1,1.0,1.0,False,False,False
780,徐68优201,国审稻2009043,2009.0,国审,,True,True,False,粳,,黄淮粳稻组,643.2,4.7,9优418,628.6,4.2,157.7,,122.3,,19.7,,77.3,25.1,,,5.0,,,,,,,63.7,2.2,,16.2,82.5,,,3.0,《优质稻谷》,False,江苏徐淮地区徐州农科所,399,North/Huanghuai,Single/Mid,Three-line hybrid,Public,1,0.0,1.0,False,False,False
177,苏秀9号,国审稻2009044,2009.0,国审,,False,False,False,粳,,黄淮粳稻组,626.6,14.1,豫粳6号,577.5,12.0,154.0,,100.2,19.5,16.9,155.5,87.4,25.0,,,3.0,,,,,,,68.1,3.5,,17.3,83.0,,,,,False,嘉兴市农业科学研究院、江苏苏北农资有限公司,369,North/Huanghuai,Single/Mid,Inbred/Other,Enterprise,2,,1.0,False,False,False
796,10优18,国审稻2009045,2009.0,国审,,True,True,False,粳,,京、津、唐粳稻组,648.3,11.8,津原45,611.9,11.5,176.0,,121.5,,18.9,162.4,85.9,27.0,,,1.0,,,,,,,68.2,1.5,,16.1,82.0,,,2.0,《优质稻谷》,False,天津市水稻研究所,379,Other/Unspecified,Single/Mid,Three-line hybrid,Public,1,1.0,1.0,False,False,False
894,津7优58,国审稻2009046,2009.0,国审,,True,True,False,粳,,京、津、唐粳稻组,656.2,13.2,津原45,618.5,12.7,179.1,,124.9,18.9,20.0,170.4,85.4,25.8,,,3.0,,,,,,,67.3,1.3,,16.8,82.5,,,2.0,《优质稻谷》,False,天津市丰美种业科技有限公司,401,Other/Unspecified,Single/Mid,Three-line hybrid,Enterprise,1,1.0,1.0,False,False,False
804,津原D1,国审稻2009047,2009.0,国审,,False,False,False,粳,,京、津、唐粳稻组,585.4,1.0,津原45,566.8,3.3,175.9,,117.6,20.8,19.8,105.7,94.2,29.2,,,5.0,,,,,,,72.7,0.4,,17.2,83.5,,,1.0,《优质稻谷》,False,天津市原种场,390,Other/Unspecified,Single/Mid,Inbred/Other,Unknown,1,1.0,1.0,False,False,False
641,津9优78,国审稻2009048,2009.0,国审,,True,True,False,粳,,中早粳晚熟组,718.1,17.7,金珠1号,695.0,16.7,157.4,,107.1,23.3,23.0,174.1,82.7,25.4,,,3.0,,,,,,,64.5,4.6,,14.1,86.5,,,,,False,天津丰美种业科技有限公司,383,Other/Unspecified,Early,Three-line hybrid,Enterprise,1,,1.0,False,False,False
371,通系929,国审稻2009049,2009.0,国审,,False,False,False,粳,,中早粳早熟组,670.5,6.0,吉玉粳,663.6,10.4,150.5,,101.5,26.3,19.9,101.2,90.8,29.5,,,5.0,,,,,,,69.7,1.4,,17.3,85.0,,,2.0,《优质稻谷》,False,吉林省通化市农科院,390,Other/Unspecified,Early,Inbred/Other,Public,1,1.0,1.0,False,False,False
211,津原85,国审稻2009050,2009.0,国审,,False,False,False,粳,,黄淮海麦茬稻区中晚熟组,319.7,12.1,旱稻277,,12.0,118.0,,80.1,19.8,18.8,,86.6,25.2,,,,,,,,,,66.1,1.0,,14.4,84.0,,,,,False,天津市原种场,381,North/Huanghuai,Single/Mid,Inbred/Other,Unknown,1,,,False,False,False
267,信旱优26,国审稻2009051,2009.0,国审,,True,False,True,粳,,黄淮海麦茬稻区中晚熟组,,27.1,旱稻277,,31.9,124.0,,106.8,22.4,21.2,,75.6,23.7,,,3.0,,,,,,,50.8,6.8,59.0,19.5,74.0,,,,,False,河南省信阳市农业科学研究所,401,North/Huanghuai,Single/Mid,Two-line hybrid,Public,1,,1.0,False,False,False
195,焦旱1号,国审稻2009052,2009.0,国审,,False,False,False,粳,,黄淮海麦茬稻区中晚熟组,,22.9,旱稻277,,20.0,118.0,,95.2,,18.6,,87.4,25.6,,,5.0,,,,,,,67.4,1.2,19.0,15.8,81.5,,,2.0,《优质稻谷》,False,河南省焦作市农林科学研究院,417,North/Huanghuai,Single/Mid,Inbred/Other,Unknown,1,1.0,1.0,False,False,False
619,陵两优472,国审稻2010001,2010.0,国审,,True,False,True,籼,双季,华南感光晚籼组,500.2,3.1,博优998,489.3,5.6,113.6,1.6,115.3,16.4,24.5,143.8,83.5,29.0,5.1,5.1,,,9.0,,9.0,,,67.7,2.9,15.0,13.2,75.0,3.2,,,,False,湖南亚华种业科学研究院,442,South China,Late,Two-line hybrid,Enterprise,1,,,False,False,False
197,潭两优83,国审稻2010002,2010.0,国审,,True,False,True,籼,双季,长江中下游早籼早中熟组,502.1,7.4,浙733,465.8,6.3,109.4,-0.6,82.7,22.2,19.4,109.1,84.4,26.1,2.8,2.8,,,7.0,,7.0,,,58.1,22.9,91.0,19.0,56.0,2.2,,,,False,湘潭市农业科学研究所,434,Middle-Lower Yangtze,Early,Two-line hybrid,Public,1,,,False,False,False
165,陵两优211,国审稻2010003,2010.0,国审,,True,False,True,籼,双季,长江中下游早籼早中熟组,514.0,9.9,浙733,484.1,10.5,109.8,-0.2,79.8,23.4,18.7,105.8,82.9,26.3,5.8,5.8,,,5.0,,9.0,,,67.0,4.2,26.0,13.2,77.0,3.0,,,,False,袁隆平农业高科技股份有限公司,444,Middle-Lower Yangtze,Early,Two-line hybrid,Enterprise,1,,,False,False,False
789,株两优173,国审稻2010004,2010.0,国审,,True,False,True,籼,双季,长江中下游早籼早中熟组,510.1,9.1,浙733,477.0,8.9,108.0,-2.0,86.8,22.3,19.4,104.9,84.5,27.9,3.3,3.3,,,5.0,,9.0,,,59.2,16.1,81.0,22.1,54.0,3.1,,,,False,湖南金健种业有限责任公司、中国水稻研究所、株洲市农业科学研究所,433,Middle-Lower Yangtze,Early,Two-line hybrid,Joint,3,,,False,False,False
40,中早35,国审稻2010005,2010.0,国审,,False,False,False,籼,双季,长江中下游早籼早中熟组,508.7,8.8,浙733,464.6,6.0,110.6,0.6,91.9,20.1,18.1,118.7,83.5,27.3,5.6,5.6,,,5.0,,9.0,,,63.6,28.5,100.0,25.0,60.0,2.0,,,,False,中国水稻研究所,448,Middle-Lower Yangtze,Early,Inbred/Other,Public,1,,,False,False,False
515,渝香203,国审稻2010006,2010.0,国审,,True,True,False,籼,中稻,长江上游中籼迟熟组,574.3,-2.5,Ⅱ优838,582.9,4.8,156.8,,119.2,16.3,25.9,162.8,76.4,30.1,5.0,5.0,,,,,9.0,抽穗期耐热性中等,耐冷性较弱,59.0,2.3,13.0,18.7,64.0,3.0,,2.0,《优质稻谷》,False,重庆再生稻研究中心、重庆市农业科学院水稻研究所、四川省宜宾市农业科学院,468,Upper Yangtze,Single/Mid,Three-line hybrid,Public,3,1.0,,False,False,False
621,冈香707,国审稻2010007,2010.0,国审,,True,True,False,籼,中稻,长江上游中籼迟熟组,612.4,4.7,Ⅱ优838,593.0,6.7,155.2,-2.7,114.0,16.0,25.0,165.4,83.9,29.4,3.8,3.8,,,,,9.0,,耐冷性弱,67.9,5.3,25.0,22.1,79.0,2.8,,,,False,四川农业大学水稻研究所、四川金堂莲花农业研究所,442,Upper Yangtze,Single/Mid,Three-line hybrid,Public,2,,,False,False,False
696,内5优317,国审稻2010008,2010.0,国审,,True,True,False,籼,中稻,长江上游中籼迟熟组,596.4,2.8,Ⅱ优838,590.4,6.2,159.0,1.2,117.0,15.1,26.0,172.9,79.7,30.9,2.7,2.7,,,,,9.0,抽穗期耐热性弱,,52.4,4.6,25.0,23.3,53.0,2.8,,3.0,《优质稻谷》,False,内江杂交水稻科技开发中心,467,Upper Yangtze,Single/Mid,Three-line hybrid,Unknown,1,0.0,,False,False,False
1063,渝优7109,国审稻2010009,2010.0,国审,,True,True,False,籼,中稻,长江上游中籼迟熟组,611.3,3.4,Ⅱ优838,590.2,6.1,159.6,3.1,113.9,16.5,26.0,193.3,76.4,26.7,6.1,6.1,,,,,9.0,,,59.8,1.7,8.0,23.4,64.0,2.8,,3.0,《优质稻谷》,False,重庆再生稻研究中心、重庆市农业科学院水稻研究所,453,Upper Yangtze,Single/Mid,Three-line hybrid,Public,2,0.0,,False,False,False
106,两优688,国审稻2010010,2010.0,国审,,True,False,True,籼,中稻,长江中下游中籼迟熟组,596.4,6.0,Ⅱ优838,576.4,6.5,135.5,0.9,130.3,17.2,25.8,152.0,82.3,29.8,4.7,4.7,,,7.0,,7.0,抽穗期耐热性弱,,57.4,19.9,78.0,22.4,60.0,2.8,,,,False,福建省南平市农业科学研究所、福建省农业科学院水稻研究所,446,Middle-Lower Yangtze,Single/Mid,Two-line hybrid,Public,2,,,False,False,False
119,新两优223,国审稻2010011,2010.0,国审,,True,False,True,籼,中稻,长江中下游中籼迟熟组,608.6,6.78,Ⅱ优838,579.7,7.2,134.4,-1.1,129.9,15.9,25.7,176.5,81.1,29.5,6.2,6.2,,,7.0,,9.0,,,45.9,4.6,39.0,16.1,74.0,2.9,,,,True,安徽荃银高科种业股份有限公司,442,Middle-Lower Yangtze,Single/Mid,Two-line hybrid,Enterprise,1,,,False,False,False
580,Ⅱ优52,国审稻2010012,2010.0,国审,,True,True,False,籼,中稻,长江中下游中籼迟熟组,596.2,4.6,Ⅱ优838,582.0,6.9,134.9,-0.6,129.0,15.1,24.6,182.6,83.8,28.0,6.7,6.7,,,7.0,,9.0,,,60.6,15.2,64.0,24.4,65.0,2.2,,,,False,安徽省农业科学院水稻研究所,449,Middle-Lower Yangtze,Single/Mid,Three-line hybrid,Public,1,,,False,False,False
538,泸优1256,国审稻2010013,2010.0,国审,,True,True,False,籼,中稻,长江中下游中籼迟熟组,599.3,5.2,Ⅱ优838,579.0,6.4,136.5,1.0,121.5,17.5,24.5,170.0,78.2,27.8,6.1,6.1,,,7.0,,9.0,抽穗期耐热性弱,,50.3,10.1,44.0,14.5,78.0,2.8,,,,False,福建省南平市农业科学研究所,442,Middle-Lower Yangtze,Single/Mid,Three-line hybrid,Public,1,,,False,False,False
123,C两优396,国审稻2010014,2010.0,国审,,True,False,True,籼,中稻,长江中下游中籼迟熟组,594.6,5.1,Ⅱ优838,597.1,9.8,133.6,-1.2,115.5,17.7,24.3,144.0,83.6,29.6,5.6,5.6,,,7.0,,9.0,,,57.2,8.9,39.0,14.9,83.0,2.9,,,,False,湖南农业大学,449,Middle-Lower Yangtze,Single/Mid,Two-line hybrid,Public,1,,,False,False,False
85,C两优608,国审稻2010015,2010.0,国审,,True,False,True,籼,中稻,长江中下游中籼迟熟组,592.9,4.8,Ⅱ优838,581.5,7.2,133.5,-1.3,110.8,16.9,23.9,171.0,80.7,27.1,6.6,6.6,,,7.0,,9.0,,,57.0,9.2,39.0,14.5,79.0,2.8,,,,False,湖南隆平种业有限公司、湖南农业大学,441,Middle-Lower Yangtze,Single/Mid,Two-line hybrid,Joint,2,,,False,False,False
163,天优3301,国审稻2010016,2010.0,国审,,True,True,False,籼,中稻,长江中下游中籼迟熟组,598.3,6.19,Ⅱ优838,581.1,6.9,133.3,-1.7,118.9,16.5,24.3,165.2,81.3,29.7,3.3,3.3,,,9.0,,7.0,,,47.9,6.0,36.0,23.2,79.0,3.1,,,,False,福建省农业科学院生物技术研究所、广东省农业科学院水稻研究所,438,Middle-Lower Yangtze,Single/Mid,Three-line hybrid,Public,2,,,False,False,False
864,川优673,国审稻2010017,2010.0,国审,,True,True,False,籼,中稻,长江中下游中籼迟熟组,580.4,3.0,Ⅱ优838,553.0,1.4,137.4,2.4,136.0,15.6,25.7,180.5,73.9,30.4,5.0,5.0,,,7.0,,9.0,抽穗期耐热性弱,,57.6,12.4,52.0,21.9,78.0,2.6,,,,False,中种集团福建农嘉种业股份有限公司、福建省农业科学院水稻研究所,442,Middle-Lower Yangtze,Single/Mid,Three-line hybrid,Joint,2,,,False,False,False
142,C两优343,国审稻2010018,2010.0,国审,,True,False,True,籼,中稻,长江中下游中籼迟熟组,582.8,3.4,Ⅱ优838,583.9,6.7,133.7,-1.3,109.7,19.0,24.1,161.9,80.8,25.1,6.0,6.0,,,5.0,,9.0,,,58.2,7.6,36.0,21.8,58.0,3.0,,,,False,湖南农业大学、湖南省岳阳市农业科学研究所,447,Middle-Lower Yangtze,Single/Mid,Two-line hybrid,Public,2,,,False,False,False
942,扬籼优68,国审稻2010019,2010.0,国审,,True,True,False,籼,中稻,长江中下游中籼迟熟组,587.2,3.6,Ⅱ优838,570.1,4.8,135.9,1.3,127.2,16.8,24.6,153.1,82.3,29.0,6.5,6.5,,,5.0,,9.0,抽穗期耐热性较弱,,57.6,6.7,30.0,22.5,56.0,2.9,,,,False,江苏里下河地区农业科学研究所、江苏金土地种业有限公司,440,Middle-Lower Yangtze,Single/Mid,Three-line hybrid,Joint,2,,,False,False,False
399,内5优8015,国审稻2010020,2010.0,国审,,True,True,False,籼,中稻,长江中下游中籼迟熟组,590.8,3.3,Ⅱ优838,591.4,8.8,133.1,-1.6,122.2,16.1,26.8,157.0,80.8,32.0,5.9,5.9,,,9.0,,9.0,,,52.2,4.4,30.0,15.8,76.0,3.0,,3.0,《优质稻谷》,False,中国水稻研究所、浙江农科种业有限公司,462,Middle-Lower Yangtze,Single/Mid,Three-line hybrid,Joint,2,0.0,,False,False,False
118,新两优343,国审稻2010021,2010.0,国审,,True,False,True,籼,中稻,长江中下游中籼迟熟组,607.0,7.8,Ⅱ优838,594.8,9.2,134.2,,128.5,15.5,24.2,187.8,80.5,28.5,6.0,6.0,,,5.0,,9.0,,,61.6,2.8,22.0,15.7,78.0,2.8,,3.0,《优质稻谷》,True,安徽荃银高科种业股份有限公司,467,Middle-Lower Yangtze,Single/Mid,Two-line hybrid,Enterprise,1,0.0,,False,False,False
21,Y两优302,国审稻2010022,2010.0,国审,,True,False,True,籼,中稻,长江中下游中籼迟熟组,603.1,7.1,Ⅱ优838,579.3,6.4,136.5,2.3,131.9,16.5,26.6,178.1,84.1,26.5,5.0,5.0,,,7.0,,9.0,抽穗期耐热性弱,,65.2,2.9,17.0,16.2,74.0,2.8,,2.0,《优质稻谷》,False,长沙年丰种业有限公司,478,Middle-Lower Yangtze,Single/Mid,Two-line hybrid,Enterprise,1,1.0,,False,False,False
284,H优158,国审稻2010023,2010.0,国审,,True,True,False,籼,双季,长江中下游晚籼早熟组,504.7,6.7,金优207,463.5,7.5,111.1,,97.5,23.6,23.4,114.9,81.7,26.0,6.0,6.0,,,9.0,,9.0,,,55.2,4.8,23.0,21.9,53.0,3.3,,3.0,《优质稻谷》,False,抚州市临川区绿江南农业新产品研究所,435,Middle-Lower Yangtze,Late,Three-line hybrid,Public,1,0.0,,False,False,False
255,五丰优T025,国审稻2010024,2010.0,国审,,True,True,False,籼,双季,长江中下游晚籼早熟组,501.3,2.0,金优207,490.11,14.0,112.3,1.4,103.3,18.8,22.8,174.6,77.7,22.8,5.5,5.5,,,7.0,,9.0,,,56.1,4.7,29.0,22.5,52.0,2.9,,3.0,《优质稻谷》,False,江西农业大学农学院,456,Middle-Lower Yangtze,Late,Three-line hybrid,Public,1,0.0,,False,False,False
277,湘菲优8118,国审稻2010025,2010.0,国审,,True,True,False,籼,双季,长江中下游晚籼早熟组,515.4,6.8,金优207,506.3,17.3,114.3,3.3,98.3,20.7,22.6,129.8,77.6,28.0,5.3,5.3,,,5.0,,7.0,,,61.2,7.9,35.0,25.2,84.0,3.0,,,,False,湖南科裕隆种业有限公司,432,Middle-Lower Yangtze,Late,Three-line hybrid,Enterprise,1,,,False,False,False
217,H优159,国审稻2010026,2010.0,国审,,True,True,False,籼,双季,长江中下游晚籼早熟组,509.7,5.6,金优207,467.1,8.2,111.4,0.4,100.0,20.8,24.0,124.2,82.2,27.1,5.2,5.2,,,9.0,,9.0,,,61.0,2.5,12.0,15.8,72.0,3.3,,3.0,《优质稻谷》,False,湖南农业大学、湖南省衡阳市农业科学研究所,441,Middle-Lower Yangtze,Late,Three-line hybrid,Public,2,0.0,,False,False,False
182,深优957,国审稻2010027,2010.0,国审,,True,True,False,籼,双季,长江中下游晚籼早熟组,499.6,3.6,金优207,500.3,16.1,112.2,1.2,99.9,19.5,22.2,137.6,82.2,25.4,4.6,4.6,,,5.0,,9.0,,,64.2,2.1,13.0,21.1,78.0,3.1,,2.0,《优质稻谷》,False,清华大学深圳研究生院,437,Middle-Lower Yangtze,Late,Three-line hybrid,Public,1,1.0,,False,False,False
68,隆两优340,国审稻2010028,2010.0,国审,,True,False,True,籼,双季,长江中下游晚籼中迟熟组,504.2,4.5,汕优46,501.5,11.7,119.6,2.4,111.3,18.8,24.8,142.4,80.7,25.7,5.7,5.7,,,3.0,,9.0,,耐冷性中等,61.9,3.3,27.0,16.3,71.0,3.0,,3.0,《优质稻谷》,False,安徽隆平高科种业有限公司,450,Middle-Lower Yangtze,Late,Two-line hybrid,Enterprise,1,0.0,,False,False,False
798,辐优21,国审稻2010029,2010.0,国审,,True,True,False,籼,双季,长江中下游晚籼中迟熟组,519.1,6.6,汕优46,490.5,9.4,115.1,-0.6,115.2,16.8,23.7,159.1,82.8,27.7,6.1,6.1,,,7.0,,9.0,,,61.8,15.8,73.0,24.6,38.0,2.2,,,,False,四川省嘉陵农作物品种研究中心、四川中正科技有限公司,425,Middle-Lower Yangtze,Late,Three-line hybrid,Joint,2,,,False,False,False
305,新两优901,国审稻2010030,2010.0,国审,,True,False,True,籼,双季,长江中下游晚籼中迟熟组,518.2,6.77,汕优46,487.9,4.9,115.8,,118.2,16.6,22.9,171.7,78.7,27.3,6.1,6.1,,,7.0,,9.0,,,56.9,8.3,36.0,22.1,44.0,3.0,,,,True,安徽荃银高科种业股份有限公司,443,Middle-Lower Yangtze,Late,Two-line hybrid,Enterprise,1,,,False,False,False
729,丰源优358,国审稻2010031,2010.0,国审,,True,True,False,籼,双季,长江中下游晚籼中迟熟组,498.4,4.2,汕优46,497.2,12.0,118.3,0.5,106.8,18.0,23.2,123.9,77.6,30.5,6.7,6.7,,,7.0,,9.0,,,59.6,4.3,28.0,21.5,42.0,3.0,,,,False,湖南杂交水稻研究中心,420,Middle-Lower Yangtze,Late,Three-line hybrid,Public,1,,,False,False,False
785,欣荣优2984,国审稻2010032,2010.0,国审,,True,True,False,籼,双季,长江中下游晚籼中迟熟组,501.9,4.9,汕优46,494.4,8.9,119.0,1.2,113.0,19.1,22.0,150.1,77.5,24.6,5.5,5.5,,,7.0,,9.0,,耐冷性中等,59.9,3.5,29.0,24.3,37.0,2.7,,,,False,江西赣兴种业有限责任公司,445,Middle-Lower Yangtze,Late,Three-line hybrid,Enterprise,1,,,False,False,False
341,泸香658,国审稻2010033,2010.0,国审,,True,True,False,籼,双季,长江中下游晚籼中迟熟组,497.6,4.0,汕优46,489.1,6.5,118.9,1.1,103.8,19.1,25.5,134.6,76.1,27.7,5.1,5.1,,,9.0,,9.0,,耐冷性中等,57.4,2.6,16.0,17.7,49.0,3.3,,,,False,四川省农业科学院水稻高粱研究所、中国科学院遗传与发育生物学研究所、四川禾嘉种业有限公司,444,Middle-Lower Yangtze,Late,Three-line hybrid,Joint,3,,,False,False,False
720,沪优2号,国审稻2010034,2010.0,国审,,True,True,False,籼,双季,长江中下游晚籼中迟熟组,507.3,5.1,汕优46,507.7,11.6,114.6,-1.0,120.4,15.4,23.7,142.4,82.7,32.0,5.9,5.9,,,5.0,,9.0,,,45.4,4.3,29.0,15.6,59.0,3.0,,,,False,上海市农业生物基因中心,437,Middle-Lower Yangtze,Late,Three-line hybrid,Unknown,1,,,False,False,False
1124,春优658,国审稻2010035,2010.0,国审,,True,True,False,粳,单季,长江中下游单季晚粳组,617.7,12.9,常优1号,627.2,21.7,151.6,3.7,116.9,17.4,19.9,202.8,81.7,24.7,4.5,4.5,,,3.0,,9.0,,,65.9,6.5,29.0,15.4,78.0,2.1,,,,False,中国水稻研究所、浙江农科种业有限公司,447,Middle-Lower Yangtze,Late,Three-line hybrid,Joint,2,,,False,False,False
466,甬优13,国审稻2010036,2010.0,国审,,True,True,False,粳,单季,长江中下游单季晚粳组,610.8,11.6,常优1号,622.3,20.8,153.6,5.7,119.0,14.0,21.3,291.5,71.4,24.1,5.7,5.7,,,5.0,,9.0,,,70.9,5.3,34.0,14.9,80.0,2.1,,,,False,宁波市农业科学研究院作物研究所、宁波市种子有限公司,473,Middle-Lower Yangtze,Late,Three-line hybrid,Joint,2,,,False,False,False
220,常优5号,国审稻2010037,2010.0,国审,,True,True,False,粳,单季,长江中下游单季晚粳组,564.1,3.1,常优1号,518.1,0.5,147.4,-0.5,119.4,16.8,22.0,160.4,87.0,26.2,3.4,3.4,,,5.0,,9.0,,,72.0,2.0,16.0,16.3,71.0,2.4,,2.0,《优质稻谷》,False,江苏省常熟市农业科学研究所,460,Middle-Lower Yangtze,Late,Three-line hybrid,Public,1,1.0,,False,False,False
697,川谷优202,国审稻2010038,2010.0,国审,,True,True,False,籼,中稻,武陵山区中籼组,600.6,5.8,Ⅱ优58,608.4,10.8,148.0,0.8,117.3,16.9,26.0,157.2,78.9,30.0,1.5,1.5,,,,,,,,49.8,8.6,72.0,24.0,59.0,3.2,,,,False,四川农业大学水稻研究所、四川农大高科农业有限责任公司,423,Wuling Mountains,Single/Mid,Three-line hybrid,Joint,2,,,False,False,False
715,谷优明占,国审稻2010039,2010.0,国审,,True,True,False,籼,中稻,武陵山区中籼组,593.5,4.5,Ⅱ优58,574.1,4.6,146.5,-0.7,117.1,17.0,24.8,155.6,84.1,27.7,1.9,1.9,,,,,,,,67.0,5.4,34.0,20.0,54.0,2.7,,,,False,福建省三明市农业科学研究所、福建省农业科学院水稻研究所、福建六三种业有限责任公司,441,Wuling Mountains,Single/Mid,Three-line hybrid,Joint,3,,,False,False,False
727,谷优627,国审稻2010040,2010.0,国审,,True,True,False,籼,中稻,武陵山区中籼组,587.7,3.4,Ⅱ优58,554.3,1.0,147.8,0.6,116.1,19.1,23.8,141.1,80.4,28.5,1.6,1.6,,,,,,,,54.4,7.5,59.0,21.4,59.0,2.6,,,,False,福建省福安市种子管理站、福建省农业科学院水稻研究所、福建省宁德市农业科学研究所,435,Wuling Mountains,Single/Mid,Three-line hybrid,Public,3,,,False,False,False
665,川优5108,国审稻2010041,2010.0,国审,,True,True,False,籼,中稻,武陵山区中籼组,582.5,2.5,Ⅱ优58,575.8,4.9,147.8,0.6,116.9,16.2,23.9,153.5,84.3,28.4,2.0,2.0,,,,,,,,63.0,5.1,44.0,22.3,55.0,2.6,,,,False,成都科瑞农业研究中心、四川省农业科学院作物研究所,432,Wuling Mountains,Single/Mid,Three-line hybrid,Public,2,,,False,False,False
617,川香8号,国审稻2010042,2010.0,国审,,True,True,False,籼,中稻,武陵山区中籼组,571.2,1.7,Ⅱ优58,563.7,2.7,147.8,2.2,113.0,16.9,24.5,159.4,79.8,29.3,1.8,1.8,,,,,,,,60.8,3.8,44.0,21.8,58.0,2.8,,,,False,四川省农业科学院作物研究所,422,Wuling Mountains,Single/Mid,Three-line hybrid,Public,1,,,False,False,False
241,大粮203,国审稻2010043,2010.0,国审,,False,False,False,粳,,黄淮粳稻组,646.6,7.2,9优418,588.8,2.7,155.1,,103.8,,16.8,145.3,86.1,25.8,,,3.0,,,,,,,67.2,3.2,37.5,16.4,85.0,,,,,False,山东临沂市大粮种业有限公司,383,North/Huanghuai,Single/Mid,Inbred/Other,Enterprise,1,,1.0,False,False,False
302,新稻20号,国审稻2010044,2010.0,国审,,False,False,False,粳,,黄淮粳稻组,632.6,4.9,9优418,582.4,1.5,155.9,,100.2,,15.7,133.9,89.8,25.2,,,5.0,,,,,,,69.1,2.1,30.0,15.0,82.0,,,3.0,《优质稻谷》,False,河南新乡市农业科学院,399,North/Huanghuai,Single/Mid,Inbred/Other,Public,1,0.0,1.0,False,False,False
205,苏秀10号,国审稻2010045,2010.0,国审,,False,False,False,粳,,黄淮粳稻组,632.9,4.9,9优418,596.9,4.1,156.0,,105.9,,16.3,151.4,82.3,24.7,,,3.0,,,,,,,71.9,1.5,21.0,16.4,84.0,,,3.0,《优质稻谷》,False,浙江省嘉兴市农业科学研究院、江苏省东海县守俊水稻研究所、江苏省连云港市苏乐种业科技有限公司,404,North/Huanghuai,Single/Mid,Inbred/Other,Joint,3,0.0,1.0,False,False,False
72,中稻1号,国审稻2010046,2010.0,国审,,False,False,False,粳,,黄淮粳稻组,643.4,4.7,9优418,577.5,0.9,153.5,,104.4,,17.0,151.0,84.2,26.1,,,5.0,,,,,,,62.0,4.2,45.0,17.1,80.5,,,,,False,中国农业科学院作物科学研究所、江苏省连云港市农业科学院,390,North/Huanghuai,Single/Mid,Inbred/Other,Public,2,,1.0,False,False,False
276,大粮202,国审稻2010047,2010.0,国审,,False,False,False,粳,,黄淮粳稻组,641.3,4.4,9优418,580.8,1.4,153.4,,97.7,,16.9,138.5,86.6,26.2,,,5.0,,,,,,,66.1,3.1,34.5,17.1,83.5,,,,,False,山东临沂市大粮种业有限公司,383,North/Huanghuai,Single/Mid,Inbred/Other,Enterprise,1,,1.0,False,False,False
350,圣稻16,国审稻2010048,2010.0,国审,,False,False,False,粳,,黄淮粳稻组,628.2,2.2,9优418,581.6,1.6,154.1,,104.5,,17.3,156.7,81.9,26.9,,,5.0,,,,,,,64.9,2.1,25.0,15.9,83.5,,,3.0,《优质稻谷》,False,山东省水稻研究所,401,North/Huanghuai,Single/Mid,Inbred/Other,Public,1,0.0,1.0,False,False,False
41,金粳18,国审稻2010049,2010.0,国审,,False,False,False,粳,,黄淮粳稻组,610.1,1.2,9优418,574.0,0.2,153.6,,91.1,,16.6,141.8,86.1,24.8,,,3.0,,,,,,,68.0,1.0,10.0,16.7,83.0,,,1.0,《优质稻谷》,False,天津市水稻研究所,393,North/Huanghuai,Single/Mid,Inbred/Other,Public,1,1.0,1.0,False,False,False
504,中粳优8号,国审稻2010050,2010.0,国审,,True,True,False,粳,,京津唐粳稻组,646.1,11.5,津原45,656.7,15.4,176.7,,111.1,,19.5,156.9,86.1,27.8,,,,,,,,,,66.8,1.1,17.0,15.5,81.0,,,2.0,《优质稻谷》,False,天津市水稻研究所,404,North/Huanghuai,Single/Mid,Three-line hybrid,Public,1,1.0,,False,False,False
491,金粳优132,国审稻2010051,2010.0,国审,,True,True,False,粳,,中早粳晚熟组,654.3,10.5,金珠1号,664.7,13.7,161.8,,105.4,,18.4,134.5,80.4,27.3,,,5.0,,,,,,,69.7,0.7,7.5,16.1,86.0,,,1.0,《优质稻谷》,False,天津市水稻研究所,410,Other/Unspecified,Early,Three-line hybrid,Public,1,1.0,1.0,False,False,False
285,粮粳5号,国审稻2010052,2010.0,国审,,True,False,False,粳,,中早粳中熟组,712.5,12.3,秋光,638.2,11.8,157.9,,102.4,,,125.6,80.5,26.3,,,5.0,,,,,,,59.4,2.2,34.5,16.8,85.0,,,,,False,新疆维吾尔自治区农业科学院粮食作物研究所,378,Other/Unspecified,Early,Hybrid (unclear),Public,1,,1.0,False,False,False
920,松辽7号,国审稻2010053,2010.0,国审,,False,False,False,粳,,中早粳早熟组,641.9,1.5,吉玉粳,591.0,0.6,152.5,,97.7,,16.9,109.9,84.2,26.1,,,1.0,,,,,,,67.7,2.3,29.0,16.1,81.5,,,3.0,《优质稻谷》,False,公主岭市松辽农业科学研究所,372,Other/Unspecified,Early,Inbred/Other,Public,1,0.0,1.0,False,False,False
178,临旱1号,国审稻2010054,2010.0,国审,,False,False,False,粳,,,346.9,13.2,旱稻277,347.2,19.2,125.0,,81.3,,13.9,,80.1,26.4,,,5.0,,,,,,,70.5,2.3,31.5,16.7,82.0,,,,,False,山东省临沂市水稻研究所,390,Other/Unspecified,Unspecified,Inbred/Other,Public,1,,1.0,False,False,False
354,旱糯2号,国审稻2010055,2010.0,国审,,False,False,False,粳,,,340.5,11.1,旱稻277,322.8,10.9,122.0,,78.5,,15.6,,79.2,23.4,,,5.0,,,,,,,70.2,,,1.6,100.0,,,,《优质稻谷》,False,河北省农林科学院滨海农业研究所,380,Other/Unspecified,Unspecified,Inbred/Other,Public,1,,1.0,False,False,False
3698,荣优9号,国审稻2011001,2011.0,国审,,True,True,False,籼,双季,长江中下游早籼迟熟组,530.8,5.9,金优402,455.7,5.2,114.6,0.2,89.5,22.6,18.8,113.2,82.2,26.7,5.3,5.3,,高感稻瘟病,5.0,中感白叶枯病,9.0,,,54.1,6.3,30.0,21.9,42.0,3.1,,,,False,江西现代种业有限责任公司,467,Middle-Lower Yangtze,Early,Three-line hybrid,Enterprise,1,,,True,False,False
3807,中2优280,国审稻2011002,2011.0,国审,,True,True,False,籼,双季,长江中下游早籼迟熟组,520.5,3.8,金优402,450.9,3.9,115.6,1.2,95.3,20.1,20.9,144.1,74.7,27.4,4.6,4.6,,感稻瘟病,5.0,中感白叶枯病,9.0,,,65.3,4.0,19.0,13.6,81.0,3.0,,,,False,中国水稻研究所,459,Middle-Lower Yangtze,Early,Three-line hybrid,Public,1,,,True,False,False
3465,两优6号,国审稻2011003,2011.0,国审,,True,False,True,籼,双季,长江中下游早籼迟熟组,521.8,4.1,金优402,455.8,5.2,112.7,-1.7,94.6,19.7,19.9,127.2,88.4,25.1,6.6,6.6,,高感稻瘟病,7.0,感白叶枯病,9.0,,,58.2,3.9,19.0,22.1,58.0,3.2,,3.0,《优质稻谷》,False,湖北荆楚种业股份有限公司,501,Middle-Lower Yangtze,Early,Two-line hybrid,Enterprise,1,0.0,,True,False,False
3720,欣荣优5号,国审稻2011004,2011.0,国审,,True,True,False,籼,双季,长江中下游早籼迟熟组,516.0,2.9,金优402,435.6,2.3,116.2,1.8,93.0,21.1,18.5,113.0,84.6,28.1,2.7,2.7,,中抗稻瘟病,5.0,中感白叶枯病,9.0,,,48.9,8.4,44.0,21.2,49.0,2.9,,,,False,江西先农种业有限公司,465,Middle-Lower Yangtze,Early,Three-line hybrid,Enterprise,1,,,False,False,False
3793,陵两优104,国审稻2011005,2011.0,国审,,True,False,True,籼,双季,长江中下游早籼迟熟组,512.0,11.1,金优402,466.3,7.7,116.2,-0.9,86.4,21.8,20.1,113.7,86.3,27.4,5.0,5.0,,感稻瘟病,5.0,中感白叶枯病,9.0,,,52.3,12.0,66.0,22.7,64.0,2.9,,,,False,袁隆平农业高科技股份有限公司、湖南亚华种业科学研究院,469,Middle-Lower Yangtze,Early,Two-line hybrid,Enterprise,2,,,True,False,False
3429,F优498,国审稻2011006,2011.0,国审,,True,True,False,籼,中稻,长江上游中籼迟熟组,621.3,5.9,Ⅱ优838,582.6,4.5,155.2,-2.7,111.9,15.0,25.6,189.0,81.2,28.9,6.0,6.0,,感稻瘟病,,,7.0,耐热性较弱,,69.2,4.9,21.0,23.5,80.5,2.8,,3.0,《优质稻谷》,False,四川农业大学水稻研究所、四川省江油市川江水稻研究所,462,Upper Yangtze,Single/Mid,Three-line hybrid,Public,2,0.0,,True,False,False
1861,冈优900,国审稻2011007,2011.0,国审,,True,True,False,籼,中稻,长江上游中籼迟熟组,603.9,4.1,Ⅱ优838,591.4,5.5,157.2,-0.6,114.0,16.0,24.3,185.2,79.8,27.2,6.3,6.3,,感稻瘟病,,,9.0,耐热性弱,,68.5,13.3,54.0,23.2,62.0,2.2,,,,False,成都天府农作物研究所,454,Upper Yangtze,Single/Mid,Three-line hybrid,Public,1,,,True,False,False
3141,天优华占,国审稻2011008,2011.0,国审,,True,True,False,籼,中稻,长江上游中籼迟熟组,596.8,2.8,Ⅱ优838,574.1,3.0,152.9,-4.9,99.0,16.9,22.7,177.8,81.7,25.4,3.4,3.4,,中感稻瘟病,,,9.0,耐热性较弱,,68.5,1.7,9.0,21.8,76.0,2.9,,2.0,《优质稻谷》,False,中国水稻研究所、中国科学院遗传与发育生物学研究所、广东省农业科学院水稻研究所,482,Upper Yangtze,Single/Mid,Three-line hybrid,Public,3,1.0,,True,False,False
174,内5优39,国审稻2011009,2011.0,国审,,True,True,False,籼,中稻,长江上游中籼迟熟组,585.5,3.9,Ⅱ优838,602.0,7.4,157.5,-1.2,112.2,15.3,25.6,168.6,82.1,29.2,4.0,4.0,,中感稻瘟病,,,9.0,耐热性弱,,67.0,1.9,13.5,16.7,71.0,2.9,,2.0,《优质稻谷》,False,内江杂交水稻科技开发中心,471,Upper Yangtze,Single/Mid,Three-line hybrid,Unknown,1,1.0,,True,False,False
3411,川谷优204,国审稻2011010,2011.0,国审,,True,True,False,籼,中稻,长江上游中籼迟熟组,600.0,4.5,Ⅱ优838,592.0,5.6,158.5,0.7,113.3,15.3,24.7,188.1,79.9,27.6,2.9,2.9,,中抗稻瘟病,,,9.0,,,69.0,8.4,45.0,22.9,80.0,2.8,,,,False,四川农业大学水稻研究所、四川农大高科农业有限责任公司,428,Upper Yangtze,Single/Mid,Three-line hybrid,Joint,2,,,False,False,False
4131,闽丰优3301,国审稻2011011,2011.0,国审,,True,True,False,籼,中稻,长江中下游中籼迟熟组,591.4,5.1,Ⅱ优838,566.2,5.6,137.3,2.7,124.5,16.5,24.6,165.9,76.8,29.9,4.0,4.0,,感稻瘟病,7.0,,7.0,抽穗期耐热性9级,,55.1,12.0,46.0,23.2,72.0,2.9,,,,False,福建省农业科学院生物技术研究所,456,Middle-Lower Yangtze,Single/Mid,Three-line hybrid,Public,1,,,True,False,False
1250,天两优616,国审稻2011012,2011.0,国审,,True,False,True,籼,中稻,长江中下游中籼迟熟组,575.6,4.6,Ⅱ优838,541.4,1.0,131.4,-2.5,123.8,17.2,24.6,165.3,80.7,27.2,5.6,5.6,,高感稻瘟病,7.0,感白叶枯病,9.0,抽穗期耐热性7级,,65.2,4.6,25.3,15.8,78.0,2.9,,3.0,《优质稻谷》,False,武汉武大天源生物科技股份有限公司,469,Middle-Lower Yangtze,Single/Mid,Two-line hybrid,Enterprise,1,0.0,,True,False,False
3515,泸优9803,国审稻2011013,2011.0,国审,,True,True,False,籼,中稻,长江中下游中籼迟熟组,586.3,4.0,Ⅱ优838,568.5,5.7,134.4,,126.7,15.4,25.3,171.9,82.6,29.2,4.6,4.6,,感稻瘟病,7.0,,9.0,抽穗期耐热性7级,,62.6,12.0,60.0,22.4,48.0,2.9,,,,False,四川省农业科学院水稻高粱研究所,468,Middle-Lower Yangtze,Single/Mid,Three-line hybrid,Public,1,,,True,False,False
3766,Ⅱ优371,国审稻2011014,2011.0,国审,,True,True,False,籼,中稻,长江中下游中籼迟熟组,595.4,5.0,Ⅱ优838,577.6,7.7,135.7,1.1,123.1,16.6,24.3,151.6,87.3,28.6,5.6,5.6,,高感稻瘟病,7.0,感白叶枯病,9.0,抽穗期耐热性7级,,62.7,7.3,34.0,22.7,60.0,2.5,,,,False,合肥丰乐种业股份有限公司,476,Middle-Lower Yangtze,Single/Mid,Three-line hybrid,Enterprise,1,,,True,False,False
3143,Y两优9918,国审稻2011015,2011.0,国审,,True,False,True,籼,中稻,长江中下游中籼迟熟组,601.1,9.7,Ⅱ优838,589.2,10.1,130.8,-3.0,122.7,16.1,27.9,175.7,85.5,27.5,5.0,5.0,,高感稻瘟病,7.0,感白叶枯病,9.0,,,59.4,7.7,34.0,13.4,76.0,2.9,,,,False,湖南天盛生物科技有限公司、湖南省杂交水稻研究中心,465,Middle-Lower Yangtze,Single/Mid,Two-line hybrid,Joint,2,,,True,False,False
4025,汕优06,国审稻2011016,2011.0,国审,,True,True,False,籼,中稻,长江中下游中籼迟熟组,585.0,3.8,Ⅱ优838,556.7,3.3,132.6,-1.6,117.1,17.2,22.2,163.3,81.3,27.2,6.3,6.3,,高感稻瘟病,5.0,中感白叶枯病,9.0,,,61.6,19.8,80.0,26.4,59.0,2.2,,,,False,浙江大学原子核农业科学研究所,440,Middle-Lower Yangtze,Single/Mid,Three-line hybrid,Public,1,,,True,False,False
4204,Ⅱ优508,国审稻2011017,2011.0,国审,,True,True,False,籼,中稻,长江中下游中籼迟熟组,592.3,5.1,Ⅱ优838,575.4,6.4,136.2,2.0,123.5,15.7,22.9,184.6,84.8,26.7,5.6,5.6,,高感稻瘟病,5.0,中感白叶枯病,9.0,抽穗期耐热性9级,,68.8,13.7,53.0,22.5,53.0,2.1,,,,False,宿州市种子公司,467,Middle-Lower Yangtze,Single/Mid,Three-line hybrid,Enterprise,1,,,True,False,False
3958,淦两优602,国审稻2011018,2011.0,国审,,True,False,True,籼,双季,长江中下游晚籼早熟组,497.8,5.2,金优207,521.6,9.6,115.1,3.9,106.7,18.8,23.5,161.6,76.5,24.8,6.8,6.8,,高感稻瘟病,7.0,感白叶枯病,9.0,,耐冷性中等,61.5,4.2,19.0,24.3,45.0,3.0,,,,False,江西现代种业有限责任公司,457,Middle-Lower Yangtze,Late,Two-line hybrid,Enterprise,1,,,True,False,False
3594,两优6206,国审稻2011019,2011.0,国审,,True,False,True,籼,双季,长江中下游晚籼早熟组,518.6,10.9,金优207,524.8,10.3,113.9,0.5,108.5,18.8,23.0,163.9,81.3,23.7,5.1,5.1,,高感稻瘟病,7.0,感白叶枯病,9.0,,,67.1,4.9,24.0,22.4,61.0,3.1,,3.0,《优质稻谷》,False,合肥丰乐种业股份有限公司,473,Middle-Lower Yangtze,Late,Two-line hybrid,Enterprise,1,0.0,,True,False,False
797,H优518,国审稻2011020,2011.0,国审,,True,True,False,籼,双季,长江中下游晚籼早熟组,499.6,6.8,金优207,486.4,2.2,112.9,-0.5,96.2,24.1,22.3,113.6,80.7,25.8,6.0,6.0,,高感稻瘟病,7.0,感白叶枯病,9.0,,耐冷性中等,57.2,5.0,25.0,21.6,56.0,3.5,,3.0,《优质稻谷》,False,湖南农业大学、湖南省衡阳市农业科学研究所,480,Middle-Lower Yangtze,Late,Three-line hybrid,Public,2,0.0,,True,False,False
4074,天优湘99,国审稻2011021,2011.0,国审,,True,True,False,籼,双季,长江中下游晚籼中迟熟组,520.8,8.9,汕优46,535.1,13.1,118.3,0.8,104.6,20.2,21.7,136.9,78.7,27.9,3.8,3.8,,感稻瘟病,5.0,中感白叶枯病,9.0,,耐冷性中等,56.5,4.5,24.0,21.1,55.0,2.9,,3.0,《优质稻谷》,False,湖南科裕隆种业有限公司、广东省农业科学院水稻研究所,469,Middle-Lower Yangtze,Late,Three-line hybrid,Joint,2,0.0,,True,False,False
4431,天优2168,国审稻2011022,2011.0,国审,,True,True,False,籼,双季,长江中下游晚籼中迟熟组,509.7,6.5,汕优46,473.4,,118.8,1.3,111.1,17.6,22.9,145.8,76.0,29.9,2.8,2.8,,中感稻瘟病,7.0,感白叶枯病,9.0,,耐冷性弱,52.2,4.2,20.0,22.2,59.0,3.1,,3.0,《优质稻谷》,False,广东省农业科学院水稻研究所,465,Middle-Lower Yangtze,Late,Three-line hybrid,Public,1,0.0,,True,False,False
4285,95优161,国审稻2011023,2011.0,国审,,True,True,False,粳,单季,长江中下游单季晚粳组,539.8,-1.4,常优1号,585.3,1.6,146.9,-1.0,106.5,17.0,18.2,164.0,83.0,25.5,3.4,3.4,,感稻瘟病,3.0,中抗白叶枯病,9.0,,,68.7,2.6,17.0,15.9,78.0,1.9,,2.0,《优质稻谷》,False,江苏省农业科学院粮食作物研究所,474,Middle-Lower Yangtze,Late,Three-line hybrid,Public,1,1.0,,True,False,False
3824,秀水123,国审稻2011024,2011.0,国审,,False,False,False,粳,单季,长江中下游单季晚粳组,558.6,2.1,常优1号,600.7,1.0,147.3,-0.5,96.6,18.9,16.6,135.2,89.1,26.9,4.0,4.0,,感稻瘟病,3.0,中抗白叶枯病,9.0,,,65.6,4.2,20.0,15.9,74.0,1.7,,3.0,《优质稻谷》,False,浙江嘉兴市农业科学研究院,490,Middle-Lower Yangtze,Late,Inbred/Other,Unknown,1,0.0,,True,False,False
3817,金稻优998,国审稻2011025,2011.0,国审,,True,True,False,籼,双季,华南感光晚籼组,510.0,9.2,博优998,471.6,7.3,115.9,0.3,111.9,17.8,23.1,157.1,85.9,23.3,7.0,7.0,,高感稻瘟病,7.0,感白叶枯病,9.0,,,65.3,6.4,32.0,21.2,52.0,2.7,,,,False,广东省农业科学院水稻研究所,456,South China,Late,Three-line hybrid,Public,1,,,True,False,False
3732,谷优3301,国审稻2011026,2011.0,国审,,True,True,False,籼,中稻,武陵山区中籼组,576.4,1.5,Ⅱ优58,589.5,2.4,144.3,-2.9,113.1,17.1,24.1,147.7,82.3,29.0,1.5,1.5,,抗稻瘟病,,,,,,54.2,7.0,49.0,23.6,55.0,2.8,,,,False,福建省农业科学院生物技术研究所,425,Wuling Mountains,Single/Mid,Three-line hybrid,Public,1,,,False,False,False
3441,川优727,国审稻2011027,2011.0,国审,,True,True,False,籼,中稻,武陵山区中籼组,579.7,3.1,全优527,591.8,2.8,150.1,1.3,115.1,17.7,24.2,155.3,80.5,27.5,1.4,1.4,,抗稻瘟病,,,,,,61.9,1.9,23.0,22.5,50.0,3.2,,3.0,《优质稻谷》,False,四川省农业科学院作物研究所,432,Wuling Mountains,Single/Mid,Three-line hybrid,Public,1,0.0,,False,False,False
873,津稻263,国审稻2011028,2011.0,国审,,False,False,False,粳,,黄淮粳稻组,614.8,5.2,徐稻3号,593.9,4.3,156.9,1.1,107.6,,17.1,128.6,87.1,25.1,,,3.0,中抗稻瘟病,,,,,,71.7,1.4,,17.2,80.0,,,2.0,《优质稻谷》,False,天津市水稻研究所,409,North/Huanghuai,Single/Mid,Inbred/Other,Public,1,1.0,1.0,False,False,False
90,苏秀867,国审稻2011029,2011.0,国审,,False,False,False,粳,,黄淮粳稻组,610.1,4.4,徐稻3号,590.1,3.6,154.5,-1.4,90.8,,16.4,137.4,83.6,25.6,,,3.0,,,,,,,72.4,1.3,,16.3,85.0,,,2.0,《优质稻谷》,False,浙江省嘉兴市农业科学研究院、江苏省连云港市苏乐种业科技有限公司,415,North/Huanghuai,Single/Mid,Inbred/Other,Enterprise,2,1.0,1.0,False,False,False
1133,天优华占,国审稻2012001,2012.0,国审,,True,True,False,籼,双季,华南早籼组,502.5,,天优998,502.8,4.0,123.1,-0.1,96.3,19.7,20.9,141.1,81.8,24.3,3.6,3.6,,中感稻瘟病,7.0,感白叶枯病,7.0,,,63.0,4.5,20.0,20.8,70.0,2.8,,3.0,《优质稻谷》,False,中国水稻研究所、中国科学院遗传与发育生物学研究所、广东省农业科学院水稻研究所,415,South China,Early,Three-line hybrid,Public,3,0.0,,True,False,False
4425,金稻优368,国审稻2012002,2012.0,国审,,True,True,False,籼,双季,华南感光晚籼组,495.1,,博优998,459.7,5.2,119.4,3.8,113.1,16.9,23.2,181.8,80.2,21.9,4.5,4.5,,感稻瘟病,7.0,,9.0,,,67.1,2.6,22.0,21.1,55.0,2.7,,,,False,广东省农业科学院水稻研究所,394,South China,Late,Three-line hybrid,Public,1,,,True,False,False
16,宜香优2115,国审稻2012003,2012.0,国审,,True,True,False,籼,中稻,长江上游中籼迟熟组,603.9,,Ⅱ优838,623.3,7.1,156.7,-1.5,117.4,15.0,26.8,156.5,82.2,32.9,3.6,3.6,,中感稻瘟病,,,9.0,,,54.5,2.2,15.0,17.1,78.0,2.9,,2.0,《优质稻谷》,False,四川省绿丹种业有限责任公司、四川农业大学农学院、宜宾市农业科学院,413,Upper Yangtze,Single/Mid,Three-line hybrid,Joint,3,1.0,,True,False,False
3687,川农优298,国审稻2012004,2012.0,国审,,True,True,False,籼,中稻,长江上游中籼迟熟组,599.3,,Ⅱ优838,596.9,4.1,158.1,-0.3,113.6,13.5,26.4,191.4,79.5,31.3,3.4,3.4,,感稻瘟病,,,9.0,耐热性弱,,68.0,6.4,38.0,16.4,83.0,2.6,,,,False,四川农业大学水稻研究所,400,Upper Yangtze,Single/Mid,Three-line hybrid,Public,1,,,True,False,False
3139,蓉18优198,国审稻2012005,2012.0,国审,,True,True,False,籼,中稻,长江上游中籼迟熟组,586.3,,Ⅱ优838,608.3,4.5,155.6,-3.1,119.5,14.1,25.3,186.7,77.8,30.9,3.4,3.4,,中感稻瘟病,,,7.0,耐热性弱,,56.9,3.3,13.0,15.4,81.0,2.7,,,,False,四川正兴种业有限公司,400,Upper Yangtze,Single/Mid,Three-line hybrid,Enterprise,1,,,True,False,False
3154,内5优H25,国审稻2012006,2012.0,国审,,True,True,False,籼,中稻,长江上游中籼迟熟组,588.6,,Ⅱ优838,595.6,2.2,157.9,-0.4,115.4,14.7,25.8,169.9,80.0,31.2,3.6,3.6,,中感稻瘟病,,,9.0,,,66.6,6.6,32.0,22.2,57.0,2.7,,,,False,内江杂交水稻科技开发中心,398,Upper Yangtze,Single/Mid,Three-line hybrid,Unknown,1,,,True,False,False
3313,江优126,国审稻2012007,2012.0,国审,,True,True,False,籼,中稻,长江上游中籼迟熟组,585.0,,Ⅱ优838,611.8,5.3,157.9,-0.8,113.1,14.7,26.4,171.8,81.2,29.9,5.1,5.1,,感稻瘟病,,,9.0,,,63.0,2.3,10.5,16.9,70.0,3.0,,2.0,《优质稻谷》,False,江油市川江水稻研究所,416,Upper Yangtze,Single/Mid,Three-line hybrid,Public,1,1.0,,True,False,False
1579,宜香4245,国审稻2012008,2012.0,国审,,True,True,False,籼,中稻,长江上游中籼迟熟组,584.9,,Ⅱ优838,615.0,7.1,159.2,0.5,117.2,15.2,26.2,175.5,79.5,28.4,4.9,4.9,,感稻瘟病,,,9.0,,,66.0,1.7,10.5,17.0,78.0,2.9,,2.0,《优质稻谷》,False,宜宾市农业科学院,416,Upper Yangtze,Single/Mid,Three-line hybrid,Public,1,1.0,,True,False,False
3180,天优2075,国审稻2012009,2012.0,国审,,True,True,False,籼,中稻,长江上游中籼迟熟组,582.2,,Ⅱ优838,620.6,8.0,155.8,-2.5,119.0,14.1,24.0,175.8,80.9,30.5,2.7,2.7,,中感稻瘟病,,,9.0,,,62.9,3.4,19.0,22.2,82.0,2.7,,,,False,福建省农业科学院水稻研究所、广东省农业科学院水稻研究所,398,Upper Yangtze,Single/Mid,Three-line hybrid,Public,2,,,True,False,False
842,金谷优3301,国审稻2012010,2012.0,国审,,True,True,False,籼,中稻,长江上游中籼迟熟组,572.1,,Ⅱ优838,604.8,5.2,160.1,1.8,114.2,16.0,25.0,175.2,74.0,29.1,2.6,2.6,,中抗稻瘟病,,,7.0,,,68.0,3.3,22.0,23.1,86.0,3.0,,3.0,《优质稻谷》,False,四川农大高科农业有限责任公司,414,Upper Yangtze,Single/Mid,Three-line hybrid,Enterprise,1,0.0,,False,False,False
3685,蓉18优662,国审稻2012011,2012.0,国审,,True,True,False,籼,中稻,长江上游中籼迟熟组,565.2,,Ⅱ优838,599.3,4.7,156.8,-1.9,116.4,15.1,25.3,179.9,78.6,28.3,3.9,3.9,,中感稻瘟病,,,9.0,,,67.1,1.5,9.0,16.2,82.0,2.8,,2.0,《优质稻谷》,False,绵阳市农业科学研究院、成都市农林科学院作物研究所,411,Upper Yangtze,Single/Mid,Three-line hybrid,Public,2,1.0,,True,False,False
262,川优8377,国审稻2012012,2012.0,国审,,True,True,False,籼,中稻,长江上游中籼迟熟组,520.0,,Ⅱ优838,553.8,3.7,156.9,-1.8,114.0,15.6,25.2,172.4,74.8,28.0,3.0,3.0,,中感稻瘟病,,,9.0,,耐冷性弱,69.5,0.8,6.0,21.3,71.0,2.9,,1.0,《优质稻谷》,False,四川省农业科学院作物研究所,416,Upper Yangtze,Single/Mid,Three-line hybrid,Public,1,1.0,,True,False,False
2477,株两优189,国审稻2012013,2012.0,国审,,True,True,True,籼,双季,长江中下游早籼早中熟组,500.0,,株两优819,508.6,3.0,111.2,-0.3,85.8,21.9,20.0,112.2,82.0,27.5,3.2,3.2,,中感稻瘟病,5.0,,9.0,,,60.0,19.8,84.0,20.4,64.0,2.8,,,,False,湖南希望种业科技有限公司,415,Middle-Lower Yangtze,Early,Hybrid (unclear),Enterprise,1,,,True,False,False
334,陆两优17,国审稻2012014,2012.0,国审,,True,False,True,籼,双季,长江中下游早籼早中熟组,489.3,,株两优819,510.3,3.4,111.7,0.2,88.2,21.3,18.6,119.4,82.2,26.0,3.0,3.0,,中抗稻瘟病,7.0,感白叶枯病,9.0,,,63.4,22.9,97.0,24.9,60.0,2.3,,,,False,中国水稻研究所、湖南亚华种业科学研究院,420,Middle-Lower Yangtze,Early,Two-line hybrid,Joint,2,,,False,False,False
111,中早39,国审稻2012015,2012.0,国审,,False,False,False,籼,双季,长江中下游早籼早中熟组,482.9,,株两优819,523.7,6.1,112.2,0.7,82.0,19.6,17.6,125.3,84.1,26.0,1.8,1.8,,中感稻瘟病,7.0,感白叶枯病,9.0,,,69.1,22.5,98.0,24.2,48.0,1.9,,,,False,中国水稻研究所,416,Middle-Lower Yangtze,Early,Inbred/Other,Public,1,,,True,False,False
3516,株两优22,国审稻2012016,2012.0,国审,,True,False,True,籼,双季,长江中下游早籼迟熟组,493.5,7.1,金优402,517.0,4.4,114.6,-2.5,89.3,20.7,19.3,122.0,81.7,27.6,3.7,3.7,,感稻瘟病,5.0,中感白叶枯病,7.0,,,50.6,20.8,92.0,25.2,66.0,2.5,,,,False,中国水稻研究所、株洲市农业科学研究所,415,Middle-Lower Yangtze,Early,Two-line hybrid,Public,2,,,True,False,False
3742,五优156,国审稻2012017,2012.0,国审,,True,True,False,籼,双季,长江中下游早籼迟熟组,486.6,,金优402,531.5,7.4,118.3,1.2,90.1,22.3,18.6,116.1,78.8,26.0,4.3,4.3,,高感稻瘟病,5.0,中感白叶枯病,9.0,,,49.6,13.8,62.0,22.7,70.0,2.5,,,,False,江西科源种业有限公司,410,Middle-Lower Yangtze,Early,Three-line hybrid,Enterprise,1,,,True,False,False
2379,早丰优402,国审稻2012018,2012.0,国审,,True,True,False,籼,双季,长江中下游早籼迟熟组,476.9,,金优402,521.2,5.3,117.7,0.6,89.2,22.9,17.6,107.2,79.5,26.2,3.4,3.4,,高感稻瘟病,5.0,中感白叶枯病,9.0,,,48.3,14.8,69.0,24.4,69.0,2.8,,,,False,江西先农种业有限公司、广东省农业科学院水稻研究所,410,Middle-Lower Yangtze,Early,Three-line hybrid,Joint,2,,,True,False,False
1266,徽两优6号,国审稻2012019,2012.0,国审,,True,False,True,籼,中稻,长江中下游中籼迟熟组,578.0,,Ⅱ优838,604.2,8.2,135.1,1.5,118.5,16.1,23.1,173.2,80.8,27.3,5.7,5.7,,高感稻瘟病,7.0,感白叶枯病,9.0,抽穗期耐热性一般,,58.8,6.9,33.0,14.7,76.0,2.9,,,,False,安徽省农业科学院水稻研究所,409,Middle-Lower Yangtze,Single/Mid,Two-line hybrid,Public,1,,,True,False,False
3261,圣丰2优651,国审稻2012020,2012.0,国审,,True,True,False,籼,中稻,长江中下游中籼迟熟组,584.1,,Ⅱ优838,589.6,6.4,137.7,3.8,125.7,17.3,25.6,159.3,80.7,28.6,4.8,4.8,,感稻瘟病,7.0,,9.0,抽穗期耐热性较差,,49.9,12.2,51.5,13.8,81.0,2.6,,,,False,福建省南平市农业科学研究所,411,Middle-Lower Yangtze,Single/Mid,Three-line hybrid,Public,1,,,True,False,False
8,徽两优996,国审稻2012021,2012.0,国审,,True,False,True,籼,中稻,长江中下游中籼迟熟组,575.8,,Ⅱ优838,602.6,8.6,132.4,-1.2,113.6,15.9,24.0,180.7,80.1,26.8,5.3,5.3,,高感稻瘟病,7.0,感白叶枯病,9.0,,,61.0,9.7,40.0,13.1,79.0,2.8,,,,False,合肥科源农业科学研究所、安徽省农业科学院水稻研究所,399,Middle-Lower Yangtze,Single/Mid,Two-line hybrid,Public,2,,,True,False,False
80,湘两优396,国审稻2012022,2012.0,国审,,True,False,True,籼,中稻,长江中下游中籼迟熟组,583.7,,Ⅱ优838,603.0,8.9,128.2,-5.4,116.9,16.3,24.0,176.9,80.4,26.9,6.5,6.5,,高感稻瘟病,7.0,感白叶枯病,9.0,抽穗期耐热性一般,,55.9,13.6,62.3,14.9,70.0,2.8,,,,False,华容县湘亿辉农业科技有限公司,409,Middle-Lower Yangtze,Single/Mid,Two-line hybrid,Enterprise,1,,,True,False,False
3938,Ⅱ优3301,国审稻2012023,2012.0,国审,,True,True,False,籼,中稻,长江中下游中籼迟熟组,577.8,,Ⅱ优838,564.8,1.3,135.6,1.8,124.3,16.4,25.3,164.0,80.1,28.9,4.9,4.9,,高感稻瘟病,7.0,感白叶枯病,9.0,抽穗期耐热性一般,,61.6,15.5,60.0,22.7,81.0,2.6,,,,False,福建省农业科学院生物技术研究所,411,Middle-Lower Yangtze,Single/Mid,Three-line hybrid,Public,1,,,True,False,False
3398,德香4103,国审稻2012024,2012.0,国审,,True,True,False,籼,中稻,长江中下游中籼迟熟组,573.4,,Ⅱ优838,593.2,7.1,134.4,0.8,125.0,15.5,25.9,162.1,79.9,31.1,5.3,5.3,,高感稻瘟病,9.0,,7.0,抽穗期耐热性一般,,52.1,8.6,44.3,15.7,82.0,2.7,,,,False,四川省农业科学院水稻高粱研究所,413,Middle-Lower Yangtze,Single/Mid,Three-line hybrid,Public,1,,,True,False,False
98,新华两优9号,国审稻2012025,2012.0,国审,,True,False,True,籼,中稻,长江中下游中籼迟熟组,580.7,,Ⅱ优838,599.4,7.2,131.8,-1.8,122.8,16.1,25.1,175.7,79.2,27.6,5.8,5.8,,高感稻瘟病,9.0,,9.0,抽穗期耐热性较差,,58.2,14.3,68.3,20.7,56.0,2.9,,,,True,安徽荃银高科种业股份有限公司,409,Middle-Lower Yangtze,Single/Mid,Two-line hybrid,Enterprise,1,,,True,False,False
3258,内2优111,国审稻2012026,2012.0,国审,,True,True,False,籼,中稻,长江中下游中籼迟熟组,572.8,,Ⅱ优838,576.9,3.9,134.8,1.2,115.2,15.2,26.5,164.9,79.1,31.3,5.5,5.5,,高感稻瘟病,7.0,感白叶枯病,7.0,抽穗期耐热性一般,,57.7,8.9,43.3,14.3,75.0,2.9,,,,False,中国水稻研究所,412,Middle-Lower Yangtze,Single/Mid,Three-line hybrid,Public,1,,,True,False,False
180,Y两优5867,国审稻2012027,2012.0,国审,,True,False,True,籼,中稻,长江中下游中籼迟熟组,577.7,,Ⅱ优838,600.8,8.6,137.8,3.9,120.8,17.1,27.7,161.1,81.2,27.7,4.0,4.0,,中感稻瘟病,3.0,中抗白叶枯病,9.0,抽穗期耐热性一般,,64.9,4.4,25.3,15.3,73.0,3.0,,3.0,《优质稻谷》,False,江西科源种业有限公司,427,Middle-Lower Yangtze,Single/Mid,Two-line hybrid,Enterprise,1,0.0,,True,False,False
115,广两优香66,国审稻2012028,2012.0,国审,,True,False,True,籼,中稻,长江中下游中籼迟熟组,555.1,,Ⅱ优838,553.5,0.2,138.8,5.2,128.1,15.5,25.3,166.1,76.1,29.8,5.1,5.1,,感稻瘟病,5.0,中感白叶枯病,7.0,,,58.6,3.4,17.7,16.9,81.0,2.9,,3.0,《优质稻谷》,False,湖北省优质水稻研究开发中心,418,Middle-Lower Yangtze,Single/Mid,Two-line hybrid,Unknown,1,0.0,,True,False,False
3776,荣优225,国审稻2012029,2012.0,国审,,True,True,False,籼,双季,长江中下游晚籼早熟组,516.4,,金优207,510.5,3.4,116.5,3.6,101.4,19.3,21.8,157.7,74.9,25.7,5.8,5.8,,高感稻瘟病,5.0,中感白叶枯病,9.0,,耐冷性弱,61.2,2.8,14.0,24.4,57.0,3.0,,,,False,江西省农业科学院水稻研究所、广东省农业科学院水稻研究所,425,Middle-Lower Yangtze,Late,Three-line hybrid,Public,2,,,True,False,False
3832,圣丰1优319,国审稻2012030,2012.0,国审,,True,True,False,籼,双季,长江中下游晚籼早熟组,488.1,,金优207,501.9,1.6,113.9,0.5,105.4,22.1,23.3,124.4,79.4,25.7,5.2,5.2,,高感稻瘟病,7.0,感白叶枯病,9.0,,耐冷性弱,55.5,3.2,14.0,15.3,78.0,3.2,,3.0,《优质稻谷》,False,福建省南平市农业科学研究所,440,Middle-Lower Yangtze,Late,Three-line hybrid,Public,1,0.0,,True,False,False
725,金优88,国审稻2012031,2012.0,国审,,True,True,False,籼,双季,长江中下游晚籼早熟组,486.5,,金优207,516.8,4.6,112.7,-0.7,98.0,19.8,23.9,134.1,80.0,25.6,5.2,5.2,,高感稻瘟病,7.0,感白叶枯病,9.0,,耐冷性中等,59.6,4.0,17.0,21.5,50.0,3.2,,3.0,《优质稻谷》,True,安徽荃银高科种业股份有限公司,451,Middle-Lower Yangtze,Late,Three-line hybrid,Enterprise,1,0.0,,True,False,False
3138,嘉优5号,国审稻2012032,2012.0,国审,,True,True,False,粳,单季,长江中下游单季晚粳组,629.6,,常优1号,618.6,11.4,154.4,1.7,108.3,16.6,18.9,174.5,86.0,28.8,2.9,2.9,,中抗稻瘟病,3.0,,9.0,,,70.7,8.7,44.0,16.9,74.0,1.8,,,,False,浙江省嘉兴市农业科学研究院,434,Middle-Lower Yangtze,Late,Three-line hybrid,Unknown,1,,,False,False,False
3754,川谷优538,国审稻2012033,2012.0,国审,,True,True,False,籼,中稻,武陵山区中籼组,552.4,2.3,全优527,639.9,4.7,149.4,-0.4,115.7,16.1,25.6,154.6,84.6,31.0,1.7,1.7,,抗稻瘟病,,,,,耐冷性一般,53.5,6.0,56.0,23.4,41.0,3.2,,,,False,四川农业大学水稻研究所,388,Wuling Mountains,Single/Mid,Three-line hybrid,Public,1,,,False,False,False
3208,大粮207,国审稻2012034,2012.0,国审,,False,False,False,粳,,国家黄淮粳稻组,618.5,,徐稻3号,589.1,6.5,156.8,0.9,98.9,,17.2,132.7,87.0,26.6,,,5.0,中感稻瘟病,,,,,,70.7,2.7,,17.2,80.0,,,,,False,临沂市大粮种业有限公司,367,North/Huanghuai,Single/Mid,Inbred/Other,Enterprise,1,,1.0,True,False,False
2499,新科稻21,国审稻2012035,2012.0,国审,,False,False,False,粳,,国家黄淮粳稻组,612.1,,徐稻3号,592.4,7.1,157.1,1.2,96.4,,15.5,125.7,82.7,25.8,,,3.0,中抗稻瘟病,,,,,,70.2,1.9,,16.6,85.0,,,2.0,《优质稻谷》,False,河南省新乡市农业科学院,386,North/Huanghuai,Single/Mid,Inbred/Other,Public,1,1.0,1.0,False,False,False
216,金粳787,国审稻2012036,2012.0,国审,,False,False,False,粳,,国家黄淮粳稻组,605.3,,徐稻3号,575.5,4.2,154.2,-1.7,104.6,,16.9,149.3,81.6,25.2,,,,中感稻瘟病,,,,,,67.7,2.2,,16.0,83.0,,,2.0,《优质稻谷》,False,天津市丰美种业科技开发有限公司,387,North/Huanghuai,Single/Mid,Inbred/Other,Enterprise,1,1.0,,True,False,False
2060,津粳253,国审稻2012037,2012.0,国审,,False,False,False,粳,,国家黄淮粳稻组,596.3,,徐稻3号,576.1,4.1,154.0,-1.9,96.4,,16.1,133.3,87.7,24.4,,,3.0,中抗稻瘟病,,,,,,70.0,1.9,,17.2,78.0,,,2.0,《优质稻谷》,False,天津市水稻研究所,378,North/Huanghuai,Single/Mid,Inbred/Other,Public,1,1.0,1.0,False,False,False
3586,金粳28,国审稻2012038,2012.0,国审,,False,False,False,粳,,国家京津唐粳稻组,647.1,,津原45,652.2,10.9,172.4,-3.5,104.8,,17.2,142.9,92.9,24.7,,,3.0,中抗稻瘟病,,,,,,72.1,1.1,,17.1,80.0,,,2.0,《优质稻谷》,False,天津市水稻研究所,387,North/Huanghuai,Single/Mid,Inbred/Other,Public,1,1.0,1.0,False,False,False
3802,金稻800,国审稻2012039,2012.0,国审,,False,False,False,粳,,国家京津唐粳稻组,642.0,,津原45,638.8,8.6,172.0,-3.9,105.4,,17.1,133.3,94.9,24.1,,,3.0,中抗稻瘟病,,,,,,69.9,1.5,,17.2,81.0,,,2.0,《优质稻谷》,False,天津市农作物研究所,383,North/Huanghuai,Single/Mid,Inbred/Other,Public,1,1.0,1.0,False,False,False
3863,津原E28,国审稻2012040,2012.0,国审,,False,False,False,粳,,国家京津唐粳稻组,617.2,,津原45,603.9,2.6,177.7,-0.5,109.8,,20.0,121.8,90.9,27.4,,,3.0,中抗稻瘟病,,,,,,69.9,1.8,,17.2,78.0,,,2.0,《优质稻谷》,False,天津市原种场,381,North/Huanghuai,Single/Mid,Inbred/Other,Unknown,1,1.0,1.0,False,False,False
3318,原旱稻3号,国审稻2012041,2012.0,国审,,False,False,False,粳,,,357.2,,旱稻277,383.0,10.1,120.0,5.0,105.1,,17.1,99.7,81.4,26.1,,,5.0,中感稻瘟病,,,,,,67.1,1.2,,16.4,82.0,,,2.0,《优质稻谷》,False,原阳沿黄农作物研究所,386,Other/Unspecified,Unspecified,Inbred/Other,Public,1,1.0,1.0,True,False,False
3584,丹旱稻53,国审稻2012042,2012.0,国审,,False,False,False,粳,,,339.4,,旱稻277,372.9,7.6,127.0,12.0,110.5,,20.6,103.9,76.4,27.4,,,5.0,中感稻瘟病,,,,,,71.9,,,1.4,100.0,,,,,False,丹东农业科学院,360,Other/Unspecified,Unspecified,Inbred/Other,Public,1,,1.0,True,False,False
44,郑旱10号,国审稻2012043,2012.0,国审,,False,False,False,粳,,,322.9,,旱稻277,371.1,7.1,118.0,3.0,83.6,,14.7,74.3,88.5,28.1,,,3.0,中抗稻瘟病,,,,,,62.4,2.8,,17.1,79.0,,,,,False,河南省农业科学院,357,Other/Unspecified,Unspecified,Inbred/Other,Public,1,,1.0,False,False,False
3189,冀旱糯3号,国审稻2012044,2012.0,国审,,False,False,False,粳,,,313.2,,旱稻277,360.6,4.0,124.0,9.0,108.1,,17.6,135.5,74.2,26.3,,,5.0,中感稻瘟病,,,,,,64.8,,,1.2,100.0,,,,,False,河北省农林科学院滨海农业研究所,355,Other/Unspecified,Unspecified,Inbred/Other,Public,1,,1.0,True,False,False
249,株两优35,国审稻2013001,2013.0,国审,,True,False,True,籼,双季,早籼早中熟组,480.9,,株两优819,479.1,7.5,113.5,1.7,89.0,22.0,18.5,111.9,82.6,26.1,3.4,3.4,,中感稻瘟病,7.0,感白叶枯病,7.0,,,43.7,17.8,95.0,25.6,70.0,2.5,,,,False,中国水稻研究所,408,Other/Unspecified,Early,Two-line hybrid,Public,1,,,True,False,False
1899,H两优30,国审稻2013002,2013.0,国审,,True,False,True,籼,双季,早籼早中熟组,463.9,,株两优819,441.6,4.0,113.0,1.2,82.2,22.0,19.1,117.5,80.0,24.3,5.7,5.7,,高感稻瘟病,7.0,感白叶枯病,9.0,,,54.4,2.7,17.0,21.2,74.0,3.4,,2.0,《优质稻谷》,False,武汉武大天源生物科技股份有限公司,429,Other/Unspecified,Early,Two-line hybrid,Enterprise,1,1.0,,True,False,False
3,C两优华占,国审稻2013003,2013.0,国审,,True,False,True,籼,中稻,长江上游中籼组,602.9,,Ⅱ优838,619.0,7.7,157.2,-0.7,101.8,16.5,23.0,202.2,79.3,23.7,3.9,3.9,,中感稻瘟病,,,9.0,抽穗期耐热性一般,耐冷性弱,60.3,2.0,18.0,15.7,85.0,2.9,,3.0,《优质稻谷》,False,湖南金色农华种业科技有限公司,408,Upper Yangtze,Single/Mid,Two-line hybrid,Enterprise,1,0.0,,True,False,False
3256,川谷优918,国审稻2013004,2013.0,国审,,True,True,False,籼,中稻,长江上游中籼迟熟组,606.7,,Ⅱ优838,629.2,9.3,160.2,2.1,116.0,14.5,26.1,175.2,79.0,31.4,3.4,3.4,,中感稻瘟病,,,9.0,,,56.3,10.5,52.0,22.6,82.0,2.8,,,,False,四川农业大学水稻研究所、四川高地种业有限公司,388,Upper Yangtze,Single/Mid,Three-line hybrid,Joint,2,,,True,False,False
1504,蓉18优22,国审稻2013005,2013.0,国审,,True,True,False,籼,中稻,长江上游中籼迟熟组,601.0,,Ⅱ优838,612.8,6.7,157.3,-0.8,110.9,14.7,25.3,183.6,77.6,29.7,3.7,3.7,,中感稻瘟病,,,9.0,抽穗期耐热性较差,,57.1,5.0,25.0,15.9,81.0,3.0,,3.0,《优质稻谷》,False,四川省农业科学院水稻高粱研究所,412,Upper Yangtze,Single/Mid,Three-line hybrid,Public,1,0.0,,True,False,False
3351,健优388,国审稻2013006,2013.0,国审,,True,True,False,籼,中稻,长江上游中籼迟熟组,593.6,,Ⅱ优838,614.6,6.2,159.7,1.7,112.5,15.5,24.8,176.4,79.2,27.8,2.9,2.9,,中感稻瘟病,,,9.0,抽穗期耐热性较差,,57.6,6.0,27.0,21.9,81.0,2.5,,,,False,贵州省水稻研究所,399,Upper Yangtze,Single/Mid,Three-line hybrid,Public,1,,,True,False,False
304,内香6优498,国审稻2013007,2013.0,国审,,True,True,False,籼,中稻,长江上游中籼迟熟组,604.7,,Ⅱ优838,599.8,4.3,158.2,-0.6,106.7,14.7,26.0,173.2,81.9,30.9,3.9,3.9,,中感稻瘟病,,,9.0,抽穗期耐热性较差,,51.8,3.3,31.0,15.5,80.0,2.8,,,,False,四川农业大学水稻研究所,396,Upper Yangtze,Single/Mid,Three-line hybrid,Public,1,,,True,False,False
47,Y两优1号,国审稻2013008,2013.0,国审,,True,False,True,籼,中稻,长江上游中籼组,582.5,,Ⅱ优838,619.5,7.6,160.8,2.6,108.2,15.8,24.7,181.2,80.9,26.1,6.4,6.4,,感稻瘟病,,,9.0,,,67.2,4.3,29.0,17.2,80.0,2.8,,3.0,《优质稻谷》,False,湖南杂交水稻研究中心,400,Upper Yangtze,Single/Mid,Two-line hybrid,Public,1,0.0,,True,False,False
3249,广优498,国审稻2013009,2013.0,国审,,True,True,False,籼,中稻,长江上游中籼迟熟组,594.7,,Ⅱ优838,612.2,5.6,158.4,0.2,110.2,14.4,24.6,166.1,80.5,32.6,3.8,3.8,,感稻瘟病,,,9.0,抽穗期耐热性一般,耐冷性一般,57.4,7.1,41.0,21.5,82.0,2.6,,,,False,四川农业大学水稻研究所,405,Upper Yangtze,Single/Mid,Three-line hybrid,Public,1,,,True,False,False
2130,Y两优646,国审稻2013010,2013.0,国审,,True,False,True,籼,中稻,长江中下游中籼迟熟组,593.5,,Ⅱ优838,559.8,5.4,137.0,3.0,119.3,19.1,25.9,167.2,79.7,24.9,5.1,5.1,,高感稻瘟病,4.0,中感白叶枯病,9.0,,,59.0,3.0,28.0,15.8,79.0,2.9,,3.0,《优质稻谷》,False,福建超大现代种业有限公司,413,Middle-Lower Yangtze,Single/Mid,Two-line hybrid,Enterprise,1,0.0,,True,False,False
843,广两优矮93,国审稻2013011,2013.0,国审,,True,False,True,籼,中稻,长江中下游中籼迟熟组,585.9,,Ⅱ优838,579.5,9.6,133.2,-0.8,116.7,16.4,23.4,185.7,80.9,26.8,5.7,5.7,9.0,高感稻瘟病,7.0,中感白叶枯病,7.0,,,57.1,4.3,35.0,16.4,76.0,2.9,,,,False,连云港市农业科学院,401,Middle-Lower Yangtze,Single/Mid,Two-line hybrid,Public,1,,0.0,True,False,False
367,Y两优3399,国审稻2013012,2013.0,国审,,True,False,True,籼,一季稻,长江中下游中籼迟熟组,587.4,,Ⅱ优838,579.1,9.4,137.8,-3.7,120.2,16.9,26.6,188.2,81.8,24.9,5.2,5.2,,高感稻瘟病,3.0,中抗白叶枯病,7.0,,,58.8,3.9,30.0,16.3,75.0,3.0,,3.0,《优质稻谷》,False,湖南科裕隆种业有限公司,422,Middle-Lower Yangtze,Single/Mid,Two-line hybrid,Enterprise,1,0.0,,True,False,False
46,C两优9号,国审稻2013013,2013.0,国审,,True,False,True,籼,中稻,长江中下游中籼迟熟组,574.8,,Ⅱ优838,565.9,6.7,136.0,1.8,116.2,17.3,24.8,186.6,77.9,24.6,2.8,2.8,,感稻瘟病,5.0,感白叶枯病,9.0,,,63.6,1.8,20.0,15.3,81.0,3.1,,3.0,《优质稻谷》,False,湖南农业大学,413,Middle-Lower Yangtze,Single/Mid,Two-line hybrid,Public,1,0.0,,True,False,False
828,广两优676,国审稻2013014,2013.0,国审,,True,False,True,籼,中籼,长江中下游中籼迟熟组,577.5,,Ⅱ优838,571.8,7.8,140.9,6.7,136.4,15.1,27.5,177.9,77.1,30.0,4.3,4.3,,高感稻瘟病,5.0,中感白叶枯病,9.0,抽穗期耐热性较差,,63.9,2.9,19.0,16.0,84.0,2.9,,2.0,《优质稻谷》,False,福建省农业科学院水稻研究所,417,Middle-Lower Yangtze,Single/Mid,Two-line hybrid,Public,1,1.0,,True,False,False
121,两优8106,国审稻2013015,2013.0,国审,,True,False,True,籼,中稻,长江中下游中籼迟熟组,585.4,,Ⅱ优838,558.8,5.3,130.5,-3.7,116.0,15.6,24.7,164.6,83.9,30.1,5.8,5.8,,感稻瘟病,7.0,感白叶枯病,9.0,,,49.1,12.5,61.0,13.8,83.0,2.7,,,,True,安徽荃银高科种业股份有限公司,405,Middle-Lower Yangtze,Single/Mid,Two-line hybrid,Enterprise,1,,,True,False,False
855,科优16,国审稻2013016,2013.0,国审,,True,True,False,籼,中稻,长江中下游中籼迟熟组,585.3,,Ⅱ优838,559.9,6.1,130.4,-3.8,119.4,17.2,25.4,160.9,80.2,28.1,4.0,4.0,,感稻瘟病,9.0,高感白叶枯病,9.0,,,49.2,21.1,94.0,21.8,55.0,2.4,,,,False,福建省南平市农业科学研究所,401,Middle-Lower Yangtze,Single/Mid,Three-line hybrid,Public,1,,,True,False,False
669,Y两优102,国审稻2013017,2013.0,国审,,True,False,True,籼,中稻,长江中下游中籼组,577.3,,Ⅱ优838,551.5,4.2,134.8,0.6,124.4,16.3,28.5,199.6,77.8,24.8,6.6,6.6,,高感稻瘟病,7.0,感白叶枯病,9.0,,,55.7,7.8,39.0,15.1,76.0,3.1,,,,False,江西先农种业有限公司,401,Middle-Lower Yangtze,Single/Mid,Two-line hybrid,Enterprise,1,,,True,False,False
169,Y两优689,国审稻2013018,2013.0,国审,,True,False,True,籼,中稻,长江中下游中籼迟熟组,584.5,,Ⅱ优838,566.3,6.8,138.3,4.1,122.3,17.7,27.4,164.5,81.0,26.5,6.0,6.0,,高感稻瘟病,5.0,感白叶枯病,9.0,,,60.8,5.1,28.0,16.3,74.0,3.1,,,,False,温州市联大农业科技有限公司,404,Middle-Lower Yangtze,Single/Mid,Two-line hybrid,Enterprise,1,,,True,False,False
230,天优8012,国审稻2013019,2013.0,国审,,True,True,False,籼,中稻,长江中下游中籼迟熟组,582.4,,Ⅱ优838,562.5,6.5,134.1,-0.1,117.9,16.1,22.8,176.2,80.1,28.0,3.5,3.5,,感稻瘟病,9.0,高感白叶枯病,7.0,,,41.9,9.6,47.0,25.2,78.0,2.9,,,,False,中国水稻研究所,401,Middle-Lower Yangtze,Single/Mid,Three-line hybrid,Public,1,,,True,False,False
201,齐优1068,国审稻2013020,2013.0,国审,,True,True,False,籼,中稻,长江中下游中籼组,589.3,,Ⅱ优838,553.8,4.8,139.9,5.9,129.4,14.2,23.9,207.8,74.8,28.8,6.2,6.2,,高感稻瘟病,7.0,感白叶枯病,9.0,,,60.0,3.3,25.0,23.6,70.0,3.0,,3.0,《优质稻谷》,False,合肥齐民济生生物技术研究所,414,Middle-Lower Yangtze,Single/Mid,Three-line hybrid,Public,1,0.0,,True,False,False
50,欣荣优华占,国审稻2013021,2013.0,国审,,True,True,False,籼,中稻,长江中下游中籼迟熟组,582.9,,Ⅱ优838,595.8,12.5,128.2,-6.0,111.0,18.6,23.2,175.3,84.6,23.6,3.8,3.8,,中感稻瘟病,7.0,感白叶枯病,9.0,抽穗期耐热性较差,,64.6,8.1,38.0,14.4,77.0,2.7,,,,False,北京金色农华种业科技有限公司,408,Middle-Lower Yangtze,Single/Mid,Three-line hybrid,Enterprise,1,,,True,False,False
59,荆两优1198,国审稻2013022,2013.0,国审,,True,False,True,籼,中稻,长江中下游中籼迟熟组,588.5,,Ⅱ优838,576.0,8.1,139.4,5.3,128.8,14.9,25.5,188.2,75.9,31.1,6.1,6.1,,高感稻瘟病,9.0,,9.0,抽穗期耐热性较差,,56.1,11.5,72.0,26.0,,2.7,,,,False,湖南活力种业科技股份有限公司,402,Middle-Lower Yangtze,Single/Mid,Two-line hybrid,Enterprise,1,,,True,False,False
473,两优383,国审稻2013023,2013.0,国审,,True,False,True,籼,一季稻,长江中下游中籼迟熟组,586.9,,Ⅱ优838,559.9,5.6,134.0,-0.2,127.9,15.4,25.0,181.3,82.5,28.7,5.1,5.1,,感稻瘟病,5.0,中感白叶枯病,9.0,,,46.3,9.5,61.0,23.5,89.0,2.9,,,,True,安徽荃银高科种业股份有限公司,400,Middle-Lower Yangtze,Single/Mid,Two-line hybrid,Enterprise,1,,,True,False,False
430,两优0367,国审稻2013024,2013.0,国审,,True,False,True,籼,中稻,长江中下游中籼迟熟组,592.7,,Ⅱ优838,556.3,5.2,136.2,2.0,120.5,16.2,24.8,178.3,81.8,27.8,5.6,5.6,,高感稻瘟病,9.0,,9.0,,,60.9,4.1,27.0,16.3,80.0,3.0,,3.0,《优质稻谷》,False,合肥齐民济生生物技术研究所,413,Middle-Lower Yangtze,Single/Mid,Two-line hybrid,Public,1,0.0,,True,False,False
43,两优3905,国审稻2013025,2013.0,国审,,True,False,True,籼,中稻,长江中下游中籼迟熟组,562.6,1.8,Ⅱ优838,572.6,8.1,137.6,3.4,127.8,14.4,24.9,203.7,79.1,27.6,6.0,6.0,,高感稻瘟病,9.0,,9.0,,,62.4,1.8,20.0,17.0,69.0,3.0,,2.0,《优质稻谷》,False,合肥丰乐种业股份有限公司,420,Middle-Lower Yangtze,Single/Mid,Two-line hybrid,Enterprise,1,1.0,,True,False,False
171,盐两优2208,国审稻2013026,2013.0,国审,,True,False,True,籼,中稻,长江中下游中籼迟熟组,579.4,,Ⅱ优838,571.4,8.2,139.5,5.0,127.4,15.8,25.4,168.5,79.9,30.0,5.7,5.7,,高感稻瘟病,9.0,感白叶枯病,9.0,,,65.4,3.5,28.0,17.4,79.0,3.0,,3.0,《优质稻谷》,False,江苏沿海地区农业科学研究所,416,Middle-Lower Yangtze,Single/Mid,Two-line hybrid,Public,1,0.0,,True,False,False
116,Y两优2号,国审稻2013027,2013.0,国审,,True,False,True,籼,中稻,长江中下游中籼迟熟组,615.4,,丰两优四号,580.4,9.1,139.1,2.2,122.6,17.1,28.3,198.5,78.9,24.8,5.5,5.5,,高感稻瘟病,7.0,感白叶枯病,9.0,,,64.7,3.6,28.0,15.5,84.0,3.0,,3.0,《优质稻谷》,False,湖南杂交水稻研究中心,418,Middle-Lower Yangtze,Single/Mid,Two-line hybrid,Public,1,0.0,,True,False,False
82,盛泰优9712,国审稻2013028,2013.0,国审,,True,True,False,籼,双季,长江中下游晚籼早熟组,509.1,,金优207,512.6,7.6,115.6,-0.6,94.6,23.3,22.4,,79.0,25.7,6.0,6.0,,高感稻瘟病,7.0,感白叶枯病,9.0,,耐冷性一般,55.9,3.9,26.0,17.7,54.0,3.2,,3.0,《优质稻谷》,False,湖南洞庭高科种业股份有限公司,421,Middle-Lower Yangtze,Late,Three-line hybrid,Enterprise,1,0.0,,True,False,False
148,新两优917,国审稻2013029,2013.0,国审,,True,False,True,籼,双季,长江中下游晚籼早熟组,524.2,,金优207,507.0,6.5,118.1,2.2,104.5,21.4,21.8,146.4,78.3,23.8,6.2,6.2,,高感稻瘟病,7.0,感白叶枯病,9.0,,,57.3,4.5,22.0,15.5,59.0,3.0,,3.0,《优质稻谷》,True,安徽荃银高科种业股份有限公司,417,Middle-Lower Yangtze,Late,Two-line hybrid,Enterprise,1,0.0,,True,False,False
3266,岳优华占,国审稻2013030,2013.0,国审,,True,True,False,籼,双季,长江中下游晚籼早熟组,514.9,,金优207,502.3,5.5,118.0,2.1,98.2,24.9,22.6,129.5,74.8,23.1,4.3,4.3,,高感稻瘟病,5.0,中感白叶枯病,9.0,,耐冷性弱,56.6,4.8,29.0,17.1,59.0,3.4,,3.0,《优质稻谷》,False,江西先农种业有限公司,421,Middle-Lower Yangtze,Late,Three-line hybrid,Enterprise,1,0.0,,True,False,False
385,深优1029,国审稻2013031,2013.0,国审,,True,True,False,籼,双季,长江中下游晚籼早熟组,502.2,3.5,金优207,502.6,5.5,118.4,2.5,103.9,20.1,22.1,149.3,78.0,24.1,5.9,5.9,,高感稻瘟病,9.0,,9.0,,耐冷性较弱,52.9,4.5,28.0,16.5,71.0,3.0,,3.0,《优质稻谷》,False,江西现代种业股份有限公司,425,Middle-Lower Yangtze,Late,Three-line hybrid,Enterprise,1,0.0,,True,False,False
3639,博优1167,国审稻2013032,2013.0,国审,,True,True,False,籼,双季,华南感光晚籼组,483.2,,博优998,455.5,3.5,120.1,3.7,114.8,18.1,22.4,145.7,84.6,22.8,4.9,4.9,,感稻瘟病,7.0,,9.0,,,66.1,7.4,54.0,22.0,64.0,2.6,,2.0,《优质稻谷》,False,钦州市科学农业研究所,408,South China,Late,Three-line hybrid,Public,1,1.0,,True,False,False
4276,T12优66,国审稻2013033,2013.0,国审,,True,True,False,粳,单季,长江中下游单季晚粳组,608.0,,常优1号,691.6,11.9,155.2,2.5,104.2,16.8,20.2,194.1,79.0,25.6,5.1,5.1,,中感稻瘟病,5.0,,9.0,,,70.7,11.3,64.0,16.6,68.0,2.0,,,,False,安徽省农业科学院水稻研究所,415,Middle-Lower Yangtze,Late,Three-line hybrid,Public,1,,,True,False,False
1181,甬优17,国审稻2013034,2013.0,国审,,True,True,False,粳,晚稻,长江中下游单季晚粳组,611.4,,常优1号,693.8,12.3,157.1,4.4,120.9,15.5,23.7,238.4,81.4,24.5,2.6,2.6,,中感稻瘟病,5.0,,9.0,,,73.7,3.9,28.0,16.2,76.0,2.3,,3.0,《优质稻谷》,False,宁波市农科院、宁波市种子有限公司,427,Middle-Lower Yangtze,Late,Three-line hybrid,Joint,2,0.0,,True,False,False
3280,全优3301,国审稻2013035,2013.0,国审,,True,True,False,籼,中稻,武陵山区中籼组,600.5,2.0,全优527,618.7,6.3,147.6,-2.2,114.8,16.7,21.4,158.7,84.6,29.3,2.0,2.0,,中抗稻瘟病,,,,,耐冷性一般,57.2,3.5,44.0,21.6,43.0,3.0,,,,False,福建省农业科学院生物技术研究所,405,Wuling Mountains,Single/Mid,Three-line hybrid,Public,1,,,False,False,False
200,苏秀326,国审稻2013036,2013.0,国审,,False,False,False,粳,,黄淮粳稻组,603.2,,徐稻3号,692.2,4.8,157.5,1.0,97.6,19.9,16.5,153.2,78.2,25.6,,,,抗稻瘟病,,,,,,67.2,2.1,,18.2,80.0,,,3.0,《优质稻谷》,False,江苏苏乐种业科技有限公司,402,North/Huanghuai,Single/Mid,Inbred/Other,Enterprise,1,0.0,,False,False,False
3554,中作稻2号,国审稻2013037,2013.0,国审,,False,False,False,粳,,京津唐粳稻组,642.4,,津原45,630.3,9.4,180.6,4.7,113.6,24.7,16.2,133.1,89.0,25.7,,,3.0,中抗稻瘟病,,,,,,63.8,2.8,,18.0,80.0,,,,,False,中国农业科学院作物科学研究所、连云港市农业科学院,376,North/Huanghuai,Single/Mid,Inbred/Other,Public,2,,1.0,False,False,False
3583,中作稻3号,国审稻2013038,2013.0,国审,,False,False,False,粳,,京津唐粳稻组,627.9,,津原45,608.6,5.6,176.4,0.5,117.8,21.0,21.9,134.3,86.1,27.9,,,3.0,中抗稻瘟病,,,,,,71.4,1.5,,17.4,74.0,,,2.0,《优质稻谷》,False,中国农业科学院作物科学研究所,397,North/Huanghuai,Single/Mid,Inbred/Other,Public,1,1.0,1.0,False,False,False
3354,金穗9号,国审稻2013039,2013.0,国审,,False,False,False,粳,,京津唐粳稻组,609.0,,津原45,609.0,5.7,177.2,1.3,121.6,23.4,17.4,122.9,86.9,26.5,,,3.0,中抗稻瘟病,,,,,,70.4,0.7,,17.1,80.0,,,1.0,《优质稻谷》,False,河北省农林科学院滨海农业研究所,400,North/Huanghuai,Single/Mid,Inbred/Other,Public,1,1.0,1.0,False,False,False
3950,富田2100,国审稻2013040,2013.0,国审,,False,False,False,粳,,中早粳晚熟组,639.8,7.7,津原85,626.3,5.4,156.9,-3.1,118.8,19.7,21.0,161.9,84.0,25.0,5.4,5.4,5.0,中感稻瘟病,,,,,,69.1,5.9,48.0,17.0,80.0,,,,,False,沈阳富田种业科技有限公司,375,Other/Unspecified,Early,Inbred/Other,Enterprise,1,,1.0,True,False,False
3788,金粳优11号,国审稻2013041,2013.0,国审,,True,True,False,粳,,中早粳晚熟组,648.2,9.1,津原85,664.9,11.9,162.5,2.5,119.6,20.7,19.9,168.7,78.5,24.2,,,3.0,中抗稻瘟病,,,,,,63.7,4.5,33.0,15.7,81.0,,,,,False,天津市水稻研究所,389,Other/Unspecified,Early,Three-line hybrid,Public,1,,1.0,False,False,False
2004,五优17,国审稻2013042,2013.0,国审,,True,True,False,粳,,中早粳早熟组,678.1,,吉玉粳,642.6,8.1,149.9,4.6,107.1,29.8,16.6,117.8,89.0,24.7,,,5.0,中感稻瘟病,,,,,,67.6,1.6,16.5,16.5,84.8,,,2.0,《优质稻谷》,False,沈阳杰玉杂交粳稻科技开发有限责任公司,375,Other/Unspecified,Early,Three-line hybrid,Enterprise,1,1.0,1.0,True,False,False
1325,吉大718,国审稻2013043,2013.0,国审,,False,False,False,粳,,中早粳早熟组,643.0,,吉玉粳,627.3,5.5,150.1,4.8,104.1,27.0,18.4,149.4,85.1,22.2,0.6,0.6,1.0,抗稻瘟病,,,,,,69.5,1.7,18.0,15.1,84.3,,,2.0,《优质稻谷》,False,吉林大学植物科学学院,367,Other/Unspecified,Early,Inbred/Other,Public,1,1.0,1.0,False,False,False
134,陵两优7717,国审稻2014001,2014.0,国审,,True,False,True,籼,双季,早籼早中熟组,492.7,,株两优819,493.1,4.2,111.5,2.8,82.1,22.7,18.7,,85.8,26.9,5.6,5.6,,高感稻瘟病,5.0,中感白叶枯病,7.0,,,51.5,21.6,96.0,25.1,81.0,2.6,,,,False,湖南亚华种业科学院,410,Other/Unspecified,Early,Two-line hybrid,Joint,1,,,True,False,False
545,株两优39,国审稻2014002,2014.0,国审,,True,False,True,籼,双季,早籼早中熟组,484.1,,株两优819,502.9,6.3,110.3,1.6,86.1,21.4,17.9,,86.9,25.7,3.8,3.8,,感稻瘟病,5.0,中感白叶枯病,9.0,,,54.3,20.4,97.0,24.1,79.0,2.4,,,,False,中国水稻研究所,407,Other/Unspecified,Early,Two-line hybrid,Public,1,,,True,False,False
3251,陆两优173,国审稻2014003,2014.0,国审,,True,False,True,籼,双季,早籼早中熟组,477.8,,株两优819,487.4,3.0,110.7,2.0,88.0,21.4,19.5,,84.6,27.8,3.5,3.5,,中感稻瘟病,5.0,,9.0,,,54.0,14.6,86.0,19.8,53.0,3.1,,,,False,中国水稻研究所,408,Other/Unspecified,Early,Two-line hybrid,Public,1,,,True,False,False
1081,陵两优22,国审稻2014004,2014.0,国审,,True,False,True,籼,双季,早籼迟熟组,516.7,,金优402,531.6,7.7,113.4,-0.3,83.1,22.1,19.0,,84.4,27.2,5.2,5.2,,高感稻瘟病,5.0,中感白叶枯病,9.0,,,57.8,16.1,87.0,19.7,75.0,2.7,,,,False,湖南亚华种业科学研究院、中国水稻研究所,405,Other/Unspecified,Early,Two-line hybrid,Joint,2,,,True,False,False
160,陵两优722,国审稻2014005,2014.0,国审,,True,False,True,籼,双季,早籼迟熟组,513.5,,金优402,522.5,6.3,112.8,-0.9,82.1,21.3,19.1,,86.5,28.6,4.8,4.8,,高感稻瘟病,3.0,中抗白叶枯病,9.0,,,48.3,20.5,97.0,25.3,81.0,2.7,,,,False,中国水稻研究所、湖南亚华种业科学研究院,404,Other/Unspecified,Early,Two-line hybrid,Joint,2,,,True,False,False
4265,荣优107,国审稻2014006,2014.0,国审,,True,True,False,籼,双季,早籼迟熟组,512.7,,金优402,527.7,7.0,114.0,0.3,88.7,20.6,18.3,,87.0,26.9,5.5,5.5,,高感稻瘟病,5.0,中感白叶枯病,9.0,,,52.7,6.2,35.0,21.6,77.0,2.7,,,,False,江西先农种业有限公司,402,Other/Unspecified,Early,Three-line hybrid,Enterprise,1,,,True,False,False
3436,早优9号,国审稻2014007,2014.0,国审,,True,True,False,籼,双季,早籼迟熟组,506.7,,金优402,526.9,6.2,113.5,-0.2,87.3,23.0,18.0,,85.1,26.5,6.3,6.3,,高感稻瘟病,5.0,中感白叶枯病,9.0,,,49.8,6.9,43.0,17.4,58.0,2.9,,,,False,北京金色农华种业科技有限公司,399,Other/Unspecified,Early,Three-line hybrid,Enterprise,1,,,True,False,False
3339,荣优286,国审稻2014008,2014.0,国审,,True,True,False,籼,双季,早籼迟熟组,503.2,,金优402,520.5,5.0,112.8,-0.9,83.8,19.4,18.6,,83.7,26.3,6.3,6.3,,高感稻瘟病,7.0,感白叶枯病,7.0,,,52.6,7.9,45.0,22.7,74.0,2.9,,,,False,江西现代种业股份有限公司,400,Other/Unspecified,Early,Three-line hybrid,Enterprise,1,,,True,False,False
4562,温814,国审稻2014009,2014.0,国审,,False,False,False,籼,双季,早籼迟熟组,501.2,,金优402,515.9,4.0,111.1,-2.6,80.5,21.1,17.6,,89.0,26.3,5.9,5.9,,高感稻瘟病,7.0,感白叶枯病,9.0,,,67.5,18.3,93.0,26.3,81.0,2.2,,,,False,浙江温州市农科院,401,Other/Unspecified,Early,Inbred/Other,Public,1,,,True,False,False
3137,内6优538,国审稻2014010,2014.0,国审,,True,True,False,籼,中稻,长江上游中籼迟熟组,611.9,,Ⅱ优838,581.6,6.7,158.7,2.0,104.6,15.6,26.2,,81.8,31.0,4.2,4.2,,感稻瘟病,,,9.0,抽穗期耐热性、耐冷性中等,耐冷性中等,57.9,4.9,35.0,15.1,84.0,2.9,,,,False,四川农业大学水稻研究所,390,Upper Yangtze,Single/Mid,Three-line hybrid,Public,1,,,True,False,False
3352,蓉3优918,国审稻2014011,2014.0,国审,,True,True,False,籼,中稻,长江上游中籼迟熟组,604.8,,Ⅱ优838,590.5,7.6,154.1,-2.6,119.9,14.6,26.1,,78.3,32.0,4.3,4.3,,中感稻瘟病,,,9.0,抽穗期耐热性、耐冷性中等,耐冷性中等,47.5,4.9,41.0,16.4,84.0,2.7,,,,False,武胜县农业科学研究所,391,Upper Yangtze,Single/Mid,Three-line hybrid,Public,1,,,True,False,False
3445,正优808,国审稻2014012,2014.0,国审,,True,True,False,籼,中稻,长江上游中籼迟熟组,601.5,,Ⅱ优838,579.3,4.9,158.0,1.3,115.6,14.7,24.4,,78.6,27.9,6.2,6.2,,感稻瘟病,,,9.0,抽穗期耐热性中等,,58.8,5.0,32.0,21.8,69.0,2.5,,,,False,四川正兴种业有限公司,386,Upper Yangtze,Single/Mid,Three-line hybrid,Enterprise,1,,,True,False,False
2123,成优489,国审稻2014013,2014.0,国审,,True,True,False,籼,中稻,长江上游中籼迟熟组,611.1,,Ⅱ优838,568.5,3.6,156.9,0.1,116.1,15.1,25.1,,82.3,31.6,4.9,4.9,,感稻瘟病,,,9.0,抽穗期耐热性中等,,50.8,13.2,90.0,16.6,84.0,2.8,,,,False,贵州省水稻研究所,385,Upper Yangtze,Single/Mid,Three-line hybrid,Public,1,,,True,False,False
784,宜香优5979,国审稻2014014,2014.0,国审,,True,True,False,籼,中稻,长江上游中籼迟熟组,598.3,,Ⅱ优838,588.9,7.5,156.1,-0.7,116.2,15.4,25.9,,79.5,28.3,6.3,6.3,,感稻瘟病,,,7.0,,,59.1,10.2,58.0,21.7,80.0,2.6,,,,False,宜宾市农业科学院,377,Upper Yangtze,Single/Mid,Three-line hybrid,Public,1,,,True,False,False
3541,内7优39,国审稻2014015,2014.0,国审,,True,True,False,籼,中稻,长江上游中籼迟熟组,593.2,,Ⅱ优838,588.0,7.0,157.1,0.3,106.7,15.5,23.6,,83.8,28.3,5.6,5.6,,感稻瘟病,,,9.0,,耐冷性中等,60.4,4.5,40.0,15.5,84.0,2.5,,,,False,内江杂交水稻科技开发中心,387,Upper Yangtze,Single/Mid,Three-line hybrid,Unknown,1,,,True,False,False
48,川优6203,国审稻2014016,2014.0,国审,,True,True,False,籼,中稻,长江上游中籼迟熟组,585.4,,Ⅱ优838,571.2,4.8,156.3,-0.5,111.6,15.2,25.6,,80.8,29.0,3.6,3.6,,中感稻瘟病,,,9.0,,,58.7,2.3,28.0,17.5,75.0,3.5,,2.0,《优质稻谷》,False,四川省农业科学院作物研究所,399,Upper Yangtze,Single/Mid,Three-line hybrid,Public,1,1.0,,True,False,False
3458,乐优918,国审稻2014017,2014.0,国审,,True,True,False,籼,中稻,长江上游中籼迟熟组,602.5,,Ⅱ优838,582.6,6.1,156.4,-0.2,115.6,14.1,25.2,,79.2,32.4,4.9,4.9,,中感稻瘟病,,,9.0,抽穗期耐热性、耐冷性较弱,耐冷性较弱,51.7,9.5,61.0,22.2,75.0,2.6,,,,False,仲衍种业股份有限公司，四川正兴种业有限公司,390,Upper Yangtze,Single/Mid,Three-line hybrid,Enterprise,2,,,True,False,False
331,宜香优1108,国审稻2014018,2014.0,国审,,True,True,False,籼,中稻,长江上游中籼迟熟组,600.6,,Ⅱ优838,584.6,6.5,156.3,-0.3,116.1,14.8,26.1,,79.1,29.4,6.1,6.1,,感稻瘟病,,,9.0,抽穗期耐热性中等,,54.0,1.7,12.0,16.0,83.0,3.0,,2.0,《优质稻谷》,False,宜宾市农业科学院,402,Upper Yangtze,Single/Mid,Three-line hybrid,Public,1,1.0,,True,False,False
3201,德优4727,国审稻2014019,2014.0,国审,,True,True,False,籼,中稻,长江上游中籼迟熟组,612.4,,Ⅱ优838,589.0,6.9,158.4,1.4,113.7,14.9,24.5,,82.2,32.0,5.3,5.3,,感稻瘟病,,,7.0,抽穗期耐热性中等,,58.0,2.3,20.0,17.3,73.0,2.8,,2.0,《优质稻谷》,False,四川省农业科学院水稻高粱研究所,401,Upper Yangtze,Single/Mid,Three-line hybrid,Public,1,1.0,,True,False,False
4208,DM优6188,国审稻2014020,2014.0,国审,,True,True,False,籼,中稻,长江上游中籼迟熟组,608.8,,Ⅱ优838,577.0,5.1,154.6,-2.4,118.8,15.0,24.7,,78.8,29.4,5.6,5.6,,中感稻瘟病,,,7.0,抽穗期耐热性、耐冷性中等,耐冷性中等,57.5,12.5,60.0,25.1,79.0,2.8,,,,False,双流县发兴农作物研究所,392,Upper Yangtze,Single/Mid,Three-line hybrid,Public,1,,,True,False,False
3723,乐优891,国审稻2014021,2014.0,国审,,True,True,False,籼,中稻,长江上游中籼迟熟组,602.8,,Ⅱ优838,575.0,4.8,158.6,1.6,115.5,14.2,25.2,,77.0,30.5,4.7,4.7,,中感稻瘟病,,,9.0,抽穗期耐热性较弱,耐冷性中等,53.4,11.9,70.0,26.0,70.0,2.6,,,,False,双流县发兴农作物研究所,392,Upper Yangtze,Single/Mid,Three-line hybrid,Public,1,,,True,False,False
4147,内5优16,国审稻2014022,2014.0,国审,,True,True,False,籼,中稻,长江上游中籼迟熟组,606.5,,Ⅱ优838,584.6,6.0,154.8,-2.1,111.4,15.2,25.3,,78.9,30.7,4.6,4.6,,中感稻瘟病,,,9.0,抽穗期耐热性较弱,耐冷性中等,54.0,11.6,65.0,22.1,77.0,2.9,,,,False,成都丰乐种业有限责任公司,395,Upper Yangtze,Single/Mid,Three-line hybrid,Enterprise,1,,,True,False,False
4563,全优785,国审稻2014023,2014.0,国审,,True,True,False,籼,中稻,长江上游中籼迟熟组,604.9,,Ⅱ优838,575.9,5.1,157.7,0.8,110.9,15.9,24.9,,78.9,29.5,3.8,3.8,,中感稻瘟病,,,7.0,抽穗期耐热性中等,耐冷性较弱,61.7,14.6,87.0,21.7,78.0,2.5,,,,False,贵州省水稻研究所,391,Upper Yangtze,Single/Mid,Three-line hybrid,Public,1,,,True,False,False
582,Y两优6号,国审稻2014024,2014.0,国审,,True,False,True,籼,中稻,长江中下游中籼迟熟组,627.0,,丰两优四号,639.8,6.9,138.4,1.4,123.9,17.0,26.8,,83.4,27.0,4.2,4.2,,高感稻瘟病,5.0,中感白叶枯病,9.0,,,57.6,3.7,28.0,15.7,82.0,3.1,,3.0,《优质稻谷》,False,湖南希望种业科技有限公司,409,Middle-Lower Yangtze,Single/Mid,Two-line hybrid,Enterprise,1,0.0,,True,False,False
1022,两优619,国审稻2014025,2014.0,国审,,True,False,True,籼,中稻,长江中下游中籼迟熟组,622.5,,丰两优四号,621.7,3.9,139.9,2.8,122.9,14.6,25.4,,81.6,30.0,5.0,5.0,,感稻瘟病,5.0,中感白叶枯病,7.0,,,64.7,0.7,7.0,16.5,70.0,3.2,,2.0,《优质稻谷》,False,安徽蓝田农业开发有限公司,404,Middle-Lower Yangtze,Single/Mid,Two-line hybrid,Enterprise,1,1.0,,True,False,False
193,深两优865,国审稻2014026,2014.0,国审,,True,False,True,籼,中稻,长江中下游中籼迟熟组,621.8,,丰两优四号,611.3,2.1,135.4,-1.7,113.7,18.2,25.0,,86.7,23.9,5.1,5.1,,高感稻瘟病,3.0,中抗白叶枯病,7.0,抽穗期耐热性中等,,61.4,4.0,28.0,14.8,74.0,3.1,,,,False,江西科源种业有限公司、临湘市兆农科技研发中心,401,Middle-Lower Yangtze,Single/Mid,Two-line hybrid,Enterprise,2,,,True,False,False
322,Y两优896,国审稻2014027,2014.0,国审,,True,False,True,籼,中稻,长江中下游中籼迟熟组,618.9,,丰两优四号,632.5,5.9,137.9,0.6,122.3,16.3,26.8,,82.5,26.5,4.8,4.8,,感稻瘟病,5.0,中感白叶枯病,9.0,抽穗期耐热性中等,,62.9,2.6,25.0,15.5,79.0,3.1,,3.0,《优质稻谷》,False,合肥信达高科农业科学研究所,416,Middle-Lower Yangtze,Single/Mid,Two-line hybrid,Public,1,0.0,,True,False,False
179,Y两优3218,国审稻2014028,2014.0,国审,,True,False,True,籼,中稻,长江中下游中籼迟熟组,622.4,,丰两优四号,620.5,3.9,136.5,-0.4,122.2,16.5,27.6,,81.6,24.9,5.8,5.8,,高感稻瘟病,7.0,感白叶枯病,9.0,抽穗期耐热性中等,,56.2,10.9,53.0,13.8,83.0,3.0,,,,False,湖南科裕隆种业有限公司,404,Middle-Lower Yangtze,Single/Mid,Two-line hybrid,Enterprise,1,,,True,False,False
3612,正两优825,国审稻2014029,2014.0,国审,,True,False,True,籼,双季,长江中下游晚籼中迟熟组,503.2,,汕优46,528.7,6.3,120.9,3.5,116.9,19.8,22.8,,78.6,29.0,,,,感稻瘟病,7.0,,7.0,,耐冷性中等,55.9,7.0,36.0,20.8,44.0,2.5,,,,False,四川省嘉陵农作物品种研究中心,418,Middle-Lower Yangtze,Late,Two-line hybrid,Public,1,,,True,False,False
3550,两优228,国审稻2014030,2014.0,国审,,True,False,True,籼,双季,晚籼早熟组,554.7,,五优308,561.3,7.5,113.6,-5.2,103.5,21.1,23.1,,81.1,26.2,5.7,5.7,,感稻瘟病,7.0,,9.0,,耐冷性中等,57.3,8.2,56.0,16.0,66.0,3.1,,,,False,安徽绿亿种业有限公司,403,Other/Unspecified,Late,Two-line hybrid,Enterprise,1,,,True,False,False
256,五优103,国审稻2014031,2014.0,国审,,True,True,False,籼,双季,晚籼早熟组,555.6,,五优308,561.4,7.5,114.0,-4.8,100.6,19.7,21.8,,83.4,26.0,5.4,5.4,,高感稻瘟病,7.0,感白叶枯病,9.0,,耐冷性中等,62.2,5.8,39.0,15.9,81.0,2.6,,,,False,南昌市德民农业科技有限公司、广东省农业科学院水稻研究所,397,Other/Unspecified,Late,Three-line hybrid,Joint,2,,,True,False,False
3987,广两优7203,国审稻2014032,2014.0,国审,,True,False,True,籼,双季,晚籼早熟组,552.1,,五优308,543.6,4.1,118.1,-0.5,107.7,19.7,23.3,,79.4,29.3,6.4,6.4,,高感稻瘟病,5.0,中感白叶枯病,9.0,,,49.3,8.9,67.0,17.3,85.0,3.2,,,,False,中国水稻研究所,393,Other/Unspecified,Late,Two-line hybrid,Public,1,,,True,False,False
4012,两优5266,国审稻2014033,2014.0,国审,,True,False,True,籼,双季,晚籼早熟组,567.6,,五优308,530.6,1.6,118.5,-0.1,109.8,18.8,23.7,,78.7,25.3,5.1,5.1,,感稻瘟病,5.0,中感白叶枯病,9.0,,,57.2,7.7,54.0,23.1,79.0,3.1,,,,False,合肥信达高科农业科学研究所,390,Other/Unspecified,Late,Two-line hybrid,Public,1,,,True,False,False
258,镇糯19号,国审稻2014034,2014.0,国审,,False,False,False,粳,单季,单季晚粳组,587.4,,常优1号,590.4,7.8,145.8,-7.2,98.2,21.5,15.7,,92.0,25.7,5.5,5.5,,高感稻瘟病,5.0,中感白叶枯病,9.0,,,74.0,,,1.7,100.0,1.8,,,《优质稻谷》,False,江苏丘陵地区镇江农业科学研究所,402,Other/Unspecified,Late,Inbred/Other,Public,1,,,True,False,False
3273,瑞优3399,国审稻2014035,2014.0,国审,,True,True,False,籼,中稻,武陵山区中籼组,644.4,,Ⅱ优264,580.6,4.4,149.6,-0.5,111.4,17.2,23.6,,84.3,29.4,2.3,2.3,,中抗稻瘟病,,,,,耐冷性中感,48.6,10.0,60.0,20.3,52.0,3.1,,,,False,四川科瑞种业有限公司,370,Wuling Mountains,Single/Mid,Three-line hybrid,Enterprise,1,,,False,False,False
4423,成优981,国审稻2014036,2014.0,国审,,True,True,False,籼,中稻,武陵山区中籼组,643.7,,Ⅱ优264,557.2,0.2,150.5,0.4,119.5,16.6,25.5,,86.3,31.7,2.6,2.6,,中抗稻瘟病,,,,,,41.5,6.9,81.0,14.6,,3.0,,,,False,贵州省水稻研究所,362,Wuling Mountains,Single/Mid,Three-line hybrid,Public,1,,,False,False,False
3140,徐稻8号,国审稻2014037,2014.0,国审,,False,False,False,粳,,国家黄淮粳稻组,639.4,,徐稻3号,597.1,6.5,156.5,,103.1,,16.4,,88.3,25.2,,,3.0,中抗稻瘟病,,,,,,65.4,2.4,,16.0,82.5,,,,,False,江苏徐淮地区徐州农业科学研究所,364,North/Huanghuai,Single/Mid,Inbred/Other,Public,1,,1.0,False,False,False
65,光灿1号,国审稻2014038,2014.0,国审,,False,False,False,粳,,国家黄淮粳稻组,651.4,,徐稻3号,630.6,8.0,160.4,,99.6,,14.8,,85.4,26.7,,,1.0,抗稻瘟病,,,,,,69.5,4.4,,16.9,83.5,,,,,False,获嘉县友光农作物研究所,374,North/Huanghuai,Single/Mid,Inbred/Other,Public,1,,1.0,False,False,False
3926,津稻179,国审稻2014039,2014.0,国审,,False,False,False,粳,,国家京津唐粳稻组,660.0,,津原45,638.4,8.8,175.4,,114.9,,21.3,,92.3,25.1,,,5.0,中感稻瘟病,,,,,,72.3,0.9,,16.7,84.3,,,2.0,《优质稻谷》,False,天津市农作物研究所、天津市国瑞谷物科技发展有限公司,380,North/Huanghuai,Single/Mid,Inbred/Other,Joint,2,1.0,1.0,True,False,False
5316,桥科951,国审稻2014040,2014.0,国审,,False,False,False,粳,,国家中早粳中熟组,687.6,,秋光,664.1,10.0,160.5,,100.5,,16.2,,77.0,25.8,,,5.0,,,,,,,58.6,7.2,,16.9,86.5,,,,,False,辽宁省盐碱地利用研究所,328,Other/Unspecified,Early,Inbred/Other,Public,1,,1.0,False,False,False
3371,铁粳11,国审稻2014041,2014.0,国审,,False,False,False,粳,,国家中早粳中熟组,673.2,,秋光,664.7,10.1,159.7,,100.9,,16.6,,83.0,22.8,,,5.0,,,,,,,66.6,0.6,,16.6,83.0,,,1.0,《优质稻谷》,False,铁岭市农业科学院,342,Other/Unspecified,Early,Inbred/Other,Public,1,1.0,1.0,False,False,False
3147,吉粳809,国审稻2014042,2014.0,国审,,False,False,False,粳,,国家中早粳中熟组,682.3,,秋光,640.1,6.0,154.0,,105.3,,18.2,,85.6,22.6,,,5.0,,,,,,,68.1,2.8,,15.7,82.8,,,3.0,《优质稻谷》,False,中国农业科学院作物科学研究所、吉林省农业科学院水稻研究所,346,Other/Unspecified,Early,Inbred/Other,Public,2,0.0,1.0,False,False,False
170,津稻372,国审稻2014043,2014.0,国审,,False,False,False,粳,,黄淮粳稻组,601.1,,徐稻3号,664.7,1.9,156.4,,94.0,21.4,18.0,,89.1,24.6,,,3.0,中抗稻瘟病,,,,,,67.2,2.6,26.3,17.6,78.0,,,3.0,《优质稻谷》,False,天津市农作物研究所,379,North/Huanghuai,Single/Mid,Inbred/Other,Public,1,0.0,1.0,False,False,False
648,阳光600,国审稻2014044,2014.0,国审,,False,False,False,粳,,国家黄淮粳稻组,623.3,,徐稻3号,697.8,6.9,154.6,-1.8,101.1,21.4,16.7,,87.2,23.8,,,3.0,中抗稻瘟病,,,,,,65.1,2.5,,16.7,83.0,1.8,,3.0,《优质稻谷》,False,郯城县种子公司,393,North/Huanghuai,Single/Mid,Inbred/Other,Enterprise,1,0.0,1.0,False,False,False
3095,新稻25,国审稻2014045,2014.0,国审,,False,False,False,粳,,国家黄淮粳组,614.0,,徐稻3号,697.7,5.7,155.5,-1.0,103.9,18.6,17.5,,85.6,23.5,,,,,,,,,,69.5,1.6,20.8,18.2,78.0,,,3.0,《优质稻谷》,False,河南省新乡市农业科学院,386,North/Huanghuai,Unspecified,Inbred/Other,Public,1,0.0,,False,False,False
24,金粳818,国审稻2014046,2014.0,国审,,False,False,False,粳,,黄淮粳稻组,595.3,,徐稻3号,684.1,3.6,155.4,-1.5,101.1,20.5,15.5,,87.4,23.5,,,3.0,中抗稻瘟病,,,,,,68.4,1.9,19.8,17.8,80.0,,,2.0,《优质稻谷》,False,天津市水稻研究所,390,North/Huanghuai,Single/Mid,Inbred/Other,Public,1,1.0,1.0,False,False,False
3875,富两优236,国审稻2015001,2015.0,国审,,True,False,True,籼,双季,华南早籼组,479.7,,天优998,473.0,4.5,124.9,1.8,107.3,17.9,21.5,155.9,83.9,22.6,5.6,5.6,,高感稻瘟病,7.0,感白叶枯病,9.0,,,53.9,3.9,25.0,20.9,54.0,2.9,,3.0,《优质稻谷》,False,广东省农业科学院水稻研究所、广东省金稻种业有限公司,418,South China,Early,Two-line hybrid,Joint,2,0.0,,True,False,False
998,五丰优286,国审稻2015002,2015.0,国审,,True,True,False,籼,双季,早籼迟熟组,537.4,,陆两优996,488.1,1.5,113.0,0.3,84.1,20.1,18.9,144.3,82.9,24.5,5.6,5.6,,高感稻瘟病,7.0,感白叶枯病,9.0,,,65.4,3.2,27.0,13.9,86.0,2.7,,,,False,江西现代种业有限责任公司,410,Other/Unspecified,Early,Three-line hybrid,Enterprise,1,,,True,False,False
3626,潭原优4903,国审稻2015003,2015.0,国审,,True,True,False,籼,双季,早籼迟熟组,534.0,,陆两优996,498.5,3.6,112.2,-0.5,92.2,22.8,20.3,99.5,88.1,29.7,4.0,4.0,,感稻瘟病,7.0,感白叶枯病,9.0,,,38.0,11.0,83.0,22.3,88.0,3.0,,,,False,湖南湘潭市原种场,409,Other/Unspecified,Early,Three-line hybrid,Unknown,1,,,True,False,False
2968,绿优4923,国审稻2015004,2015.0,国审,,True,True,False,籼,中稻,长江上游中籼迟熟组,612.2,,Ⅱ优838,598.6,5.8,153.8,-1.5,110.7,14.8,25.6,185.5,78.8,29.9,5.4,5.4,,感稻瘟病,,,9.0,抽穗期耐热性较弱,,56.7,4.6,25.0,20.5,64.0,3.1,,3.0,《优质稻谷》,False,四川省绿丹种业有限责任公司,410,Upper Yangtze,Single/Mid,Three-line hybrid,Enterprise,1,0.0,,True,False,False
3749,鹏两优187,国审稻2015005,2015.0,国审,,True,False,True,籼,中稻,长江上游中籼迟熟组,596.0,,Ⅱ优838,596.8,4.9,153.2,-2.1,115.0,14.6,24.4,183.0,82.0,27.1,6.5,6.5,,感稻瘟病,,,7.0,抽穗期耐热性中等,,56.4,2.8,20.0,15.0,75.0,3.1,,3.0,《优质稻谷》,False,四川国豪种业股份有限公司,404,Upper Yangtze,Single/Mid,Two-line hybrid,Enterprise,1,0.0,,True,False,False
3232,蓉18优2348,国审稻2015006,2015.0,国审,,True,True,False,籼,中稻,长江上游中籼迟熟组,609.9,,Ⅱ优838,605.2,6.8,151.5,-3.4,109.9,14.8,25.5,172.8,83.3,30.5,4.2,4.2,,中感稻瘟病,,,9.0,抽穗期耐热性较强,,52.4,4.2,21.0,15.4,79.0,2.8,,3.0,《优质稻谷》,False,四川众智种业科技有限公司,409,Upper Yangtze,Single/Mid,Three-line hybrid,Enterprise,1,0.0,,True,False,False
3220,内香6优9号,国审稻2015007,2015.0,国审,,True,True,False,籼,中稻,长江上游中籼迟熟组,618.4,,Ⅱ优838,612.2,8.2,155.9,1.2,112.4,14.9,26.6,164.7,83.4,31.7,4.5,4.5,,感稻瘟病,,,9.0,抽穗期耐热性中等,,47.2,10.2,52.0,21.1,77.0,2.7,,,,False,四川省农业科学院水稻高粱研究所,392,Upper Yangtze,Single/Mid,Three-line hybrid,Public,1,,,True,False,False
5463,西大优216,国审稻2015008,2015.0,国审,,True,True,False,籼,中稻,长江上游中籼迟熟组,610.8,,Ⅱ优838,609.3,7.5,155.8,1.0,119.0,14.1,26.9,189.1,80.2,30.5,6.2,6.2,,感稻瘟病,,,9.0,抽穗期耐热性较强,,48.7,9.5,57.0,21.9,75.0,3.0,,,,False,西南大学农学与生物科技学院,391,Upper Yangtze,Single/Mid,Three-line hybrid,Public,1,,,True,False,False
3264,宜香优196,国审稻2015009,2015.0,国审,,True,True,False,籼,中稻,长江上游中籼迟熟组,611.0,,Ⅱ优838,616.2,8.7,154.3,-0.4,116.5,14.3,27.2,174.9,79.7,32.8,5.8,5.8,,感稻瘟病,,,9.0,抽穗期耐热性中等,,53.3,8.7,57.0,16.6,76.0,2.9,,,,False,贵州卓豪农业科技有限公司,391,Upper Yangtze,Single/Mid,Three-line hybrid,Enterprise,1,,,True,False,False
3805,蓉3优533,国审稻2015010,2015.0,国审,,True,True,False,籼,中稻,长江上游中籼迟熟组,612.6,,Ⅱ优838,610.4,7.7,153.2,-1.5,120.2,14.0,26.0,191.0,80.2,30.8,4.3,4.3,,中感稻瘟病,,,9.0,抽穗期耐热性中等,,43.2,8.5,47.0,21.8,75.0,2.9,,,,False,武胜县农业科学究所,392,Upper Yangtze,Single/Mid,Three-line hybrid,Unknown,1,,,True,False,False
4466,川谷优23,国审稻2015011,2015.0,国审,,True,True,False,籼,中稻,长江上游中籼迟熟组,614.6,,Ⅱ优838,613.0,8.1,155.1,0.5,115.5,14.6,26.2,182.7,80.3,30.4,4.7,4.7,,感稻瘟病,,,9.0,抽穗期耐热性较强,,58.7,12.0,63.0,24.8,82.0,2.6,,,,False,四川省农业科学院水稻高粱研究所,391,Upper Yangtze,Single/Mid,Three-line hybrid,Public,1,,,True,False,False
4124,川农优3203,国审稻2015012,2015.0,国审,,True,True,False,籼,中稻,长江上游中籼迟熟组,608.3,,Ⅱ优838,602.0,5.9,155.9,0.8,113.7,15.5,24.8,172.0,82.0,29.9,4.1,4.1,,感稻瘟病,,,9.0,抽穗期耐热性较强,,56.4,9.2,51.0,21.6,74.0,3.0,,,,False,四川农业大学水稻研究所,393,Upper Yangtze,Single/Mid,Three-line hybrid,Public,1,,,True,False,False
3333,蜀优217,国审稻2015013,2015.0,国审,,True,True,False,籼,中稻,长江上游中籼迟熟组,624.2,,Ⅱ优838,618.1,8.9,155.4,0.3,113.3,15.1,25.4,176.2,83.1,29.9,5.0,5.0,,感稻瘟病,,,9.0,抽穗期耐热性中等,,62.9,7.1,46.0,21.4,63.0,3.1,,,,False,四川农业大学水稻研究所,391,Upper Yangtze,Single/Mid,Three-line hybrid,Public,1,,,True,False,False
3610,深优9597,国审稻2015014,2015.0,国审,,True,True,False,籼,中稻,长江中下游中籼迟熟组,626.8,,丰两优四号,607.5,4.9,133.0,-2.4,119.2,18.0,23.9,171.5,86.6,25.3,5.0,5.0,,感稻瘟病,7.0,感白叶枯病,9.0,抽穗期耐热性较强,,58.7,2.8,21.0,12.7,86.0,3.1,,,,False,江西科源种业有限公司,407,Middle-Lower Yangtze,Single/Mid,Three-line hybrid,Enterprise,1,,,True,False,False
3247,泸优华占,国审稻2015015,2015.0,国审,,True,True,False,籼,中稻,长江中下游中籼迟熟组,638.2,,丰两优四号,620.3,6.4,134.7,-0.1,115.9,18.8,24.4,198.0,79.5,23.1,3.4,3.4,,中感稻瘟病,5.0,中感白叶枯病,7.0,抽穗期耐热性中等,,60.4,3.3,19.0,13.4,83.0,3.1,,,,False,江西先农种业有限公司,407,Middle-Lower Yangtze,Single/Mid,Three-line hybrid,Enterprise,1,,,True,False,False
70,Y两优1998,国审稻2015016,2015.0,国审,,True,False,True,籼,中稻,长江中下游中籼迟熟组,628.5,,丰两优四号,618.4,6.2,135.9,1.1,125.1,16.6,27.9,204.7,81.0,24.3,3.9,3.9,,感稻瘟病,5.0,中感白叶枯病,9.0,抽穗期耐热性中等,,62.9,1.9,13.0,12.8,75.0,2.9,,,,False,长沙市岳麓区希望农业研究所,409,Middle-Lower Yangtze,Single/Mid,Two-line hybrid,Public,1,,,True,False,False
433,Y两优8188,国审稻2015017,2015.0,国审,,True,False,True,籼,中稻,长江中下游中籼迟熟组,629.3,,丰两优四号,603.1,3.3,132.9,-1.9,116.3,18.3,26.4,166.2,83.9,25.8,4.7,4.7,,高感稻瘟病,5.0,中感白叶枯病,9.0,抽穗期耐热性较强,,53.1,8.1,49.0,20.3,62.0,3.2,,,,False,湖南奥谱隆科技股份有限公司,410,Middle-Lower Yangtze,Single/Mid,Two-line hybrid,Enterprise,1,,,True,False,False
202,深两优116,国审稻2015018,2015.0,国审,,True,False,True,籼,中稻,长江中下游中籼迟熟组,633.1,,丰两优四号,611.3,5.7,134.9,-0.4,113.6,16.9,25.7,184.7,86.7,25.1,3.8,3.8,,感稻瘟病,5.0,中感白叶枯病,9.0,抽穗期耐热性强,,45.3,2.9,25.0,19.9,51.0,3.2,,,,False,湖南杂交水稻研究中心,407,Middle-Lower Yangtze,Single/Mid,Two-line hybrid,Public,1,,,True,False,False
3287,广两优1128,国审稻2015019,2015.0,国审,,True,False,True,籼,中稻,长江中下游中籼迟熟组,627.4,,丰两优四号,609.8,4.8,135.4,0.1,125.8,14.4,25.2,210.9,78.4,28.7,4.8,4.8,,感稻瘟病,5.0,中感白叶枯病,7.0,抽穗期耐热性中等,,51.1,6.3,45.0,15.5,76.0,3.2,,,,False,袁隆平农业高科技股份有限公司、湖南杂交水稻研究中心,409,Middle-Lower Yangtze,Single/Mid,Two-line hybrid,Joint,2,,,True,False,False
152,深两优9310,国审稻2015020,2015.0,国审,,True,False,True,籼,中稻,长江中下游中籼迟熟组,625.6,,丰两优四号,606.7,4.3,136.7,1.4,118.6,17.3,25.5,179.5,83.8,25.9,5.5,5.5,,高感稻瘟病,5.0,中感白叶枯病,9.0,抽穗期耐热性较强,,58.3,4.9,32.0,13.8,70.0,3.0,,,,False,江西天涯种业有限公司,409,Middle-Lower Yangtze,Single/Mid,Two-line hybrid,Enterprise,1,,,True,False,False
91,C两优513,国审稻2015021,2015.0,国审,,True,False,True,籼,中稻,长江中下游中籼迟熟组,625.1,,丰两优四号,613.0,5.2,132.7,-2.6,114.9,18.9,25.2,197.8,80.7,22.4,2.9,2.9,,中感稻瘟病,5.0,中感白叶枯病,9.0,抽穗期耐热性中等,,60.5,1.9,14.0,12.9,83.0,3.3,,,,False,湖南农业大学,409,Middle-Lower Yangtze,Single/Mid,Two-line hybrid,Public,1,,,True,False,False
703,C两优华占,国审稻2015022,2015.0,国审,,True,False,True,籼,中稻,长江中下游中籼迟熟组,641.8,,丰两优四号,633.9,7.4,136.1,-1.8,112.5,18.5,24.4,199.6,81.2,23.0,3.4,3.4,,中感稻瘟病,7.0,感白叶枯病,9.0,抽穗期耐热性中等,,66.8,3.4,19.0,13.8,80.0,3.1,,,,False,湖南金色农华种业科技有限公司,406,Middle-Lower Yangtze,Single/Mid,Two-line hybrid,Enterprise,1,,,True,False,False
321,C两优4418,国审稻2015023,2015.0,国审,,True,False,True,籼,中稻,长江中下游中籼迟熟组,632.2,,丰两优四号,610.4,5.7,134.9,-0.3,116.5,18.4,23.5,188.8,80.2,23.5,5.7,5.7,,高感稻瘟病,5.0,中感白叶枯病,7.0,抽穗期耐热性中等,,61.4,3.0,22.0,13.1,80.0,3.1,,,,False,湖南农业大学、湖南洞庭高科种业有限公司,408,Middle-Lower Yangtze,Single/Mid,Two-line hybrid,Joint,2,,,True,False,False
147,科两优889,国审稻2015024,2015.0,国审,,True,False,True,籼,中稻,长江中下游中籼迟熟组,629.6,,丰两优四号,623.0,7.3,136.8,1.5,122.6,17.5,25.3,183.3,84.3,24.7,5.3,5.3,,高感稻瘟病,7.0,感白叶枯病,9.0,抽穗期耐热性较强,,65.8,2.6,18.0,15.0,75.0,3.0,,3.0,《优质稻谷》,False,湖南科裕隆种业有限公司,421,Middle-Lower Yangtze,Single/Mid,Two-line hybrid,Enterprise,1,0.0,,True,False,False
94,徽两优882,国审稻2015025,2015.0,国审,,True,False,True,籼,中稻,长江中下游中籼迟熟组,621.6,,丰两优四号,610.2,4.3,140.3,5.1,115.0,18.1,23.9,200.1,78.5,22.2,3.9,3.9,,感稻瘟病,5.0,中感白叶枯病,9.0,抽穗期耐热性中等,,65.1,1.3,8.0,15.1,78.0,3.3,,3.0,《优质稻谷》,True,安徽荃银高科种业股份有限公司,423,Middle-Lower Yangtze,Single/Mid,Two-line hybrid,Enterprise,1,0.0,,True,False,False
3286,隆两优华占,国审稻2015026,2015.0,国审,,True,False,True,籼,中稻,长江中下游中籼迟熟组,646.7,,丰两优四号,625.9,6.5,140.1,2.0,121.1,18.1,24.5,193.0,81.9,23.8,2.2,2.2,,中感稻瘟病,5.0,中感白叶枯病,7.0,抽穗期耐热性中等,,66.0,1.1,6.0,14.2,83.0,3.1,,,,False,袁隆平农业高科技股份有限公司、中国水稻研究所,406,Middle-Lower Yangtze,Single/Mid,Two-line hybrid,Joint,2,,,True,False,False
3334,徽两优630,国审稻2015027,2015.0,国审,,True,False,True,籼,中稻,长江中下游中籼迟熟组,632.6,,丰两优四号,633.7,8.4,134.4,-1.2,114.9,17.1,22.8,182.2,83.4,26.1,5.9,5.9,,感稻瘟病,5.0,中感白叶枯病,9.0,抽穗期耐热性中等,,56.6,4.2,32.0,13.1,70.0,3.0,,,,False,安徽省农业科学院水稻研究所、安徽华安种业有限责任公司,409,Middle-Lower Yangtze,Single/Mid,Two-line hybrid,Joint,2,,,True,False,False
14,徽两优898,国审稻2015028,2015.0,国审,,True,False,True,籼,中稻,长江中下游中籼迟熟组,615.2,,丰两优四号,624.1,7.0,133.6,-2.0,107.9,17.6,23.8,189.7,83.8,23.5,2.8,2.8,,中感稻瘟病,5.0,中感白叶枯病,9.0,抽穗期耐热性中等,,59.6,1.9,12.0,13.0,78.0,3.2,,,,True,安徽荃银高科种业股份有限公司,411,Middle-Lower Yangtze,Single/Mid,Two-line hybrid,Enterprise,1,,,True,False,False
3196,F两优6876,国审稻2015029,2015.0,国审,,True,False,True,籼,中稻,长江中下游中籼迟熟组,608.5,,丰两优四号,618.1,6.3,136.6,1.0,116.9,15.3,25.2,201.2,80.3,26.8,5.0,5.0,,感稻瘟病,7.0,感白叶枯病,9.0,抽穗期耐热性中等,,54.8,3.7,23.0,19.8,81.0,3.2,,3.0,《优质稻谷》,False,信阳市农业科学院,423,Middle-Lower Yangtze,Single/Mid,Two-line hybrid,Public,1,0.0,,True,False,False
530,和两优1号,国审稻2015030,2015.0,国审,,True,False,True,籼,中稻,长江中下游中籼迟熟组,631.9,,丰两优四号,623.0,6.1,136.4,0.8,113.0,19.5,24.7,171.0,86.0,23.1,4.2,4.2,,感稻瘟病,5.0,中感白叶枯病,9.0,抽穗期耐热性较强,,62.3,1.5,14.0,15.3,69.0,3.2,,3.0,《优质稻谷》,False,广西恒茂农业科技有限公司、广西百色兆农两系杂交水稻研发中心,423,Middle-Lower Yangtze,Single/Mid,Two-line hybrid,Enterprise,2,0.0,,True,False,False
364,Y两优2008,国审稻2015031,2015.0,国审,,True,False,True,籼,中稻,长江中下游中籼迟熟组,621.3,,丰两优四号,615.2,5.1,132.2,-3.4,113.7,18.3,26.1,158.0,85.7,26.6,4.2,4.2,,中感稻瘟病,5.0,中感白叶枯病,9.0,抽穗期耐热性中等,,52.0,3.9,31.0,13.1,69.0,3.1,,,,False,安徽国豪农业科技有限公司,409,Middle-Lower Yangtze,Single/Mid,Two-line hybrid,Enterprise,1,,,True,False,False
231,深优9519,国审稻2015032,2015.0,国审,,True,True,False,籼,中稻,长江中下游中籼迟熟组,631.9,,丰两优四号,609.8,4.8,136.0,0.4,121.8,16.9,25.4,175.9,85.3,26.3,4.5,4.5,,感稻瘟病,3.0,中抗白叶枯病,9.0,抽穗期耐热性中等,,58.2,2.3,17.0,13.0,81.0,3.1,,,,False,清华大学深圳研究生院,408,Middle-Lower Yangtze,Single/Mid,Three-line hybrid,Public,1,,,True,False,False
196,新两优998,国审稻2015033,2015.0,国审,,True,False,True,籼,中稻,长江中下游中籼迟熟组,616.2,,丰两优四号,602.6,3.2,131.9,-3.7,118.5,16.4,23.4,175.2,83.6,28.0,4.1,4.1,,中感稻瘟病,1.0,抗白叶枯病,7.0,抽穗期耐热性较强,,58.8,5.6,34.0,21.8,70.0,3.1,,,,False,中国种子集团有限公司江西分公司,406,Middle-Lower Yangtze,Single/Mid,Two-line hybrid,Enterprise,1,,,True,False,False
20,Y两优900,国审稻2015034,2015.0,国审,,True,False,True,籼,中稻,长江中下游中籼迟熟组,625.2,,丰两优四号,618.8,5.4,140.7,2.7,119.7,14.9,27.7,238.2,78.3,24.4,5.1,5.1,,高感稻瘟病,5.0,中感白叶枯病,9.0,抽穗期耐热性中等,,68.1,1.4,12.0,14.7,68.0,3.0,,,,False,创世纪种业有限公司,408,Middle-Lower Yangtze,Single/Mid,Two-line hybrid,Enterprise,1,,,True,False,False
27,深两优862,国审稻2015035,2015.0,国审,,True,False,True,籼,中稻,长江中下游中籼迟熟组,630.0,,丰两优四号,607.9,3.7,134.0,-1.2,111.1,18.1,25.0,179.9,85.1,24.6,4.7,4.7,,感稻瘟病,5.0,中感白叶枯病,7.0,抽穗期耐热性较强,,53.5,1.9,14.0,11.5,76.0,3.2,,,,False,南昌市德民农业科技有限公司、临湘市兆农科技研发中心,407,Middle-Lower Yangtze,Single/Mid,Two-line hybrid,Enterprise,2,,,True,False,False
229,安丰优华占,国审稻2015036,2015.0,国审,,True,True,False,籼,双季,长江中下游晚籼早熟组,573.4,,五优308,564.9,4.5,116.8,-0.8,105.3,22.4,21.0,137.3,83.6,25.1,3.8,3.8,,中感稻瘟病,9.0,高感白叶枯病,9.0,,耐冷性强,56.9,2.3,16.0,21.8,69.0,3.1,,2.0,《优质稻谷》,False,广东省农业科学院水稻研究所、北京金色农华种业科技有限公司,419,Middle-Lower Yangtze,Late,Three-line hybrid,Joint,2,1.0,,True,False,False
1496,荣优308,国审稻2015037,2015.0,国审,,True,True,False,籼,双季,长江中下游晚籼早熟组,580.7,,五优308,561.2,3.8,117.4,-0.2,99.8,21.0,20.5,150.9,82.0,25.6,4.7,4.7,,感稻瘟病,7.0,感白叶枯病,9.0,,耐冷性较弱,54.7,4.9,27.0,25.3,64.0,3.1,,,,False,广西恒茂农业科技有限公司,405,Middle-Lower Yangtze,Late,Three-line hybrid,Enterprise,1,,,True,False,False
1155,深优9566,国审稻2015038,2015.0,国审,,True,True,False,籼,双季,长江中下游晚籼早熟组,583.1,,五优308,571.8,5.8,117.3,-0.3,103.3,21.0,21.3,136.8,84.5,26.5,4.2,4.2,,中感稻瘟病,7.0,感白叶枯病,9.0,,耐冷性强,54.7,2.1,16.0,15.6,71.0,3.3,,3.0,《优质稻谷》,False,江西科源种业有限公司,421,Middle-Lower Yangtze,Late,Three-line hybrid,Enterprise,1,0.0,,True,False,False
443,两优988,国审稻2015039,2015.0,国审,,True,False,True,籼,双季,长江中下游晚籼早熟组,576.6,,五优308,558.9,3.4,114.1,-3.5,112.9,19.2,22.7,163.6,82.6,26.1,4.2,4.2,,中感稻瘟病,7.0,感白叶枯病,9.0,,耐冷性较强,59.6,3.8,23.0,15.8,59.0,3.2,,3.0,《优质稻谷》,False,安徽蓝田农业公司,421,Middle-Lower Yangtze,Late,Two-line hybrid,Enterprise,1,0.0,,True,False,False
3158,甬优1540,国审稻2015040,2015.0,国审,,True,True,False,粳,单季,长江中下游单季晚粳组,714.8,,常优1号,683.7,13.3,151.0,-1.2,109.6,16.7,21.2,246.3,81.3,23.3,5.6,5.6,,高感稻瘟病,5.0,中感白叶枯病,9.0,,,70.2,3.0,18.0,14.3,75.0,2.3,,,,False,宁波市农科院作物所、宁波市种子公司,398,Middle-Lower Yangtze,Late,Three-line hybrid,Joint,2,,,True,False,False
5380,振优616,国审稻2015041,2015.0,国审,,True,True,False,籼,双季,华南感光晚籼组,485.1,,博优998,485.0,5.1,116.8,3.3,104.8,15.2,22.4,174.8,81.9,23.3,5.1,5.1,,高感稻瘟病,5.0,中感白叶枯病,9.0,,,69.0,2.1,18.0,21.5,63.0,2.8,,2.0,《优质稻谷》,False,广东省农业科学院水稻研究所,408,South China,Late,Three-line hybrid,Public,1,1.0,,True,False,False
4611,川谷优T16,国审稻2015042,2015.0,国审,,True,True,False,籼,中稻,武陵山区中籼组,647.0,,Ⅱ优264,590.2,6.2,150.8,2.5,119.0,17.1,25.7,,82.1,29.7,2.6,2.6,,中抗稻瘟病,,,,,耐冷性中感,46.3,15.7,90.0,22.9,30.0,3.2,,,,False,铜仁市农业科学研究所,370,Wuling Mountains,Single/Mid,Three-line hybrid,Public,1,,,False,False,False
228,隆粳968,国审稻2015043,2015.0,国审,,False,False,False,粳,,国家黄淮粳稻组,672.8,,徐稻3号,639.5,6.43,155.3,,100.4,,17.9,154.9,90.2,25.9,,,5.0,中感稻瘟病,,,,,,69.6,2.7,,15.4,64.0,,,3.0,《优质稻谷》,False,安徽隆平高科种业有限公司,396,North/Huanghuai,Single/Mid,Inbred/Other,Enterprise,1,0.0,1.0,True,False,False
939,玉稻518,国审稻2015044,2015.0,国审,,False,False,False,粳,,国家黄淮粳稻组,679.3,,徐稻3号,629.2,4.7,155.4,,102.9,,16.9,143.7,89.8,27.7,,,3.0,中抗稻瘟病,,,,,,62.1,2.1,,15.6,82.0,,,3.0,《优质稻谷》,False,河南师范大学生命科学学院、新乡市农业科学院,387,North/Huanghuai,Single/Mid,Inbred/Other,Public,2,0.0,1.0,False,False,False
400,连稻99,国审稻2015045,2015.0,国审,,False,False,False,粳,,国家黄淮粳稻组,656.7,,徐稻3号,652.8,8.64,160.1,,95.4,,15.8,144.7,87.5,25.4,,,5.0,中感稻瘟病,,,,,,71.5,2.4,,15.0,72.0,,,3.0,《优质稻谷》,False,江苏东海县守俊水稻研究所、江苏年年丰农业科技有限公司,392,North/Huanghuai,Single/Mid,Inbred/Other,Joint,2,0.0,1.0,True,False,False
1908,扬粳113,国审稻2015046,2015.0,国审,,False,False,False,粳,,国家黄淮粳稻组,671.2,6.44,徐稻3号,654.9,8.99,155.2,,100.8,,16.6,133.7,90.5,28.3,,,5.0,中感稻瘟病,,,,,,73.8,6.5,,15.7,83.0,,,,,False,江苏里下河地区农业科学研究所,377,North/Huanghuai,Single/Mid,Inbred/Other,Public,1,,1.0,True,False,False
933,京粳1号,国审稻2015047,2015.0,国审,,False,False,False,粳,,国家黄淮粳稻组,648.5,,徐稻3号,621.9,3.5,154.5,,98.5,,16.3,149.4,86.8,25.7,,,5.0,中感稻瘟病,,,,,,66.5,3.0,,15.2,87.0,,,3.0,《优质稻谷》,False,中国农业科学院作物科学研究所、河南金博士种业股份有限公司,388,North/Huanghuai,Single/Mid,Inbred/Other,Joint,2,0.0,1.0,True,False,False
60,圣稻22,国审稻2015048,2015.0,国审,,False,False,False,粳,,国家黄淮粳稻组,647.9,,徐稻3号,643.3,7.06,158.9,,95.6,,17.3,156.1,86.8,25.9,,,1.0,抗稻瘟病,,,,,,71.5,1.3,,15.6,76.0,,,2.0,《优质稻谷》,False,山东省水稻研究所,386,North/Huanghuai,Single/Mid,Inbred/Other,Public,1,1.0,1.0,False,False,False
155,徐稻9号,国审稻2015049,2015.0,国审,,False,False,False,粳,,国家黄淮粳稻组,667.9,,徐稻3号,629.2,7.25,155.9,,96.7,,16.4,140.0,87.7,26.0,,,5.0,中感稻瘟病,,,,,,70.2,2.1,,15.7,73.0,,,3.0,《优质稻谷》,False,江苏徐淮地区徐州农业科学研究所,380,North/Huanghuai,Single/Mid,Inbred/Other,Public,1,0.0,1.0,True,False,False
3447,宁粳6号,国审稻2015050,2015.0,国审,,False,False,False,粳,,国家黄淮粳稻组,648.8,,徐稻3号,624.6,6.47,158.4,,102.5,,16.6,155.0,86.2,24.8,,,5.0,中感稻瘟病,,,,,,70.3,1.6,,15.0,76.0,,,2.0,《优质稻谷》,False,南京农业大学农学院,391,North/Huanghuai,Single/Mid,Inbred/Other,Public,1,1.0,1.0,True,False,False
4083,精华208,国审稻2015051,2015.0,国审,,False,False,False,粳,,国家京津唐粳稻组,680.4,,津原45,719.3,13.42,178.4,,110.2,,15.5,131.8,88.0,25.3,,,3.0,中抗稻瘟病,,,,,,66.8,5.0,,15.7,80.0,,,,,False,郯城县种苗研究所,373,North/Huanghuai,Single/Mid,Inbred/Other,Public,1,,1.0,False,False,False
5264,5优68,国审稻2015052,2015.0,国审,,True,True,False,粳,,国家中早粳晚熟组,660.8,,津原85,659.8,3.57,163.0,,109.4,,18.3,144.4,79.3,26.1,,,5.0,中感稻瘟病,,,,,,62.7,3.0,,15.5,88.0,,,3.0,《优质稻谷》,False,天津市水稻研究所,364,Other/Unspecified,Early,Three-line hybrid,Public,1,0.0,1.0,True,False,False
4736,粳优586,国审稻2015053,2015.0,国审,,True,True,False,粳,,国家中早粳晚熟组,631.8,,津原85,690.8,8.44,159.2,,116.6,,19.3,144.0,86.6,27.0,,,5.0,中感稻瘟病,,,,,,68.5,5.9,,15.4,79.0,,,,,False,辽宁省稻作研究所,349,Other/Unspecified,Early,Three-line hybrid,Public,1,,1.0,True,False,False
4769,泸优华占,国审稻2016001,2016.0,国审,,True,True,False,籼,双季,华南早籼组,506.7,,天优998,503.1,6.0,126.3,3.8,105.9,18.1,23.1,169.5,79.2,23.3,,,,感稻瘟病,7.0,感白叶枯病,7.0,,,47.4,2.6,13.0,13.4,78.0,3.1,,,,False,,410,South China,Early,Three-line hybrid,Unknown,0,,,True,False,False
3697,C两优华占,国审稻2016002,2016.0,国审,,True,False,True,籼,双季,华南早籼组,508.4,,天优998,537.0,12.8,123.3,0.8,101.4,18.3,22.3,164.1,84.5,23.0,,,,感稻瘟病,7.0,感白叶枯病,9.0,,,50.8,2.9,18.0,12.8,85.0,3.1,,,,False,,412,South China,Early,Two-line hybrid,Unknown,0,,,True,False,False
5844,天优812,国审稻2016003,2016.0,国审,,True,True,False,籼,双季,华南早籼组,500.2,,天优998,544.4,13.3,124.9,2.4,106.9,15.4,22.6,159.3,84.2,28.8,,,,高感稻瘟病,9.0,高感白叶枯病,9.0,,,42.4,9.3,50.0,21.9,72.0,3.2,,,,False,,414,South China,Early,Three-line hybrid,Unknown,0,,,True,False,False
4125,两优3917,国审稻2016004,2016.0,国审,,True,False,True,籼,双季,早籼早中熟组,516.5,,中早35,503.5,4.2,112.6,,90.3,21.9,19.5,125.0,85.1,24.9,,,,感稻瘟病,9.0,高感白叶枯病,7.0,,,58.6,3.3,18.0,21.0,74.0,3.2,,3.0,《优质稻谷》,False,,426,Other/Unspecified,Early,Two-line hybrid,Unknown,0,0.0,,True,False,False
5090,早丰优107,国审稻2016005,2016.0,国审,,True,True,False,籼,双季,早籼迟熟组,531.2,,陆两优996,527.6,5.2,113.6,0.2,91.9,22.0,19.0,127.7,82.8,25.3,,,,高感稻瘟病,7.0,感白叶枯病,7.0,,,54.9,4.6,43.0,17.7,71.0,2.7,,,,False,,418,Other/Unspecified,Early,Three-line hybrid,Unknown,0,,,True,False,False
2275,煜两优22,国审稻2016006,2016.0,国审,,True,False,True,籼,双季,早籼迟熟组,530.7,,陆两优996,514.2,2.6,113.0,-0.4,86.5,20.4,19.7,129.1,81.6,28.2,,,,高感稻瘟病,7.0,感白叶枯病,9.0,,,46.6,9.8,73.0,20.5,66.0,2.9,,,,False,,422,Other/Unspecified,Early,Two-line hybrid,Unknown,0,,,True,False,False
4682,中两优206,国审稻2016007,2016.0,国审,,True,True,True,籼,双季,早籼迟熟组,527.6,,陆两优996,535.3,6.8,111.2,-2.3,82.1,21.5,18.4,126.8,83.3,26.3,,,,高感稻瘟病,7.0,感白叶枯病,9.0,,,42.4,9.3,53.0,20.5,78.0,2.5,,,,False,,419,Other/Unspecified,Early,Hybrid (unclear),Unknown,0,,,True,False,False
5153,两优27,国审稻2016008,2016.0,国审,,True,False,True,籼,双季,早籼迟熟组,503.4,,陆两优996,510.7,1.8,111.8,-1.7,90.3,20.4,19.9,122.6,86.1,25.0,,,,高感稻瘟病,7.0,感白叶枯病,9.0,,,58.9,3.1,28.0,20.5,69.0,3.3,,3.0,《优质稻谷》,False,,437,Other/Unspecified,Early,Two-line hybrid,Unknown,0,0.0,,True,False,False
4412,泸优257,国审稻2016009,2016.0,国审,,True,True,False,籼,中稻,长江上游中籼迟熟组,622.4,,Ⅱ优838,623.7,7.7,155.9,0.3,115.5,14.0,25.5,198.2,82.5,28.9,,,,中感稻瘟病,,,9.0,,,59.9,6.0,37.0,24.6,79.0,2.8,,,,False,,393,Upper Yangtze,Single/Mid,Three-line hybrid,Unknown,0,,,True,False,False
4822,内5优907,国审稻2016010,2016.0,国审,,True,True,False,籼,中稻,长江上游中籼迟熟组,613.4,,Ⅱ优838,621.2,7.6,154.0,-1.6,112.5,14.2,25.1,173.6,81.7,31.7,,,,感稻瘟病,,,7.0,,,52.5,5.0,32.0,14.7,84.0,3.1,,,,False,,391,Upper Yangtze,Single/Mid,Three-line hybrid,Unknown,0,,,True,False,False
3551,德优4923,国审稻2016011,2016.0,国审,,True,True,False,籼,中稻,长江上游中籼迟熟组,617.0,,Ⅱ优838,619.7,7.2,156.9,1.3,120.1,14.4,25.9,182.7,76.7,32.0,,,,感稻瘟病,,,7.0,,,57.7,1.8,16.0,15.6,86.0,2.9,,3.0,《优质稻谷》,False,,408,Upper Yangtze,Single/Mid,Three-line hybrid,Unknown,0,0.0,,True,False,False
3990,龙优450,国审稻2016012,2016.0,国审,,True,True,False,籼,中稻,长江上游中籼迟熟组,622.5,,Ⅱ优838,627.5,8.0,156.5,0.9,120.2,13.8,26.5,202.4,74.1,32.3,,,,感稻瘟病,,,9.0,,,50.1,10.9,63.0,21.2,61.0,2.6,,,,False,,395,Upper Yangtze,Single/Mid,Three-line hybrid,Unknown,0,,,True,False,False
4838,内6优138,国审稻2016013,2016.0,国审,,True,True,False,籼,中稻,长江上游中籼迟熟组,624.9,,Ⅱ优838,621.7,7.4,157.1,1.5,107.8,15.1,26.3,186.5,81.7,28.8,,,,中感稻瘟病,,,9.0,,,61.8,2.6,26.0,15.3,69.0,3.1,,3.0,《优质稻谷》,False,,408,Upper Yangtze,Single/Mid,Three-line hybrid,Unknown,0,0.0,,True,False,False
3842,鹏两优713,国审稻2016014,2016.0,国审,,True,False,True,籼,中稻,长江上游中籼迟熟组,612.4,,Ⅱ优838,603.5,4.5,156.2,0.6,117.1,15.0,24.2,208.3,80.1,25.6,,,,感稻瘟病,,,9.0,,,59.1,3.1,27.0,15.8,63.0,3.1,,3.0,《优质稻谷》,False,,404,Upper Yangtze,Single/Mid,Two-line hybrid,Unknown,0,0.0,,True,False,False
5535,旌6优727,国审稻2016015,2016.0,国审,,True,True,False,籼,中稻,长江上游中籼迟熟组,610.5,,Ⅱ优838,630.9,9.1,154.0,-1.6,113.8,14.2,24.8,177.8,85.8,30.2,,,,感稻瘟病,,,7.0,,,63.0,6.1,37.0,21.5,45.0,3.1,,,,False,,395,Upper Yangtze,Single/Mid,Three-line hybrid,Unknown,0,,,True,False,False
3925,Q6优28,国审稻2016016,2016.0,国审,,True,True,False,籼,中稻,长江上游中籼迟熟组,627.3,,Ⅱ优838,626.1,8.4,154.7,-1.1,112.1,14.7,25.3,228.4,79.4,25.4,,,,中感稻瘟病,,,7.0,,,55.7,8.3,37.0,20.8,82.0,3.2,,,,False,,389,Upper Yangtze,Single/Mid,Three-line hybrid,Unknown,0,,,True,False,False
6576,G优429,国审稻2016017,2016.0,国审,,True,True,False,籼,中稻,长江上游中籼迟熟组,613.7,,Ⅱ优838,596.4,2.9,153.9,-2.0,110.7,13.6,25.4,193.6,80.2,31.5,,,,中感稻瘟病,,,5.0,抽穗期耐热性较弱,,54.4,9.6,62.0,22.6,61.0,2.9,,,,False,,401,Upper Yangtze,Single/Mid,Three-line hybrid,Unknown,0,,,True,False,False
4259,繁优609,国审稻2016018,2016.0,国审,,True,True,False,籼,中稻,长江上游中籼迟熟组,612.1,,Ⅱ优838,618.3,6.8,150.5,-5.4,111.0,14.5,25.7,192.8,81.2,28.8,,,,感稻瘟病,,,7.0,,,55.4,4.2,22.0,15.4,81.0,3.1,,3.0,《优质稻谷》,False,,405,Upper Yangtze,Single/Mid,Three-line hybrid,Unknown,0,0.0,,True,False,False
4129,成丰优918,国审稻2016019,2016.0,国审,,True,True,False,籼,中稻,长江上游中籼迟熟组,630.4,,Ⅱ优838,629.7,8.8,154.0,-1.4,118.7,13.5,26.5,193.4,78.7,33.1,,,,中感稻瘟病,,,9.0,,,56.4,11.4,73.0,15.1,77.0,2.6,,,,False,,393,Upper Yangtze,Single/Mid,Three-line hybrid,Unknown,0,,,True,False,False
5383,德香优146,国审稻2016020,2016.0,国审,,True,True,False,籼,中稻,长江上游中籼迟熟组,624.5,,Ⅱ优838,620.5,7.2,158.4,3.1,119.0,14.3,26.0,191.1,78.8,31.3,,,,中感稻瘟病,,,7.0,,,61.9,4.1,28.0,16.0,79.0,2.7,,,,False,,394,Upper Yangtze,Single/Mid,Three-line hybrid,Unknown,0,,,True,False,False
4229,内5优768,国审稻2016021,2016.0,国审,,True,True,False,籼,中稻,长江上游中籼迟熟组,622.0,,Ⅱ优838,620.7,7.1,152.6,-2.8,111.3,14.3,24.8,174.8,85.4,30.6,,,,感稻瘟病,,,9.0,,,53.5,7.4,44.0,18.7,71.0,2.9,,,,False,,392,Upper Yangtze,Single/Mid,Three-line hybrid,Unknown,0,,,True,False,False
3281,晶两优华占,国审稻2016022,2016.0,国审,,True,False,True,籼,中稻,长江上游中籼迟熟组,612.2,,Ⅱ优838,628.8,8.7,157.6,2.2,106.9,16.6,24.7,195.0,80.7,24.6,,,,中抗稻瘟病,,,9.0,,耐冷性表现为敏感,67.4,2.5,16.0,15.5,67.0,3.0,,3.0,《优质稻谷》,False,,419,Upper Yangtze,Single/Mid,Two-line hybrid,Unknown,0,0.0,,False,False,False
3977,禾两优348,国审稻2016023,2016.0,国审,,True,False,True,籼,中稻,长江上游中籼迟熟组,616.0,,Ⅱ优838,617.2,6.7,153.6,-1.8,109.1,16.4,25.6,189.8,81.6,24.8,,,,感稻瘟病,,,9.0,抽穗期耐热性表现为敏感,,66.8,4.3,35.0,14.5,70.0,3.0,,,,False,,402,Upper Yangtze,Single/Mid,Two-line hybrid,Unknown,0,,,True,False,False
4107,泸优727,国审稻2016024,2016.0,国审,,True,True,False,籼,中稻,长江上游中籼迟熟组,627.5,,Ⅱ优838,623.0,7.7,157.6,1.9,111.6,15.3,24.0,186.6,80.3,29.2,,,,感稻瘟病,,,9.0,抽穗期耐热性表现为敏感,,54.6,5.6,35.0,21.1,73.0,3.0,,,,False,,404,Upper Yangtze,Single/Mid,Three-line hybrid,Unknown,0,,,True,False,False
4181,文优198,国审稻2016025,2016.0,国审,,True,True,False,籼,中稻,长江上游中籼迟熟组,616.4,,Ⅱ优838,627.1,8.4,152.2,-3.5,114.2,14.4,26.0,197.5,78.4,29.8,,,,中感稻瘟病,,,9.0,,,55.1,10.0,50.0,21.4,67.0,2.8,,,,False,,395,Upper Yangtze,Single/Mid,Three-line hybrid,Unknown,0,,,True,False,False
969,创两优4418,国审稻2016026,2016.0,国审,,True,False,True,籼,中稻,长江中下游中籼迟熟组,618.1,,丰两优四号,657.7,3.3,137.0,-0.6,116.9,17.8,23.1,213.5,80.4,22.2,,,,感稻瘟病,7.0,感白叶枯病,9.0,,,66.8,2.6,16.0,15.0,75.0,3.2,,3.0,《优质稻谷》,False,,420,Middle-Lower Yangtze,Single/Mid,Two-line hybrid,Unknown,0,0.0,,True,False,False
5647,富两优919,国审稻2016027,2016.0,国审,,True,False,True,籼,中稻,长江中下游中籼迟熟组,625.0,,丰两优四号,680.9,6.7,139.7,2.1,130.4,15.5,27.3,196.8,82.1,27.5,,,,高感稻瘟病,7.0,感白叶枯病,9.0,,,58.0,2.9,29.0,15.5,81.0,3.1,,3.0,《优质稻谷》,False,,421,Middle-Lower Yangtze,Single/Mid,Two-line hybrid,Unknown,0,0.0,,True,False,False
1547,荃优丝苗,国审稻2016028,2016.0,国审,,True,True,False,籼,中稻,长江中下游中籼迟熟组,635.3,,丰两优四号,671.3,6.1,136.3,-0.9,119.6,17.0,25.3,190.5,83.6,25.7,,,,中感稻瘟病,5.0,中感白叶枯病,7.0,,,64.8,3.0,21.0,16.3,74.0,3.2,,3.0,《优质稻谷》,False,,424,Middle-Lower Yangtze,Single/Mid,Three-line hybrid,Unknown,0,0.0,,True,False,False
4111,建两优117,国审稻2016029,2016.0,国审,,True,False,True,籼,中稻,长江中下游中籼迟熟组,617.9,,丰两优四号,668.7,5.2,138.0,0.8,118.9,16.7,26.1,179.9,77.3,28.5,,,,高感稻瘟病,7.0,感白叶枯病,7.0,,,58.5,4.6,29.0,22.4,86.0,3.1,,3.0,《优质稻谷》,False,,420,Middle-Lower Yangtze,Single/Mid,Two-line hybrid,Unknown,0,0.0,,True,False,False
288,深两优136,国审稻2016030,2016.0,国审,,True,False,True,籼,中稻,长江中下游中籼迟熟组,638.2,,丰两优四号,683.8,8.1,138.5,1.3,111.0,17.8,24.7,191.0,85.2,23.6,,,,高感稻瘟病,5.0,中感白叶枯病,9.0,,,62.0,2.7,23.0,15.2,64.0,3.1,,3.0,《优质稻谷》,False,,423,Middle-Lower Yangtze,Single/Mid,Two-line hybrid,Unknown,0,0.0,,True,False,False
4009,两优671,国审稻2016031,2016.0,国审,,True,False,True,籼,中稻,长江中下游中籼迟熟组,628.2,,丰两优四号,674.5,5.7,137.7,-0.2,118.3,15.1,24.3,198.7,78.7,29.6,,,,高感稻瘟病,5.0,中感白叶枯病,9.0,,,53.8,1.3,12.0,17.6,66.0,3.1,,3.0,《优质稻谷》,False,,424,Middle-Lower Yangtze,Single/Mid,Two-line hybrid,Unknown,0,0.0,,True,False,False
4178,两优820,国审稻2016032,2016.0,国审,,True,False,True,籼,中稻,长江中下游中籼迟熟组,622.7,,丰两优四号,681.7,6.7,137.1,-0.8,117.5,17.5,25.9,180.0,81.4,26.3,,,,中感稻瘟病,7.0,感白叶枯病,9.0,,,65.2,4.6,30.0,17.0,71.0,3.3,,3.0,《优质稻谷》,False,,423,Middle-Lower Yangtze,Single/Mid,Two-line hybrid,Unknown,0,0.0,,True,False,False
5293,广两优2388,国审稻2016033,2016.0,国审,,True,False,True,籼,中稻,长江中下游中籼迟熟组,598.6,,丰两优四号,662.8,4.7,136.8,-1.1,122.9,14.4,24.2,201.8,82.2,26.8,,,,感稻瘟病,7.0,感白叶枯病,9.0,抽穗期耐热性中等,,65.9,1.9,15.0,16.5,69.0,3.2,,2.0,《优质稻谷》,False,,433,Middle-Lower Yangtze,Single/Mid,Two-line hybrid,Unknown,0,1.0,,True,False,False
3674,鹏两优332,国审稻2016034,2016.0,国审,,True,False,True,籼,中稻,长江中下游中籼迟熟组,638.8,,丰两优四号,673.6,5.7,139.2,1.1,129.9,16.3,26.3,207.4,79.0,25.6,,,,中抗稻瘟病,7.0,感白叶枯病,9.0,,,58.5,2.4,16.0,15.5,74.0,3.4,,3.0,《优质稻谷》,False,,420,Middle-Lower Yangtze,Single/Mid,Two-line hybrid,Unknown,0,0.0,,False,False,False
445,和两优332,国审稻2016035,2016.0,国审,,True,False,True,籼,中稻,长江中下游中籼迟熟组,627.4,,丰两优四号,681.6,7.7,140.2,2.1,115.5,18.2,26.0,187.3,82.6,24.0,,,,中抗稻瘟病,5.0,中感白叶枯病,9.0,,,63.0,2.2,15.0,15.6,71.0,3.3,,3.0,《优质稻谷》,False,,424,Middle-Lower Yangtze,Single/Mid,Two-line hybrid,Unknown,0,0.0,,False,False,False
126,徽两优001,国审稻2016036,2016.0,国审,,True,False,True,籼,中稻,长江中下游中籼迟熟组,641.1,,丰两优四号,684.7,7.6,136.0,-1.6,117.4,16.6,24.3,175.9,82.4,28.2,,,,感稻瘟病,5.0,中感白叶枯病,9.0,,,62.1,3.9,21.0,13.3,80.0,3.1,,,,False,,408,Middle-Lower Yangtze,Single/Mid,Two-line hybrid,Unknown,0,,,True,False,False
748,隆两优1141,国审稻2016037,2016.0,国审,,True,False,True,籼,中稻,长江中下游中籼迟熟组,629.0,,丰两优四号,672.9,5.3,139.8,2.2,130.9,15.2,25.4,188.0,82.2,28.7,,,,高感稻瘟病,7.0,感白叶枯病,9.0,,,63.9,1.2,10.0,13.9,79.0,3.0,,,,False,,409,Middle-Lower Yangtze,Single/Mid,Two-line hybrid,Unknown,0,,,True,False,False
3814,深两优1号,国审稻2016038,2016.0,国审,,True,False,True,籼,中稻,长江中下游中籼迟熟组,630.0,,丰两优四号,678.0,6.6,137.1,-0.5,116.9,17.4,25.8,169.7,84.8,27.1,,,,中感稻瘟病,5.0,中感白叶枯病,9.0,,,63.8,1.2,13.0,15.2,63.0,3.2,,3.0,《优质稻谷》,False,,424,Middle-Lower Yangtze,Single/Mid,Two-line hybrid,Unknown,0,0.0,,True,False,False
5372,广两优7217,国审稻2016039,2016.0,国审,,True,False,True,籼,双季,长江中下游晚籼早熟组,587.8,,五优308,543.2,4.2,117.1,-1.2,107.5,19.2,23.7,142.7,82.6,29.5,,,,高感稻瘟病,9.0,高感白叶枯病,9.0,,,57.8,2.4,26.0,16.1,82.0,3.3,,3.0,《优质稻谷》,False,,426,Middle-Lower Yangtze,Late,Two-line hybrid,Unknown,0,0.0,,True,False,False
3327,惠两优7408,国审稻2016040,2016.0,国审,,True,False,True,籼,双季,长江中下游晚籼早熟组,590.1,,五优308,549.3,5.5,117.6,-0.7,110.2,21.3,22.7,167.2,80.0,22.9,,,,中抗稻瘟病,9.0,高感白叶枯病,9.0,,,57.6,2.3,15.0,16.7,67.0,3.4,,2.0,《优质稻谷》,False,,424,Middle-Lower Yangtze,Late,Two-line hybrid,Unknown,0,1.0,,False,False,False
2922,吉优353,国审稻2016041,2016.0,国审,,True,True,False,籼,双季,长江中下游晚籼早熟组,594.5,,五优308,543.8,4.4,118.1,-0.3,102.2,21.6,20.6,143.1,80.5,25.5,,,,中抗稻瘟病,7.0,感白叶枯病,9.0,,,52.7,3.0,20.0,24.0,70.0,3.2,,3.0,《优质稻谷》,False,,421,Middle-Lower Yangtze,Late,Three-line hybrid,Unknown,0,0.0,,False,False,False
3522,深优9577,国审稻2016042,2016.0,国审,,True,True,False,籼,双季,长江中下游晚籼早熟组,589.8,,五优308,546.9,5.0,116.6,-1.8,105.9,20.9,21.1,146.9,83.2,25.0,,,,中抗稻瘟病,7.0,感白叶枯病,9.0,,,57.3,2.8,22.0,15.5,74.0,3.1,,3.0,《优质稻谷》,False,,423,Middle-Lower Yangtze,Late,Three-line hybrid,Unknown,0,0.0,,False,False,False
5028,永丰优9802,国审稻2016043,2016.0,国审,,True,True,False,籼,双季,华南感光晚籼组,522.3,,博优998,500.6,4.9,114.9,3.0,104.6,17.4,24.5,157.4,83.4,24.3,,,,中抗稻瘟病,5.0,中感白叶枯病,9.0,,,56.0,0.9,11.0,14.6,78.0,3.4,,,,False,,404,South China,Late,Three-line hybrid,Unknown,0,,,False,False,False
3889,Y两优900,国审稻2016044,2016.0,国审,,True,False,True,籼,双季,华南感光晚籼组,511.9,,博优998,527.6,10.6,114.0,2.1,106.9,14.3,25.7,205.0,81.7,24.7,,,,高感稻瘟病,9.0,高感白叶枯病,9.0,,,66.3,1.9,11.0,14.5,65.0,3.0,,,,False,,403,South China,Late,Two-line hybrid,Unknown,0,,,True,False,False
3455,隆两优华占,国审稻2016045,2016.0,国审,,True,False,True,籼,中稻,武陵山区中籼组,613.38,,Ⅱ优264,627.41,5.77,149.3,1.5,110.6,18.0,24.1,,82.2,24.9,,,,中抗稻瘟病,,,,,,63.9,4.1,16.0,15.0,87.0,3.2,,3.0,《优质稻谷》,False,,430,Wuling Mountains,Single/Mid,Two-line hybrid,Unknown,0,0.0,,False,False,False
4126,荣优华占,国审稻2016046,2016.0,国审,,True,True,False,籼,中稻,武陵山区中籼组,608.01,,Ⅱ优264,648.3,9.29,142.6,-5.2,105.1,17.0,23.7,,85.5,25.5,1.8,1.8,,抗稻瘟病,,,,,耐冷性中感,62.1,8.7,29.0,23.4,49.0,3.1,,,,False,,408,Wuling Mountains,Single/Mid,Three-line hybrid,Unknown,0,,,False,False,False
3910,金粳667,国审稻2016047,2016.0,国审,,False,False,False,粳,,国家黄淮粳稻组,656.94,,,691.03,5.71,160.6,,107.7,,16.7,156.9,86.5,26.0,,,5.0,,,,,,,62.3,3.0,39.0,13.8,89.0,,,,,False,,393,North/Huanghuai,Single/Mid,Inbred/Other,Unknown,0,,1.0,False,False,False
4205,圣稻18,国审稻2016048,2016.0,国审,,False,False,False,粳,,国家黄淮粳稻组,635.72,3.85,徐稻3号,661.26,5.7,160.1,,95.9,,17.3,156.4,86.1,24.7,,,1.0,,,,,,,66.5,1.8,24.0,16.2,67.0,,,3.0,《优质稻谷》,False,,408,North/Huanghuai,Single/Mid,Inbred/Other,Unknown,0,0.0,1.0,False,False,False
2659,津稻565,国审稻2016049,2016.0,国审,,False,False,False,粳,,国家黄淮粳稻组,654.72,6.95,徐稻3号,660.92,5.64,157.8,,103.8,,17.2,177.8,81.9,24.1,,,5.0,,,,,,,64.0,5.3,53.0,16.3,80.0,,,,,False,,394,North/Huanghuai,Single/Mid,Inbred/Other,Unknown,0,,1.0,False,False,False
3348,淮稻20号,国审稻2016050,2016.0,国审,,False,False,False,粳,,国家黄淮粳稻组,658.46,7.57,徐稻3号,658.7,5.29,161.7,,108.2,,16.6,169.6,82.5,26.6,,,5.0,,,,,,,65.3,2.3,21.5,15.7,84.0,,,3.0,《优质稻谷》,False,,415,North/Huanghuai,Single/Mid,Inbred/Other,Unknown,0,0.0,1.0,False,False,False
6070,粮粳10号,国审稻2016051,2016.0,国审,,False,False,False,粳,,国家中早粳中熟组组,697.91,3.17,秋光,700.45,7.79,154.3,,103.2,32.2,15.4,109.6,88.2,24.1,,,5.0,,,,,,,67.6,3.0,9.0,15.0,87.3,,,2.0,《优质稻谷》,False,,465,Other/Unspecified,Early,Inbred/Other,Unknown,0,1.0,1.0,False,False,False
3428,天隆优619,国审稻2016052,2016.0,国审,,True,True,False,粳,,中早粳中熟稻组,733.02,8.36,秋光,692.8,6.62,157.3,,109.5,,17.6,111.2,87.3,27.8,,,5.0,,,,,,,66.9,0.8,6.3,17.6,72.7,,,1.0,《优质稻谷》,False,,420,Other/Unspecified,Early,Three-line hybrid,Unknown,0,1.0,1.0,False,False,False
4139,松辽838,国审稻2016053,2016.0,国审,,False,False,False,粳,,国家中早粳早熟组,599.75,,,672.14,10.13,148.7,,103.6,,17.7,129.8,92.0,23.4,,,3.0,,,,,,,73.4,2.1,14.3,15.0,82.0,,,2.0,《优质稻谷》,False,,414,Other/Unspecified,Early,Inbred/Other,Unknown,0,1.0,1.0,False,False,False
28,晶两优1212,国审稻2016601,2016.0,国审,,True,False,True,籼,晚稻,华南感光晚籼组,510.58,10.57,博优998,494.17,14.08,116.9,1.8,104.2,17.3,23.0,,87.9,24.2,4.0,4.0,,中感稻瘟病,7.0,感白叶枯病,9.0,,,66.7,1.8,9.7,15.1,74.0,3.2,,3.0,《优质稻谷》,False,,467,South China,Late,Two-line hybrid,Unknown,0,0.0,,True,False,False
1075,晶两优华占,国审稻2016602,2016.0,国审,,True,False,True,籼,晚稻,华南感光晚籼组,519.2,12.44,博优998,507.13,16.72,117.4,2.2,105.5,18.2,23.2,,83.2,23.5,3.4,3.4,,中感稻瘟病,9.0,高感白叶枯病,9.0,,,69.6,4.6,18.7,15.0,80.0,3.2,,3.0,《优质稻谷》,False,,465,South China,Late,Two-line hybrid,Unknown,0,0.0,,True,False,False
25,隆两优534,国审稻2016603,2016.0,国审,,True,False,True,籼,晚稻,华南感光晚籼组,510.58,10.57,博优998,489.19,13.53,118.7,3.5,108.4,17.4,22.2,,82.2,24.6,3.1,3.1,,中抗稻瘟病,9.0,高感白叶枯病,7.0,,,63.7,3.8,16.3,15.0,82.0,3.3,,3.0,《优质稻谷》,False,,465,South China,Late,Two-line hybrid,Unknown,0,0.0,,False,False,False
154,隆两优黄莉占,国审稻2016604,2016.0,国审,,True,False,True,籼,晚稻,华南感光晚籼组,507.96,9.99,博优998,481.76,11.81,116.9,1.8,104.2,17.3,23.0,,87.9,24.2,4.0,4.0,,中感稻瘟病,7.0,感白叶枯病,9.0,,,72.1,2.2,6.0,13.8,68.3,3.2,,,部颁,False,,464,South China,Late,Two-line hybrid,Unknown,0,,,True,False,False
9,晶两优534,国审稻2016605,2016.0,国审,,True,False,True,籼,中籼,长江上游中籼迟熟组,626.3,2.09,F优498,630.37,1.55,,,,,,,,,,,,,,,,,,,,,,,,,,,False,,244,Upper Yangtze,Single/Mid,Two-line hybrid,Unknown,0,,,False,False,False
133,隆两优1206,国审稻2016606,2016.0,国审,,True,False,True,籼,中稻,长江上游中籼迟熟组,597.74,2.61,F优498,632.2,11.5,157.3,3.1,112.3,15.58,22.8,,83.9,26.4,3.7,3.7,,中感稻瘟病,,,9.0,,,58.2,2.7,19.7,17.4,76.0,3.0,,2.0,《优质稻谷》,False,,454,Upper Yangtze,Single/Mid,Two-line hybrid,Unknown,0,1.0,,True,False,False
783,隆两优1146,国审稻2016607,2016.0,国审,,True,False,True,籼,中稻,长江上游中籼迟熟组,640.71,4.38,F优498,644.5,23.7,155.0,0.8,116.0,14.97,25.0,,84.1,29.18,5.4,5.4,,感稻瘟病,,,7.0,,,64.7,4.4,16.0,14.3,65.0,2.8,,,部颁,False,,455,Upper Yangtze,Single/Mid,Two-line hybrid,Unknown,0,,,True,False,False
35,晶两优1377,国审稻2016608,2016.0,国审,,True,False,True,籼,中稻,长江上游中籼迟熟组,614.03,0.04,F优498,637.72,2.73,158.5,4.3,108.9,15.74,24.2,,80.6,24.7,3.8,3.8,,中感稻瘟病,,,9.0,,,68.1,1.4,6.0,16.4,62.0,3.0,,2.0,《优质稻谷》,False,,453,Upper Yangtze,Single/Mid,Two-line hybrid,Unknown,0,1.0,,True,False,False
87,隆两优1988,国审稻2016609,2016.0,国审,,True,False,True,籼,中稻,长江中下游中籼迟熟组,656.74,7.99,丰两优四号,672.26,3.72,138.6,2.4,125.8,15.4,25.3,,84.9,27.6,3.6,3.6,,中感稻瘟病,7.0,感白叶枯病,9.0,,,55.8,4.4,16.0,14.5,89.0,3.1,,,,False,,440,Middle-Lower Yangtze,Single/Mid,Two-line hybrid,Unknown,0,,,True,False,False
511,隆两优3463,国审稻2016610,2016.0,国审,,True,False,True,籼,中稻,长江中下游中籼迟熟组,628.68,4.33,丰两优四号,672.45,3.84,139.3,2.8,123.7,14.6,24.8,,85.5,28.2,3.7,3.7,,感稻瘟病,5.0,中感白叶枯病,9.0,,,56.8,3.8,14.3,15.5,85.0,3.2,,3.0,《优质稻谷》,False,,456,Middle-Lower Yangtze,Single/Mid,Two-line hybrid,Unknown,0,0.0,,True,False,False
3556,隆两优149,国审稻2016611,2016.0,国审,,True,False,True,籼,中稻,长江中下游中籼迟熟组,624.59,3.65,丰两优四号,665.23,2.72,138.7,2.2,127.9,14.9,25.0,,84.9,29.0,3.3,3.3,,高感稻瘟病,9.0,高感白叶枯病,9.0,,,52.3,3.4,17.7,15.1,84.3,3.2,,3.0,《优质稻谷》,False,,456,Middle-Lower Yangtze,Single/Mid,Two-line hybrid,Unknown,0,0.0,,True,False,False
1285,隆两优1319,国审稻2016612,2016.0,国审,,True,False,True,籼,中稻,长江中下游中籼迟熟组,612.44,1.61,丰两优四号（CK）,670.5,3.53,139.6,3.1,127.0,15.3,25.0,,84.4,25.3,3.4,3.4,,高感稻瘟病,7.0,感白叶枯病,7.0,,,53.2,4.0,14.7,18.3,62.0,3.3,,3.0,《优质稻谷》,False,,456,Middle-Lower Yangtze,Single/Mid,Two-line hybrid,Unknown,0,0.0,,True,False,False
976,隆优4945,国审稻2016613,2016.0,国审,,True,True,False,籼,双季,,594.46,4.89,五优308,538.93,5.08,118.2,,103.8,20.0,22.1,,80.4,25.8,4.7,4.7,,感稻瘟病,7.0,感白叶枯病,9.0,,,64.5,5.6,16.0,15.0,68.0,3.4,,,,False,,438,Other/Unspecified,Unspecified,Three-line hybrid,Unknown,0,,,True,False,False
3424,隆两优534,国审稻20170001,2017.0,国审,,True,False,True,籼,中稻,长江上游中籼迟熟组,617.1,,F优498,598.2,5.4,158.5,4.3,107.7,16.2,23.4,192.5,80.7,25.3,,,,中感稻瘟病,,,9.0,,,66.5,0.7,5.0,17.2,81.0,3.0,,1.0,《优质稻谷》,False,,409,Upper Yangtze,Single/Mid,Two-line hybrid,Unknown,0,1.0,,True,False,False
3270,旌1优华珍,国审稻20170002,2017.0,国审,,True,True,False,籼,中稻,长江上游中籼迟熟组,641.4,,F优498,597.1,4.6,153.8,1.0,113.2,15.3,24.4,183.9,84.1,28.6,,,,感稻瘟病,,,9.0,,,60.9,0.6,5.0,18.9,85.0,3.2,,1.0,《优质稻谷》,False,,404,Upper Yangtze,Single/Mid,Three-line hybrid,Unknown,0,1.0,,True,False,False
3829,天隆粳6号,国审稻20170003,2017.0,国审,,False,False,False,粳,,国家黄淮粳稻组,658.29,5.75,徐稻3号,676.5,5.94,157.5,,85.4,22.0,16.2,147.3,84.9,25.2,,,5.0,,,,,,,72.4,0.9,5.0,17.5,77.0,,,1.0,《优质稻谷》,False,,403,North/Huanghuai,Single/Mid,Inbred/Other,Unknown,0,1.0,1.0,False,False,False
4733,通禾899,国审稻20170004,2017.0,国审,,False,False,False,粳,,国家中早粳中熟组,701.34,,秋光,702.7,6.08,153.3,,105.4,29.7,19.4,131.5,89.8,23.4,,,3.0,,,,,,,70.5,3.4,15.0,16.2,70.0,,,1.0,《优质稻谷》,False,,386,Other/Unspecified,Early,Inbred/Other,Unknown,0,1.0,1.0,False,False,False
5836,蓉优33,国审稻20170005,2017.0,国审,,True,True,False,籼,中稻,长江上游中籼迟熟组,605.9,,F优498,600.5,5.5,157.0,2.8,113.7,14.9,25.2,206.4,75.6,27.4,,,,中感稻瘟病,,,7.0,,,62.8,0.9,7.0,17.2,82.0,2.9,,1.0,《优质稻谷》,False,,406,Upper Yangtze,Single/Mid,Three-line hybrid,Unknown,0,1.0,,True,False,False
3323,旌优781,国审稻20170006,2017.0,国审,,True,True,False,籼,中稻,长江上游中籼迟熟组,654.4,,F优498,593.5,4.4,154.1,1.6,110.7,14.7,25.5,200.6,82.3,28.3,,,,感稻瘟病,,,9.0,,,57.5,0.8,7.0,18.2,82.0,2.9,,1.0,《优质稻谷》,False,,406,Upper Yangtze,Single/Mid,Three-line hybrid,Unknown,0,1.0,,True,False,False
5285,两优2877,国审稻20170007,2017.0,国审,,True,False,True,籼,双季,华南早籼组,521.5,,天优华占,529.4,5.1,127.7,4.6,111.3,16.8,21.9,171.6,84.3,22.2,,,,中感稻瘟病,7.0,感白叶枯病,9.0,,,63.8,0.8,4.0,13.0,79.0,3.1,,,,False,,410,South China,Early,Two-line hybrid,Unknown,0,,,True,False,False
3929,隆两优华占,国审稻20170008,2017.0,国审,,True,False,True,籼,双季,华南感光晚籼组,510.8,,博优998,501.0,6.2,115.0,1.5,111.1,17.5,22.2,145.5,83.8,25.1,,,,中抗稻瘟病,7.0,感白叶枯病,9.0,,,68.4,0.9,7.0,13.6,75.0,3.1,,,,False,,401,South China,Late,Two-line hybrid,Unknown,0,,,False,False,False
4172,和两优713,国审稻20170009,2017.0,国审,,True,False,True,籼,双季,华南感光晚籼组,497.1,,博优998,502.3,6.6,114.3,1.8,105.4,18.8,22.8,137.4,85.9,23.6,,,,中抗稻瘟病,5.0,中感白叶枯病,9.0,,,68.3,1.0,12.0,14.5,72.0,3.0,,,,False,,404,South China,Late,Two-line hybrid,Unknown,0,,,False,False,False
3565,望两优华占,国审稻20170010,2017.0,国审,,True,False,True,籼,中稻,长江上游中籼迟熟组,652.4,,F优498,607.8,7.1,151.3,-1.6,100.4,18.1,23.7,198.8,81.9,23.4,,,,中感稻瘟病,,,9.0,,,58.6,2.5,14.0,16.2,82.0,3.2,,2.0,《优质稻谷》,False,,404,Upper Yangtze,Single/Mid,Two-line hybrid,Unknown,0,1.0,,True,False,False
1127,晶两优1125,国审稻20170011,2017.0,国审,,True,False,True,籼,中稻,长江上游中籼迟熟组,652.2,,F优498,592.3,3.9,154.2,1.7,113.6,16.7,23.2,209.4,81.1,23.9,,,,中感稻瘟病,,,9.0,,,66.4,2.1,12.0,17.5,81.0,3.0,,2.0,《优质稻谷》,False,,411,Upper Yangtze,Single/Mid,Two-line hybrid,Unknown,0,1.0,,True,False,False
4040,旌优华珍,国审稻20170012,2017.0,国审,,True,True,False,籼,中稻,长江上游中籼迟熟组,624.3,,F优498,605.4,6.5,158.4,4.2,118.4,14.7,24.8,205.0,77.8,27.8,,,,感稻瘟病,,,9.0,,,60.8,1.2,14.0,18.3,88.0,3.2,,2.0,《优质稻谷》,False,,404,Upper Yangtze,Single/Mid,Three-line hybrid,Unknown,0,1.0,,True,False,False
3669,深两优5814,国审稻20170013,2017.0,国审,,True,False,True,籼,中稻,长江上游中籼迟熟组,623.9,,F优498,598.4,4.7,158.7,4.7,109.0,16.4,24.8,192.9,80.3,25.6,,,,感稻瘟病,,,9.0,,,63.4,2.9,22.0,17.8,83.0,2.9,,2.0,《优质稻谷》,False,,408,Upper Yangtze,Single/Mid,Two-line hybrid,Unknown,0,1.0,,True,False,False
3868,花优357,国审稻20170014,2017.0,国审,,True,True,False,籼,中稻,长江上游中籼迟熟组,620.1,,F优498,593.1,3.7,157.0,2.7,117.2,14.8,27.0,191.1,78.4,30.2,,,,中感稻瘟病,,,9.0,,,63.2,2.5,13.0,17.2,76.0,2.9,,2.0,《优质稻谷》,False,,408,Upper Yangtze,Single/Mid,Three-line hybrid,Unknown,0,1.0,,True,False,False
4976,C两优0861,国审稻20170015,2017.0,国审,,True,False,True,籼,中稻,长江上游中籼迟熟组,638.5,,F优498,610.8,7.6,156.0,1.7,104.1,15.8,23.0,198.8,80.5,26.5,,,,感稻瘟病,,,9.0,,,63.9,2.3,13.0,15.9,84.0,2.9,,3.0,《优质稻谷》,False,,409,Upper Yangtze,Single/Mid,Two-line hybrid,Unknown,0,0.0,,True,False,False
4475,中佳早18,国审稻20170016,2017.0,国审,,False,False,False,籼,双季,长江中下游早籼早中熟组,518.3,,中早35,486.1,3.9,111.8,-1.1,82.3,20.8,17.1,132.0,81.4,26.8,,,,中感稻瘟病,7.0,感白叶枯病,9.0,,,62.0,19.5,95.0,25.3,68.0,1.9,,,,False,,417,Middle-Lower Yangtze,Early,Inbred/Other,Unknown,0,,,True,False,False
4198,陵两优7713,国审稻20170017,2017.0,国审,,True,False,True,籼,双季,长江中下游早籼迟熟组,526.2,,陆两优996,529.5,3.3,113.1,-0.7,90.8,21.5,20.5,115.5,83.3,27.6,,,,高感稻瘟病,7.0,感白叶枯病,9.0,,,41.1,17.0,86.0,26.7,75.0,3.0,,,,False,,428,Middle-Lower Yangtze,Early,Two-line hybrid,Unknown,0,,,True,False,False
4030,陵两优179,国审稻20170018,2017.0,国审,,True,False,True,籼,双季,长江中下游早籼迟熟组,519.7,,陆两优996,509.5,0.6,113.8,-0.2,87.9,20.8,19.9,120.3,82.4,27.5,,,,中感稻瘟病,7.0,感白叶枯病,9.0,,,49.8,14.1,73.0,20.6,71.0,2.8,,,,False,,432,Middle-Lower Yangtze,Early,Two-line hybrid,Unknown,0,,,True,False,False
5275,湘两优143,国审稻20170019,2017.0,国审,,True,False,True,籼,中稻,长江中下游中籼迟熟组,649.0,,丰两优四号,602.9,8.3,140.1,1.0,118.4,14.9,25.3,202.0,80.0,29.1,,,,高感稻瘟病,7.0,感白叶枯病,9.0,,,58.1,5.9,29.0,21.3,82.0,3.2,,,,False,,409,Middle-Lower Yangtze,Single/Mid,Two-line hybrid,Unknown,0,,,True,False,False
3779,徽两优1813,国审稻20170020,2017.0,国审,,True,False,True,籼,中稻,长江中下游中籼迟熟组,645.6,,丰两优四号,636.0,4.9,140.4,1.3,116.9,15.2,23.8,211.9,80.8,26.4,,,,感稻瘟病,5.0,中感白叶枯病,9.0,,,61.8,3.9,19.0,15.1,74.0,3.1,,3.0,《优质稻谷》,False,,425,Middle-Lower Yangtze,Single/Mid,Two-line hybrid,Unknown,0,0.0,,True,False,False
3525,荃优153,国审稻20170021,2017.0,国审,,True,True,False,籼,中稻,长江中下游中籼迟熟组,659.7,,丰两优四号,644.3,5.9,139.3,0.2,118.3,14.6,26.5,196.2,81.7,30.4,,,,感稻瘟病,7.0,感白叶枯病,7.0,,,63.5,4.2,24.0,18.8,61.0,3.0,,3.0,《优质稻谷》,False,,424,Middle-Lower Yangtze,Single/Mid,Three-line hybrid,Unknown,0,0.0,,True,False,False
3866,隆两优1212,国审稻20170022,2017.0,国审,,True,False,True,籼,中稻,长江中下游中籼迟熟组,660.8,,丰两优四号,654.1,6.8,140.4,3.2,121.7,16.5,24.6,191.8,83.3,25.7,,,,中感稻瘟病,5.0,中感白叶枯病,9.0,,,62.2,0.9,8.0,15.0,85.0,3.1,,3.0,《优质稻谷》,False,,426,Middle-Lower Yangtze,Single/Mid,Two-line hybrid,Unknown,0,0.0,,True,False,False
5953,望两优6号,国审稻20170023,2017.0,国审,,True,False,True,籼,中稻,长江中下游中籼迟熟组,656.2,,丰两优四号,664.3,8.3,141.1,2.0,119.3,15.4,26.1,204.7,82.2,26.8,,,,高感稻瘟病,5.0,中感白叶枯病,9.0,,,60.1,3.6,24.0,15.6,73.0,3.3,,3.0,《优质稻谷》,False,,423,Middle-Lower Yangtze,Single/Mid,Two-line hybrid,Unknown,0,0.0,,True,False,False
4879,创两优70122,国审稻20170024,2017.0,国审,,True,False,True,籼,中稻,长江中下游中籼迟熟组,657.5,,丰两优四号,572.8,2.5,140.0,1.0,113.7,17.6,24.3,213.2,79.5,23.2,,,,感稻瘟病,7.0,感白叶枯病,9.0,,,66.5,1.4,11.0,15.2,69.0,3.3,,3.0,《优质稻谷》,False,,423,Middle-Lower Yangtze,Single/Mid,Two-line hybrid,Unknown,0,0.0,,True,False,False
3604,深两优8010,国审稻20170025,2017.0,国审,,True,False,True,籼,中稻,长江中下游中籼迟熟组,655.9,,丰两优四号,599.3,7.5,141.4,2.4,118.4,16.6,25.3,188.6,83.6,25.8,,,,高感稻瘟病,7.0,感白叶枯病,7.0,,,62.9,1.7,14.0,14.3,73.0,3.3,,,,False,,408,Middle-Lower Yangtze,Single/Mid,Two-line hybrid,Unknown,0,,,True,False,False
7060,Y两优9826,国审稻20170026,2017.0,国审,,True,False,True,籼,中稻,长江中下游中籼迟熟组,657.2,,丰两优四号,642.9,6.1,138.6,-0.4,125.1,16.8,27.7,199.8,84.3,25.2,,,,高感稻瘟病,5.0,中感白叶枯病,9.0,,,62.3,1.8,14.0,15.5,75.0,3.2,,3.0,《优质稻谷》,False,,426,Middle-Lower Yangtze,Single/Mid,Two-line hybrid,Unknown,0,0.0,,True,False,False
4481,B两优6628,国审稻20170027,2017.0,国审,,True,False,True,籼,中稻,长江中下游中籼迟熟组,645.7,,丰两优四号,638.4,4.8,140.6,1.6,119.3,15.7,23.8,199.5,79.5,27.8,,,,感稻瘟病,5.0,中感白叶枯病,9.0,,,55.6,5.8,28.0,19.3,83.0,3.1,,,,False,,409,Middle-Lower Yangtze,Single/Mid,Two-line hybrid,Unknown,0,,,True,False,False
6637,翔两优1168,国审稻20170028,2017.0,国审,,True,False,True,籼,中稻,长江中下游中籼迟熟组,651.0,,丰两优四号,626.0,3.6,139.2,1.9,128.5,13.8,25.8,230.0,79.8,27.0,,,,中感稻瘟病,5.0,中感白叶枯病,9.0,,,61.3,4.0,26.0,22.9,68.0,3.0,,3.0,《优质稻谷》,False,,423,Middle-Lower Yangtze,Single/Mid,Two-line hybrid,Unknown,0,0.0,,True,False,False
3450,望两优5511,国审稻20170029,2017.0,国审,,True,False,True,籼,中稻,长江中下游中籼迟熟组,653.5,,丰两优四号,597.0,6.6,141.2,1.5,119.4,15.4,26.4,224.2,80.3,24.8,,,,高感稻瘟病,5.0,中感白叶枯病,9.0,,,64.7,3.1,21.0,15.0,75.0,3.0,,3.0,《优质稻谷》,False,,424,Middle-Lower Yangtze,Single/Mid,Two-line hybrid,Unknown,0,0.0,,True,False,False
4162,Y两优800,国审稻20170030,2017.0,国审,,True,False,True,籼,中稻,长江中下游中籼迟熟组,671.4,,丰两优四号,608.2,8.6,141.6,1.9,112.2,17.1,25.2,190.9,80.5,26.8,,,,高感稻瘟病,5.0,中感白叶枯病,9.0,,,58.2,6.1,51.0,15.6,76.0,2.9,,,,False,,409,Middle-Lower Yangtze,Single/Mid,Two-line hybrid,Unknown,0,,,True,False,False
4595,创两优3206,国审稻20170031,2017.0,国审,,True,False,True,籼,中稻,长江中下游中籼迟熟组,660.3,,丰两优四号,599.8,6.5,138.9,-0.8,118.4,16.7,24.2,225.1,77.4,23.9,,,,感稻瘟病,7.0,感白叶枯病,7.0,,,58.1,5.5,44.0,15.6,79.0,3.0,,,,False,,407,Middle-Lower Yangtze,Single/Mid,Two-line hybrid,Unknown,0,,,True,False,False
4725,C两优0861,国审稻20170032,2017.0,国审,,True,False,True,籼,中稻,长江中下游中籼迟熟组,666.2,,丰两优四号,650.0,6.0,137.8,-1.9,114.9,16.9,24.3,198.2,80.9,26.3,,,,中感稻瘟病,7.0,感白叶枯病,9.0,,,64.0,3.9,21.0,14.3,80.0,3.1,,,,False,,410,Middle-Lower Yangtze,Single/Mid,Two-line hybrid,Unknown,0,,,True,False,False
4754,丰两优648,国审稻20170033,2017.0,国审,,True,False,True,籼,中稻,长江中下游中籼迟熟组,645.8,,丰两优四号,600.0,6.8,135.8,-3.7,123.3,14.5,25.0,225.8,81.3,26.9,,,,高感稻瘟病,7.0,感白叶枯病,9.0,,,64.6,2.4,15.0,16.3,64.0,3.0,,2.0,《优质稻谷》,False,,422,Middle-Lower Yangtze,Single/Mid,Two-line hybrid,Unknown,0,1.0,,True,False,False
4452,荆两优266,国审稻20170034,2017.0,国审,,True,False,True,籼,中稻,长江中下游中籼迟熟组,632.4,,丰两优四号,587.3,5.4,138.6,-0.9,121.0,14.8,23.4,205.5,82.7,27.8,,,,感稻瘟病,7.0,感白叶枯病,7.0,,,64.6,1.9,15.0,21.5,64.0,3.1,,2.0,《优质稻谷》,False,,422,Middle-Lower Yangtze,Single/Mid,Two-line hybrid,Unknown,0,1.0,,True,False,False
3597,Y两优957,国审稻20170035,2017.0,国审,,True,False,True,籼,中稻,长江中下游中籼迟熟组,641.2,,丰两优四号,591.4,5.7,143.4,3.9,116.9,16.6,26.3,204.0,81.7,23.3,,,,高感稻瘟病,5.0,中感白叶枯病,9.0,,,60.7,1.2,8.0,16.3,80.0,3.0,,2.0,《优质稻谷》,False,,424,Middle-Lower Yangtze,Single/Mid,Two-line hybrid,Unknown,0,1.0,,True,False,False
3953,和两优713,国审稻20170036,2017.0,国审,,True,False,True,籼,中稻,长江中下游中籼迟熟组,651.5,,丰两优四号,598.8,6.8,141.7,2.2,115.2,18.4,25.0,184.0,85.6,23.8,,,,中抗稻瘟病,5.0,中感白叶枯病,9.0,,,64.0,1.3,12.0,15.5,80.0,3.0,,3.0,《优质稻谷》,False,,425,Middle-Lower Yangtze,Single/Mid,Two-line hybrid,Unknown,0,0.0,,False,False,False
3295,创两优276,国审稻20170037,2017.0,国审,,True,False,True,籼,中稻,长江中下游中籼迟熟组,638.4,,丰两优四号,593.7,6.2,137.4,-2.1,111.9,16.4,23.4,206.4,82.7,23.6,,,,高感稻瘟病,7.0,感白叶枯病,7.0,,,60.3,3.9,22.0,22.3,83.0,3.1,,3.0,《优质稻谷》,False,,422,Middle-Lower Yangtze,Single/Mid,Two-line hybrid,Unknown,0,0.0,,True,False,False
6122,未两优1号,国审稻20170038,2017.0,国审,,True,False,True,籼,中稻,长江中下游中籼迟熟组,647.5,,丰两优四号,600.5,7.8,140.0,0.5,123.5,15.2,24.8,198.8,84.4,27.0,,,,高感稻瘟病,5.0,中感白叶枯病,7.0,,,60.0,1.6,10.0,15.7,75.0,3.1,,3.0,《优质稻谷》,False,,424,Middle-Lower Yangtze,Single/Mid,Two-line hybrid,Unknown,0,0.0,,True,False,False
4362,荃优3745,国审稻20170039,2017.0,国审,,True,True,False,籼,中稻,长江中下游中籼迟熟组,656.6,,丰两优四号,650.5,5.6,137.8,0.3,122.9,14.6,24.7,204.4,83.2,28.0,,,,高感稻瘟病,7.0,感白叶枯病,9.0,,,59.9,3.8,24.0,15.3,81.0,2.9,,3.0,《优质稻谷》,False,,426,Middle-Lower Yangtze,Single/Mid,Three-line hybrid,Unknown,0,0.0,,True,False,False
4072,两优566,国审稻20170040,2017.0,国审,,True,False,True,籼,中稻,长江中下游中籼迟熟组,655.0,,丰两优四号,611.1,9.0,136.2,-3.1,112.1,16.8,23.6,209.3,83.9,23.3,,,,感稻瘟病,7.0,感白叶枯病,9.0,,,62.4,3.6,18.0,15.9,83.0,3.2,,3.0,《优质稻谷》,False,,423,Middle-Lower Yangtze,Single/Mid,Two-line hybrid,Unknown,0,0.0,,True,False,False
3651,晶两优1468,国审稻20170041,2017.0,国审,,True,False,True,籼,中稻,长江中下游中籼迟熟组,642.7,,丰两优四号,598.3,7.0,137.4,1.0,121.0,16.6,25.9,198.2,82.6,23.8,,,,高感稻瘟病,5.0,中感白叶枯病,9.0,,,62.9,0.5,5.0,16.7,84.0,3.1,,2.0,《优质稻谷》,False,,426,Middle-Lower Yangtze,Single/Mid,Two-line hybrid,Unknown,0,1.0,,True,False,False
5663,两优516,国审稻20170042,2017.0,国审,,True,False,True,籼,中稻,长江中下游中籼迟熟组,653.8,,丰两优四号,591.8,6.3,140.0,2.6,123.8,14.7,25.6,220.9,75.2,26.4,,,,感稻瘟病,7.0,感白叶枯病,9.0,,,56.1,1.4,12.0,15.5,81.0,3.1,,3.0,《优质稻谷》,False,,422,Middle-Lower Yangtze,Single/Mid,Two-line hybrid,Unknown,0,0.0,,True,False,False
5888,两优825,国审稻20170043,2017.0,国审,,True,False,True,籼,中稻,长江中下游中籼迟熟组,652.1,,丰两优四号,651.3,7.2,139.1,-0.2,118.0,16.8,25.8,186.2,83.0,26.2,,,,感稻瘟病,5.0,中感白叶枯病,9.0,,,65.0,3.4,25.0,16.8,73.0,3.2,,3.0,《优质稻谷》,False,,424,Middle-Lower Yangtze,Single/Mid,Two-line hybrid,Unknown,0,0.0,,True,False,False
6577,隆两优836,国审稻20170044,2017.0,国审,,True,False,True,籼,中稻,长江中下游中籼迟熟组,648.9,,丰两优四号,592.7,5.8,142.7,3.4,121.6,16.8,23.9,188.2,81.7,24.7,,,,中感稻瘟病,5.0,中感白叶枯病,7.0,,,65.5,1.6,9.0,18.8,65.0,3.2,,2.0,《优质稻谷》,False,,424,Middle-Lower Yangtze,Single/Mid,Two-line hybrid,Unknown,0,1.0,,True,False,False
4517,荃优1393,国审稻20170045,2017.0,国审,,True,True,False,籼,中稻,长江中下游中籼迟熟组,647.6,,丰两优四号,597.6,6.2,139.0,-0.3,120.8,15.2,25.1,187.0,83.8,29.2,,,,高感稻瘟病,7.0,感白叶枯病,7.0,,,55.1,6.2,40.0,15.8,76.0,2.9,,,,False,,411,Middle-Lower Yangtze,Single/Mid,Three-line hybrid,Unknown,0,,,True,False,False
6705,Y两优372,国审稻20170046,2017.0,国审,,True,False,True,籼,中稻,长江中下游中籼迟熟组,652.1,,丰两优四号,650.8,7.4,139.7,2.7,118.8,15.7,27.8,209.0,83.9,24.6,,,,中感稻瘟病,5.0,中感白叶枯病,9.0,,,60.8,3.6,24.0,15.0,79.0,3.0,,3.0,《优质稻谷》,False,,424,Middle-Lower Yangtze,Single/Mid,Two-line hybrid,Unknown,0,0.0,,True,False,False
4624,宿两优918,国审稻20170047,2017.0,国审,,True,False,True,籼,中稻,长江中下游中籼迟熟组,634.7,,丰两优四号,640.8,4.2,142.6,3.3,120.3,15.6,25.3,203.0,80.3,25.0,,,,感稻瘟病,5.0,中感白叶枯病,7.0,,,63.4,4.9,26.0,19.5,66.0,3.2,,3.0,《优质稻谷》,False,,423,Middle-Lower Yangtze,Single/Mid,Two-line hybrid,Unknown,0,0.0,,True,False,False
4396,两优391,国审稻20170048,2017.0,国审,,True,False,True,籼,中稻,长江中下游中籼迟熟组,664.2,,丰两优四号,660.6,8.0,138.4,1.4,121.1,15.5,24.6,204.3,83.3,26.1,,,,感稻瘟病,7.0,感白叶枯病,9.0,,,61.2,1.2,6.0,14.8,80.0,3.1,,,,False,,407,Middle-Lower Yangtze,Single/Mid,Two-line hybrid,Unknown,0,,,True,False,False
4607,两优148,国审稻20170049,2017.0,国审,,True,False,True,籼,中稻,长江中下游中籼迟熟组,634.8,,丰两优四号,641.0,5.3,136.3,-3.0,121.7,13.8,25.3,209.2,81.7,28.8,,,,感稻瘟病,5.0,中感白叶枯病,9.0,,,61.9,2.0,14.0,17.2,63.0,3.1,,2.0,《优质稻谷》,False,,424,Middle-Lower Yangtze,Single/Mid,Two-line hybrid,Unknown,0,1.0,,True,False,False
3528,两优二三丝苗,国审稻20170050,2017.0,国审,,True,False,True,籼,中稻,长江中下游中籼迟熟组,641.3,,丰两优四号,634.7,3.7,137.1,0.1,117.3,16.2,24.9,211.6,81.2,23.1,,,,中感稻瘟病,7.0,感白叶枯病,9.0,,,60.7,1.2,9.0,16.2,84.0,3.2,,2.0,《优质稻谷》,False,,435,Middle-Lower Yangtze,Single/Mid,Two-line hybrid,Unknown,0,1.0,,True,False,False
3904,荃优298,国审稻20170051,2017.0,国审,,True,True,False,籼,中稻,长江中下游中籼迟熟组,651.5,,丰两优四号,602.8,7.7,138.7,1.4,123.9,14.9,26.6,210.3,82.2,27.6,,,,感稻瘟病,7.0,感白叶枯病,9.0,,,57.1,2.2,10.0,16.0,87.0,3.2,,2.0,《优质稻谷》,False,,425,Middle-Lower Yangtze,Single/Mid,Three-line hybrid,Unknown,0,1.0,,True,False,False
3267,Y两优17,国审稻20170052,2017.0,国审,,True,False,True,籼,中稻,长江中下游中籼迟熟组,674.7,,丰两优四号,598.1,7.0,141.3,4.0,119.4,15.1,27.5,226.1,82.5,24.8,,,,感稻瘟病,5.0,中感白叶枯病,9.0,,,62.2,0.7,6.0,15.8,80.0,2.8,,3.0,《优质稻谷》,False,,422,Middle-Lower Yangtze,Single/Mid,Two-line hybrid,Unknown,0,0.0,,True,False,False
306,湘两优900,国审稻20170053,2017.0,国审,,True,False,True,籼,中稻,长江中下游中籼迟熟组,647.7,,丰两优四号,661.9,8.5,139.8,2.5,114.7,13.8,24.1,260.6,78.0,24.7,,,,感稻瘟病,9.0,高感白叶枯病,9.0,,,63.3,1.7,8.0,22.2,89.0,2.9,,2.0,《优质稻谷》,False,,423,Middle-Lower Yangtze,Single/Mid,Two-line hybrid,Unknown,0,1.0,,True,False,False
4140,吉两优3885,国审稻20170054,2017.0,国审,,True,False,True,籼,中稻,长江中下游中籼迟熟组,663.3,,丰两优四号,641.2,5.0,137.0,-0.3,113.5,17.7,23.0,210.0,81.0,22.8,,,,感稻瘟病,7.0,感白叶枯病,9.0,,,60.2,2.6,14.0,23.3,89.0,3.3,,3.0,《优质稻谷》,False,,421,Middle-Lower Yangtze,Single/Mid,Two-line hybrid,Unknown,0,0.0,,True,False,False
5911,广两优730,国审稻20170055,2017.0,国审,,True,False,True,籼,中稻,长江中下游中籼迟熟组,665.7,,丰两优四号,655.9,6.7,141.5,4.2,123.9,14.7,25.0,209.3,80.1,28.0,,,,中感稻瘟病,5.0,中感白叶枯病,9.0,,,56.5,3.9,26.0,22.8,76.0,3.0,,3.0,《优质稻谷》,False,,428,Middle-Lower Yangtze,Single/Mid,Two-line hybrid,Unknown,0,0.0,,True,False,False
4713,两优631,国审稻20170056,2017.0,国审,,True,False,True,籼,中稻,长江中下游中籼迟熟组,665.4,,丰两优四号,657.0,6.5,138.4,1.1,125.7,14.7,24.7,206.6,82.9,27.4,,,,中感稻瘟病,5.0,中感白叶枯病,9.0,,,54.7,1.9,11.0,14.9,78.0,3.0,,,,False,,411,Middle-Lower Yangtze,Single/Mid,Two-line hybrid,Unknown,0,,,True,False,False
4683,隆优3206,国审稻20170057,2017.0,国审,,True,True,False,籼,双季,长江中下游晚籼早熟组,607.4,,五优308,557.4,2.9,118.7,-1.9,108.1,20.6,22.3,169.6,78.4,25.4,,,,感稻瘟病,5.0,中感白叶枯病,9.0,,,52.7,4.2,28.0,16.6,76.0,3.2,,3.0,《优质稻谷》,False,,427,Middle-Lower Yangtze,Late,Three-line hybrid,Unknown,0,0.0,,True,False,False
6518,炳优270,国审稻20170058,2017.0,国审,,True,True,False,籼,双季,长江中下游晚籼早熟组,608.5,,五优308,553.5,2.3,120.9,0.2,101.7,19.5,23.1,161.9,84.8,26.4,,,,中感稻瘟病,7.0,感白叶枯病,9.0,,,58.9,3.3,13.0,15.1,70.0,2.9,,3.0,《优质稻谷》,False,,423,Middle-Lower Yangtze,Late,Three-line hybrid,Unknown,0,0.0,,True,False,False
6551,五优61,国审稻20170059,2017.0,国审,,True,True,False,籼,双季,长江中下游晚籼早熟组,612.6,,五优308,572.9,5.7,120.4,-0.3,102.6,20.8,22.0,162.2,82.2,24.2,,,,中感稻瘟病,7.0,感白叶枯病,7.0,,,60.0,2.7,19.0,15.5,76.0,2.8,,3.0,《优质稻谷》,False,,420,Middle-Lower Yangtze,Late,Three-line hybrid,Unknown,0,0.0,,True,False,False
4325,早丰优33,国审稻20170060,2017.0,国审,,True,True,False,籼,双季,长江中下游晚籼早熟组,619.6,,五优308,571.2,5.2,119.7,-1.0,101.6,22.8,20.4,148.3,84.5,24.4,,,,中感稻瘟病,7.0,感白叶枯病,9.0,,,61.6,3.7,20.0,19.4,56.0,3.1,,3.0,《优质稻谷》,False,,423,Middle-Lower Yangtze,Late,Three-line hybrid,Unknown,0,0.0,,True,False,False
4696,锦两优华占,国审稻20170061,2017.0,国审,,True,False,True,籼,双季,长江中下游晚籼早熟组,613.8,,五优308,553.0,1.9,119.8,-0.9,103.6,22.9,21.8,149.5,80.3,25.7,,,,中感稻瘟病,7.0,感白叶枯病,9.0,,,56.2,2.8,13.0,21.7,71.0,3.2,,2.0,《优质稻谷》,False,,423,Middle-Lower Yangtze,Late,Two-line hybrid,Unknown,0,1.0,,True,False,False
3869,吉优258,国审稻20170062,2017.0,国审,,True,True,False,籼,双季,长江中下游晚籼早熟组,620.5,,五优308,572.6,5.6,120.7,-0.2,105.6,19.8,22.0,184.1,79.9,24.7,,,,中感稻瘟病,7.0,感白叶枯病,9.0,,,57.2,2.2,11.0,23.8,64.0,3.3,,3.0,《优质稻谷》,False,,422,Middle-Lower Yangtze,Late,Three-line hybrid,Unknown,0,0.0,,True,False,False
3157,嘉优中科6号,国审稻20170063,2017.0,国审,,True,True,False,粳,单季,长江中下游单季晚粳组,756.6,,嘉优5号,783.0,16.3,152.8,-4.9,117.8,14.3,19.6,256.1,83.9,29.4,,,,中感稻瘟病,7.0,感白叶枯病,7.0,,,70.2,7.4,48.0,13.6,81.0,2.1,,,,False,,422,Middle-Lower Yangtze,Late,Three-line hybrid,Unknown,0,,,True,False,False
4679,嘉禾优7245,国审稻20170064,2017.0,国审,,True,True,False,粳,单季,长江中下游单季晚粳组,714.6,,嘉优5号,690.6,2.5,156.0,-1.7,129.5,15.4,23.0,257.6,84.6,24.3,,,,中感稻瘟病,5.0,中感白叶枯病,9.0,,,71.6,1.9,13.0,13.5,67.0,2.5,,,,False,,425,Middle-Lower Yangtze,Late,Three-line hybrid,Unknown,0,,,True,False,False
4742,甬优7850,国审稻20170065,2017.0,国审,,True,True,False,粳,单季,长江中下游单季晚粳组,723.1,,嘉优5号,705.4,4.7,154.7,-3.0,116.6,15.0,20.2,254.0,88.6,23.5,,,,中抗稻瘟病,5.0,中感白叶枯病,9.0,,,73.6,1.6,10.0,14.2,72.0,2.2,,,,False,,421,Middle-Lower Yangtze,Late,Three-line hybrid,Unknown,0,,,False,False,False
4036,荃粳优1号,国审稻20170066,2017.0,国审,,True,True,False,粳,单季,长江中下游单季晚粳组,734.4,,嘉优5号,704.2,4.6,146.3,-12.0,125.7,16.2,19.6,291.2,83.4,22.5,,,,感稻瘟病,3.0,中抗白叶枯病,9.0,,,73.3,2.0,9.0,13.6,72.0,2.1,,,,False,,421,Middle-Lower Yangtze,Late,Three-line hybrid,Unknown,0,,,True,False,False
5049,泸优2816,国审稻20170067,2017.0,国审,,True,True,False,籼,中稻,武陵山区中籼组,620.1,,Ⅱ优264,568.29,3.83,145.2,-4.6,113.4,15.6,25.6,174.2,83.5,30.0,2.6,3.3,,中抗稻瘟病,,,,,耐冷性中感,63.9,9.7,31.0,21.9,32.0,2.9,,,,False,,427,Wuling Mountains,Single/Mid,Three-line hybrid,Unknown,0,,,False,False,False
5339,冈8优638,国审稻20170068,2017.0,国审,,True,True,False,籼,中稻,武陵山区中籼组,618.68,,Ⅱ优264,566.22,3.46,147.3,-2.5,116.8,14.7,26.9,192.7,81.1,29.2,2.1500000000000004,2.2,,抗稻瘟病,,,,,耐冷性中感,56.8,18.6,67.0,23.7,39.0,2.8,,,,False,,427,Wuling Mountains,Single/Mid,Three-line hybrid,Unknown,0,,,False,False,False
5664,谷优168,国审稻20170070,2017.0,国审,,True,True,False,籼,中稻,武陵山区中籼组,642.71,,Ⅱ优264,582.04,6.35,143.8,-4.3,115.4,16.7,25.0,167.3,85.8,28.8,1.9,2.0,,抗稻瘟病,,,,,耐冷性耐冷,58.5,13.4,44.0,21.4,43.0,2.6,,,,False,,426,Wuling Mountains,Single/Mid,Three-line hybrid,Unknown,0,,,False,False,False
4037,皖垦粳3号,国审稻20170071,2017.0,国审,,False,False,False,粳,,国家黄淮粳稻组,675.13,,,670.44,5.59,156.9,,95.5,20.5,15.6,160.7,87.8,25.8,,,3.0,,,,,,,68.6,5.9,29.0,15.6,65.0,,,,,False,,388,North/Huanghuai,Single/Mid,Inbred/Other,Unknown,0,,1.0,False,False,False
4915,连粳16号,国审稻20170072,2017.0,国审,,False,False,False,粳,,国家黄淮粳稻组,678.28,,,671.92,5.82,158.2,,98.9,19.9,17.6,164.8,87.9,25.7,,,5.0,,,,,,,64.1,2.4,13.3,15.9,73.0,,,2.0,《优质稻谷》,False,,403,North/Huanghuai,Single/Mid,Inbred/Other,Unknown,0,1.0,1.0,False,False,False
5400,津粳优2018,国审稻20170073,2017.0,国审,,True,True,False,粳,,国家黄淮粳稻组,699.27,,徐稻3号,702.17,9.22,153.5,,127.4,17.7,20.9,199.9,84.2,26.4,,,5.0,,,,,,,65.5,5.8,26.0,14.0,83.0,,,,,False,,385,North/Huanghuai,Single/Mid,Three-line hybrid,Unknown,0,,1.0,False,False,False
5326,新科稻31,国审稻20170074,2017.0,国审,,False,False,False,粳,,国家黄淮粳稻组,674.76,,徐稻3号,673.74,4.8,151.7,,100.3,20.7,16.9,147.4,91.0,25.2,,,3.0,,,,,,,67.0,3.2,14.7,16.3,76.0,,,3.0,《优质稻谷》,False,,403,North/Huanghuai,Single/Mid,Inbred/Other,Unknown,0,0.0,1.0,False,False,False
4937,金粳698,国审稻20170075,2017.0,国审,,False,False,False,粳,,国家黄淮粳稻组,658.5,5.78,徐稻3号,666.71,4.41,151.8,,103.7,19.8,17.2,163.1,87.4,24.6,,,3.0,,,,,,,67.1,4.9,22.0,16.2,63.0,,,3.0,《优质稻谷》,False,,401,North/Huanghuai,Single/Mid,Inbred/Other,Unknown,0,0.0,1.0,False,False,False
5830,鑫稻538,国审稻20170076,2017.0,国审,,False,False,False,粳,,国家黄淮粳稻组,663.52,6.59,徐稻3号,675.28,5.75,158.1,,106.4,21.7,16.5,146.7,85.7,25.5,,,5.0,,,,,,,68.9,4.0,17.0,17.6,60.0,,,3.0,《优质稻谷》,False,,406,North/Huanghuai,Single/Mid,Inbred/Other,Unknown,0,0.0,1.0,False,False,False
4770,镇稻21号,国审稻20170077,2017.0,国审,,False,False,False,粳,,国家黄淮粳稻组,669.99,5.81,徐稻3号,677.34,6.08,152.8,,97.9,20.6,15.7,152.0,91.0,25.4,,,5.0,,,,,,,70.5,2.4,14.7,16.2,77.0,,,2.0,《优质稻谷》,False,,396,North/Huanghuai,Single/Mid,Inbred/Other,Unknown,0,1.0,1.0,False,False,False
7257,京粳2号,国审稻20170078,2017.0,国审,,False,False,False,粳,,国家京津唐粳稻组,720.15,12.92,,699.6,13.97,174.2,,104.0,19.9,17.0,141.9,90.4,28.5,,,3.0,,,,,,,65.0,7.0,33.7,15.1,75.0,,,,,False,,387,North/Huanghuai,Single/Mid,Inbred/Other,Unknown,0,,1.0,False,False,False
7435,精华2号,国审稻20170079,2017.0,国审,,False,False,False,粳,,国家京津塘粳稻组,709.31,11.22,,688.2,12.13,175.2,,116.5,25.4,16.9,141.4,88.4,25.9,,,3.0,,,,,,,65.2,4.4,24.0,16.6,73.0,,,3.0,《优质稻谷》,False,,408,North/Huanghuai,Single/Mid,Inbred/Other,Unknown,0,0.0,1.0,False,False,False
3858,中科804,国审稻20170080,2017.0,国审,,False,False,False,粳,,国家中早粳中熟组,710.44,,秋光,700.7,5.79,150.1,,105.9,30.6,17.8,117.6,87.4,25.0,,,3.0,,,,,,,63.7,2.1,12.3,16.7,65.3,,,3.0,《优质稻谷》,False,,376,Other/Unspecified,Early,Inbred/Other,Unknown,0,0.0,1.0,False,False,False
6123,隆粳101,国审稻20170081,2017.0,国审,,False,False,False,粳,,国家中早粳早熟组,670.05,,,631.1,17.59,148.6,,97.5,24.5,17.0,131.4,87.3,26.2,,,5.0,,,,,,,62.4,3.0,14.3,15.7,65.0,,,3.0,《优质稻谷》,False,天津天隆种业科技有限公司,384,Other/Unspecified,Early,Inbred/Other,Enterprise,1,0.0,1.0,False,False,False
74,荃优华占,国审稻20176001,2017.0,国审,,True,True,False,籼,中稻,长江上游中籼迟熟组,633.6,,F优498,600.9,5.2,152.8,0.3,105.7,15.6,23.9,190.3,81.6,26.8,,,,中感稻瘟病,,,9.0,,,62.3,0.5,5.0,19.8,86.0,3.0,,1.0,《优质稻谷》,False,,407,Upper Yangtze,Single/Mid,Three-line hybrid,Unknown,0,1.0,,True,False,False
3892,隆两优黄莉占,国审稻20176002,2017.0,国审,,True,False,True,籼,中稻,长江上游中籼迟熟组,650.4,,F优498,616.0,8.3,155.3,3.4,121.7,16.3,23.3,190.6,83.0,26.6,,,,中抗稻瘟病,,,9.0,,,66.5,0.3,4.0,20.1,83.0,3.1,,1.0,《优质稻谷》,False,,408,Upper Yangtze,Single/Mid,Two-line hybrid,Unknown,0,1.0,,False,False,False
4512,简两优534,国审稻20176003,2017.0,国审,,True,False,True,籼,双季,华南早籼组,541.9,,天优华占,509.5,1.8,125.1,4.3,111.7,19.7,22.8,157.1,87.5,22.7,,,,中抗稻瘟病,5.0,中感白叶枯病,9.0,,,57.9,6.6,28.0,13.7,71.0,3.4,,,,False,,405,South China,Early,Two-line hybrid,Unknown,0,,,False,False,False
4274,晶两优534,国审稻20176004,2017.0,国审,,True,False,True,籼,双季,华南早籼组,542.3,,天优华占,514.7,2.8,126.8,6.0,113.9,18.2,24.5,166.9,85.0,23.3,,,,中抗稻瘟病,7.0,感白叶枯病,9.0,,,59.1,4.9,24.0,15.0,70.0,3.1,,3.0,《优质稻谷》,False,,416,South China,Early,Two-line hybrid,Unknown,0,0.0,,False,False,False
6706,H两优1号,国审稻20176005,2017.0,国审,,True,False,True,籼,晚稻,华南晚籼组,500.1,,博优998,472.3,8.9,118.1,3.0,104.2,17.7,21.1,174.0,79.2,23.2,3.6,3.6,,中感稻瘟病,9.0,高感白叶枯病,9.0,,,68.4,2.3,11.0,21.7,55.0,3.2,,2.0,《优质稻谷》,False,,408,South China,Late,Two-line hybrid,Unknown,0,1.0,,True,False,False
5335,陵两优1377,国审稻20176006,2017.0,国审,,True,False,True,籼,晚稻,华南晚籼组,495.3,,博优998,455.3,5.0,119.0,3.9,107.9,16.7,22.4,162.9,83.7,25.7,,,,中感稻瘟病,9.0,高感白叶枯病,9.0,,,68.1,1.7,6.3,15.0,70.0,3.2,,3.0,《优质稻谷》,False,,422,South China,Late,Two-line hybrid,Unknown,0,0.0,,True,False,False
58,隆两优1377,国审稻20176007,2017.0,国审,,True,False,True,籼,中稻,长江上游中籼迟熟组,655.2,,F优498,626.9,4.3,155.1,4.4,114.2,16.3,23.4,196.0,82.2,26.1,,,,中感稻瘟病,,,9.0,,,63.4,2.4,13.0,16.5,76.0,3.0,,2.0,《优质稻谷》,False,,415,Upper Yangtze,Single/Mid,Two-line hybrid,Unknown,0,1.0,,True,False,False
4560,隆8优华占,国审稻20176008,2017.0,国审,,True,True,False,籼,晚稻,华南晚籼组,495.8,,博优998,490.2,10.3,118.8,3.6,102.0,18.9,22.1,162.3,78.1,25.1,,,,中抗稻瘟病,4.0,中感白叶枯病,9.0,,,68.5,1.7,7.7,16.4,63.3,3.2,,2.0,《优质稻谷》,False,,429,South China,Late,Three-line hybrid,Unknown,0,1.0,,False,False,False
5846,隆两优1206,国审稻20176009,2017.0,国审,,True,False,True,籼,中稻,长江中下游中籼迟熟组,660.1,,丰两优四号,644.5,4.2,141.1,1.4,123.9,16.5,24.6,188.3,82.9,26.0,,,,中感稻瘟病,5.0,中感白叶枯病,9.0,,,65.8,1.2,8.0,14.3,75.0,3.0,,,,False,,411,Middle-Lower Yangtze,Single/Mid,Two-line hybrid,Unknown,0,,,True,False,False
4329,隆两优1988,国审稻20176010,2017.0,国审,,True,False,True,籼,晚稻,华南晚籼组,508.9,,博优998,494.5,11.2,118.0,2.8,112.2,16.2,23.3,162.1,82.5,27.8,,,,感稻瘟病,9.0,高感白叶枯病,9.0,,,62.1,4.1,23.0,14.0,70.0,3.0,,,,False,,411,South China,Late,Two-line hybrid,Unknown,0,,,True,False,False
7563,川谷优2041,国审稻20176011,2017.0,国审,,True,True,False,籼,中稻,长江上游区中籼迟熟组,632.11,,F优498,620.29,3.1,155.1,4.6,120.6,14.1,25.3,223.2,80.3,26.2,,,,感稻瘟病,,,9.0,抽穗期耐热性7级,耐冷性中感,57.1,8.6,54.8,25.0,78.3,2.8,,,,False,,461,Upper Yangtze,Single/Mid,Three-line hybrid,Unknown,0,,,True,False,False
3833,冈8优517,国审稻20176012,2017.0,国审,,True,True,False,籼,中稻,长江上游区中籼迟熟组,626.24,,F优498,615.83,2.36,153.1,2.6,123.0,12.5,23.9,251.0,76.6,26.1,,,,感稻瘟病,,,7.0,抽穗期耐热性7级,耐冷性中感,52.3,8.1,59.3,25.5,78.8,2.5,,,,False,,459,Upper Yangtze,Single/Mid,Three-line hybrid,Unknown,0,,,True,False,False
4238,川谷优600,国审稻20176013,2017.0,国审,,True,True,False,籼,中稻,长江上游区中籼迟熟组,653.5,8.22,F优498,650.89,8.18,151.7,2.6,121.9,12.5,24.9,263.8,82.1,26.1,,,,中感稻瘟病,,,9.0,抽穗期耐热性5级,耐冷性敏感,53.8,7.0,42.7,22.6,82.7,2.9,,,,False,,458,Upper Yangtze,Single/Mid,Three-line hybrid,Unknown,0,,,True,False,False
5029,川6优713,国审稻20176014,2017.0,国审,,True,True,False,籼,中稻,长江上游区中籼迟熟组,632.54,,F优498,608.62,1.16,151.6,2.5,113.5,15.3,23.5,189.5,82.2,26.8,,,,感稻瘟病,,,9.0,抽穗期耐热性3级,耐冷性中感,47.5,1.4,10.0,18.5,84.0,3.5,,,,False,,461,Upper Yangtze,Single/Mid,Three-line hybrid,Unknown,0,,,True,False,False
5631,蓉7优528,国审稻20176015,2017.0,国审,,True,True,False,籼,中稻,长江上游中籼迟熟组,662.5,,F优498,653.61,7.95,149.8,-0.6,112.9,14.7,24.4,187.0,86.1,30.4,,,,中感稻瘟病,,,9.0,,,63.2,3.5,17.0,15.5,76.0,2.9,,3.0,《优质稻谷》,False,,419,Upper Yangtze,Single/Mid,Three-line hybrid,Unknown,0,0.0,,True,False,False
4246,Y两优1998,国审稻20176016,2017.0,国审,,True,False,True,籼,中稻,长江上游中籼迟熟组,652.3,,F优498,644.01,6.36,153.3,2.6,115.7,14.8,26.3,216.7,82.6,26.2,,,,中感稻瘟病,,,9.0,,,67.7,0.9,10.0,16.6,78.0,2.8,,2.0,《优质稻谷》,False,,421,Upper Yangtze,Single/Mid,Two-line hybrid,Unknown,0,1.0,,True,False,False
4785,望两优312,国审稻20176017,2017.0,国审,,True,False,True,籼,中稻,长江上游中籼迟熟组,640.8,,F优498,631.0,4.21,150.6,0.2,108.0,15.9,24.5,185.1,84.0,25.9,,,,中感稻瘟病,,,9.0,,,62.6,1.1,12.0,17.4,86.0,3.0,,2.0,《优质稻谷》,False,,418,Upper Yangtze,Single/Mid,Two-line hybrid,Unknown,0,1.0,,True,False,False
4816,望两优091,国审稻20176018,2017.0,国审,,True,False,True,籼,中稻,长江上游中籼迟熟组,638.75,,F优498,631.25,4.25,151.6,1.2,106.1,15.9,24.0,186.8,82.9,26.8,,,,感稻瘟病,,,9.0,,,59.3,2.9,24.0,17.6,87.0,2.9,,2.0,《优质稻谷》,False,,417,Upper Yangtze,Single/Mid,Two-line hybrid,Unknown,0,1.0,,True,False,False
5384,内6优1116,国审稻20176019,2017.0,国审,,True,True,False,籼,中稻,长江上游中籼迟熟组,657.2,,F优498,673.4,3.2,153.5,3.8,117.8,14.7,26.4,168.3,86.8,31.2,,,,中感稻瘟病,,,7.0,,,52.3,4.1,24.0,15.9,78.0,3.1,,3.0,《优质稻谷》,False,,412,Upper Yangtze,Single/Mid,Three-line hybrid,Unknown,0,0.0,,True,False,False
5050,泸优11092,国审稻20176020,2017.0,国审,,True,True,False,籼,中稻,长江上游中籼迟熟组,670.7,,F优498,673.8,2.1,150.7,1.4,123.6,13.2,25.8,199.6,85.5,30.0,,,,中感稻瘟病,,,9.0,,,59.2,6.8,25.0,21.7,30.0,3.1,,,,False,,412,Upper Yangtze,Single/Mid,Three-line hybrid,Unknown,0,,,True,False,False
5136,隆两优1125,国审稻20176021,2017.0,国审,,True,False,True,籼,中稻,长江上游中籼迟熟组,631.1,,F优498,599.9,0.0,156.2,2.0,117.1,15.6,22.3,202.0,85.1,23.9,,,,感稻瘟病,,,7.0,,,68.1,2.4,10.0,15.0,63.0,3.1,,3.0,《优质稻谷》,False,,413,Upper Yangtze,Single/Mid,Two-line hybrid,Unknown,0,0.0,,True,False,False
6274,隆两优149,国审稻20176022,2017.0,国审,,True,False,True,籼,中稻,长江上游中籼迟熟组,607.7,,F优498,611.3,1.9,157.8,3.6,113.8,15.3,23.3,170.5,85.3,28.9,,,,中感稻瘟病,,,9.0,,,62.4,1.8,6.3,16.0,57.0,3.0,,2.0,《优质稻谷》,False,,413,Upper Yangtze,Single/Mid,Two-line hybrid,Unknown,0,1.0,,True,False,False
4508,隆晶优1199,国审稻20176023,2017.0,国审,,True,True,False,籼,中稻,长江上游中籼迟熟组,630.3,,F优498,589.7,0.0,149.3,,107.1,15.9,23.5,161.0,85.4,29.0,,,,中感稻瘟病,,,9.0,,,63.8,1.9,6.0,15.1,63.0,3.3,,3.0,《优质稻谷》,False,,416,Upper Yangtze,Single/Mid,Three-line hybrid,Unknown,0,0.0,,True,False,False
559,隆两优1813,国审稻20176024,2017.0,国审,,True,False,True,籼,中稻,长江上游中籼迟熟组,638.5,,F优498,616.2,4.5,155.7,4.7,117.3,15.7,23.7,187.7,81.3,28.2,,,,中感稻瘟病,,,9.0,,,62.6,3.6,13.0,15.8,73.0,2.9,,3.0,《优质稻谷》,False,,415,Upper Yangtze,Single/Mid,Two-line hybrid,Unknown,0,0.0,,True,False,False
4961,隆两优3188,国审稻20176025,2017.0,国审,,True,False,True,籼,中稻,长江上游中籼迟熟组,633.9,,F优498,617.6,2.7,152.2,1.5,116.7,15.0,24.3,186.8,83.5,28.8,,,,中感稻瘟病,,,9.0,,,63.3,3.5,14.0,15.0,67.0,2.8,,3.0,《优质稻谷》,False,,415,Upper Yangtze,Single/Mid,Two-line hybrid,Unknown,0,0.0,,True,False,False
4916,梦两优黄莉占,国审稻20176026,2017.0,国审,,True,False,True,籼,中稻,长江上游中籼迟熟组,651.6,,F优498,627.6,4.4,152.6,1.9,111.9,16.8,22.6,186.5,86.2,25.3,,,,中感稻瘟病,,,9.0,,,56.9,4.9,20.0,15.5,79.0,3.2,,3.0,《优质稻谷》,False,,417,Upper Yangtze,Single/Mid,Two-line hybrid,Unknown,0,0.0,,True,False,False
4697,荣优0861,国审稻20176027,2017.0,国审,,True,True,False,籼,中稻,长江上游中籼迟熟组,661.28,6.17,F优498,640.81,7.41,150.4,,110.4,15.6,22.6,191.6,84.7,28.4,,,,中感稻瘟病,,,9.0,,,59.7,11.2,34.2,19.1,40.0,3.0,,,,False,,411,Upper Yangtze,Single/Mid,Three-line hybrid,Unknown,0,,,True,False,False
3523,创两优华占,国审稻20176028,2017.0,国审,,True,False,True,籼,中稻,长江上游中籼迟熟组,648.84,4.17,F优498,616.58,3.35,152.6,,104.4,17.5,22.2,194.1,84.1,23.8,,,,中感稻瘟病,,,9.0,,,61.9,4.6,18.0,15.7,68.0,3.1,,3.0,《优质稻谷》,False,,422,Upper Yangtze,Single/Mid,Two-line hybrid,Unknown,0,0.0,,True,False,False
4388,创两优0861,国审稻20176029,2017.0,国审,,True,False,True,籼,中稻,长江上游中籼迟熟组,649.43,4.27,F优498,629.21,5.47,152.5,,107.4,16.6,22.0,195.0,81.4,25.4,,,,中感稻瘟病,,,9.0,,,60.0,8.2,25.2,14.8,71.0,3.0,,,,False,,414,Upper Yangtze,Single/Mid,Two-line hybrid,Unknown,0,,,True,False,False
708,荃优0861,国审稻20176030,2017.0,国审,,True,True,False,籼,中稻,长江上游中籼迟熟组,657.12,5.5,F优498,609.74,2.2,153.0,,112.0,15.4,24.1,188.2,84.4,29.3,,,,中感稻瘟病,,,9.0,,,65.3,3.9,13.0,16.7,68.0,3.0,,3.0,《优质稻谷》,False,,428,Upper Yangtze,Single/Mid,Three-line hybrid,Unknown,0,0.0,,True,False,False
6970,千乡优616,国审稻20176031,2017.0,国审,,True,True,False,籼,中稻,长江上游中籼迟熟组,647.58,4.84,F优498,623.92,4.58,153.3,,120.2,15.1,23.7,196.9,82.5,28.6,,,,中感稻瘟病,,,9.0,,,59.5,4.3,24.0,16.1,63.0,2.8,,3.0,《优质稻谷》,False,,430,Upper Yangtze,Single/Mid,Three-line hybrid,Unknown,0,0.0,,True,False,False
6455,泰优647,国审稻20176032,2017.0,国审,,True,True,False,籼,中稻,长江中下游中籼迟熟组,638.5,,丰两优四号,642.5,5.1,137.2,-1.1,124.0,13.5,26.0,210.0,86.8,29.4,,,,高感稻瘟病,3.0,抗白叶枯病,7.0,,,56.8,3.3,23.0,15.3,74.0,3.1,,3.0,《优质稻谷》,False,,428,Middle-Lower Yangtze,Single/Mid,Three-line hybrid,Unknown,0,0.0,,True,False,False
4530,天两优3000,国审稻20176033,2017.0,国审,,True,False,True,籼,中稻,长江中下游中籼迟熟组,667.63,,丰两优四号,653.39,12.7,137.5,-1.6,116.7,15.0,26.3,209.8,85.0,27.7,,,,感稻瘟病,5.0,中感白叶枯病,8.0,,,,,,,90.0,3.0,,,,False,,420,Middle-Lower Yangtze,Single/Mid,Two-line hybrid,Unknown,0,,,True,False,False
3653,云两优5455,国审稻20176034,2017.0,国审,,True,False,True,籼,中稻,长江中下游中籼迟熟组,678.91,,丰两优四号,627.31,8.0,140.4,0.9,114.5,14.9,24.2,225.4,82.0,27.0,,,,感稻瘟病,7.0,感白叶枯病,8.0,,,,,,,77.0,3.0,,,,False,,419,Middle-Lower Yangtze,Single/Mid,Two-line hybrid,Unknown,0,,,True,False,False
6163,华两优1511,国审稻20176035,2017.0,国审,,True,False,True,籼,中稻,长江中下游中籼迟熟组,632.44,0.51,丰两优四号,576.82,0.72,139.4,1.2,130.7,14.6,25.5,183.3,85.9,29.2,,,,中抗稻瘟病,1.0,抗白叶枯病,9.0,,,62.0,2.8,26.0,16.6,75.0,3.1,,3.0,《优质稻谷》,False,,441,Middle-Lower Yangtze,Single/Mid,Two-line hybrid,Unknown,0,0.0,,False,False,False
6694,和两优627,国审稻20176036,2017.0,国审,,True,False,True,籼,中稻,长江中下游中籼迟熟组,660.36,5.08,丰两优四号,583.86,4.39,137.4,1.5,119.2,16.9,25.6,,83.8,25.8,,,,感稻瘟病,5.0,中感白叶枯病,9.0,抽穗期耐热性3级,,61.0,2.7,28.0,22.4,62.0,3.0,,3.0,《优质稻谷》,False,,433,Middle-Lower Yangtze,Single/Mid,Two-line hybrid,Unknown,0,0.0,,True,False,False
3477,荃优123,国审稻20176037,2017.0,国审,,True,True,False,籼,中稻,长江中下游中籼迟熟组,645.62,1.76,丰两优四号,581.86,2.27,135.1,-1.2,118.2,13.6,25.6,195.0,86.8,29.5,,,,高感稻瘟病,1.0,抗白叶枯病,9.0,,,61.0,1.6,16.0,17.0,83.0,3.0,,2.0,《优质稻谷》,False,,427,Middle-Lower Yangtze,Single/Mid,Three-line hybrid,Unknown,0,1.0,,True,False,False
2,徽两优丝苗,国审稻20176038,2017.0,国审,,True,False,True,籼,中稻,长江中下游中籼迟熟组,682.75,1.9,丰两优四号,581.28,7.24,136.1,-1.3,111.6,16.2,23.6,202.2,83.6,22.9,,,,中感稻瘟病,7.0,感白叶枯病,9.0,,,69.0,7.7,27.0,15.0,79.0,3.2,,,,False,,420,Middle-Lower Yangtze,Single/Mid,Two-line hybrid,Unknown,0,,,True,False,False
3343,荃优3301,国审稻20176039,2017.0,国审,,True,True,False,籼,一季稻,长江中下游中籼组,668.15,,丰两优四号,573.83,3.08,139.3,1.8,123.5,13.9,26.2,198.8,82.8,30.5,,,,感稻瘟病,,感白叶枯病,,抽穗期耐热性5级,,58.9,1.7,13.5,16.9,83.0,3.2,,2.0,《优质稻谷》,False,,460,Middle-Lower Yangtze,Single/Mid,Three-line hybrid,Unknown,0,1.0,,True,False,False
3957,荃优527,国审稻20176040,2017.0,国审,,True,True,False,籼,一季稻,长江中下游中籼组,650.22,,丰两优四号,592.86,4.72,135.5,-2.6,122.6,14.2,26.3,183.5,86.5,31.1,,,,高感稻瘟病,,感白叶枯病,,抽穗期耐热性3级,,60.7,1.8,16.5,15.7,79.0,3.1,,3.0,《优质稻谷》,False,,461,Middle-Lower Yangtze,Single/Mid,Three-line hybrid,Unknown,0,0.0,,True,False,False
109,荃两优丝苗,国审稻20176041,2017.0,国审,,True,False,True,籼,一季稻,长江中下游中籼组,650.02,,丰两优四号,608.53,8.13,136.6,-1.4,118.5,15.2,24.4,205.2,84.4,26.1,,,,中感稻瘟病,,感白叶枯病,,抽穗期耐热性1级,,68.3,1.1,9.0,16.9,80.0,3.2,,2.0,《优质稻谷》,False,,459,Middle-Lower Yangtze,Single/Mid,Two-line hybrid,Unknown,0,1.0,,True,False,False
3601,赣优735,国审稻20176042,2017.0,国审,,True,True,False,籼,中稻,长江中下游中籼迟熟组,671.7,5.79,丰两优四号,609.7,8.26,136.2,,127.6,14.5,24.6,235.5,77.7,28.1,,,,中感稻瘟病,3.0,中抗白叶枯病,9.0,抽穗期耐热性中等,,54.8,1.5,13.0,16.0,73.0,3.0,,2.0,《优质稻谷》,False,,443,Middle-Lower Yangtze,Single/Mid,Three-line hybrid,Unknown,0,1.0,,True,False,False
3823,荃9优063,国审稻20176043,2017.0,国审,,True,True,False,籼,中稻,长江中下游中籼迟熟组,659.7,4.8,丰两优四号,574.0,3.2,134.7,,118.8,14.7,23.9,205.4,85.0,26.9,,,,中感稻瘟病,5.0,中感白叶枯病,9.0,抽穗期耐热性较强,,55.3,1.6,17.5,21.5,62.0,3.2,,2.0,《优质稻谷》,False,,452,Middle-Lower Yangtze,Single/Mid,Three-line hybrid,Unknown,0,1.0,,True,False,False
5479,Y两优8517,国审稻20176044,2017.0,国审,,True,False,True,籼,中稻,长江中下游中籼迟熟组,675.0,,丰两优四号,622.4,2.41,134.1,,117.9,15.8,25.8,229.4,81.2,24.4,,,,中感稻瘟病,5.0,中感白叶枯病,9.0,抽穗期耐热性3级,,63.2,4.9,33.3,20.2,68.7,3.0,,,,False,,468,Middle-Lower Yangtze,Single/Mid,Two-line hybrid,Unknown,0,,,True,False,False
5578,荟丰优3518,国审稻20176045,2017.0,国审,,True,True,False,籼,中稻,长江中下游中籼迟熟组,679.39,,丰两优四号,618.63,1.79,139.0,,120.5,15.0,25.6,201.6,81.1,29.5,3.55,4.0,,中感稻瘟病,9.0,高感白叶枯病,5.0,抽穗期耐热性5级,,52.5,4.0,21.0,17.3,58.0,3.2,,3.0,国标,False,,474,Middle-Lower Yangtze,Single/Mid,Three-line hybrid,Unknown,0,0.0,,True,False,False
7171,金谷优3301,国审稻20176046,2017.0,国审,,True,True,False,籼,中稻,长江中下游中籼迟熟组,677.28,5.85,丰两优四号,626.18,3.03,137.8,,120.0,15.7,23.3,229.5,82.0,25.6,,,,感稻瘟病,7.0,感白叶枯病,9.0,抽穗期耐热性5级,,60.7,5.5,26.7,21.6,72.0,3.0,,,,False,,466,Middle-Lower Yangtze,Single/Mid,Three-line hybrid,Unknown,0,,,True,False,False
2114,N两优1998,国审稻20176047,2017.0,国审,,True,False,True,籼,中稻,长江中下游中籼迟熟组,685.64,,丰两优四号,644.13,5.57,139.1,0.1,118.2,15.1,27.2,230.4,83.7,24.5,,,,高感稻瘟病,5.0,中感白叶枯病,9.0,,,64.0,1.4,11.0,16.5,84.0,3.1,,2.0,《优质稻谷》,False,,438,Middle-Lower Yangtze,Single/Mid,Two-line hybrid,Unknown,0,1.0,,True,False,False
3675,望两优909,国审稻20176048,2017.0,国审,,True,False,True,籼,中稻,长江中下游中籼迟熟组,684.58,,丰两优四号,640.65,5.0,141.9,2.9,118.2,14.3,26.3,245.8,80.9,25.9,,,,高感稻瘟病,5.0,中感白叶枯病,9.0,,,62.8,0.8,8.0,15.9,85.0,3.2,,3.0,《优质稻谷》,False,,433,Middle-Lower Yangtze,Single/Mid,Two-line hybrid,Unknown,0,0.0,,True,False,False
4096,川优5727,国审稻20176049,2017.0,国审,,True,True,False,籼,中稻,长江中下游中籼迟熟组,627.1,,丰两优四号,572.8,0.5,135.0,,111.3,14.2,24.8,176.1,85.4,30.7,,,,中感稻瘟病,7.0,感白叶枯病,9.0,,,61.6,4.9,21.0,15.9,57.0,3.5,,3.0,《优质稻谷》,False,,429,Middle-Lower Yangtze,Single/Mid,Three-line hybrid,Unknown,0,0.0,,True,False,False
5518,川种优3263,国审稻20176050,2017.0,国审,,True,True,False,籼,中稻,长江中下游中籼迟熟组,648.2,,丰两优四号,586.4,3.1,134.0,,125.7,14.5,28.0,193.1,82.1,29.7,,,,感稻瘟病,7.0,感白叶枯病,7.0,,,56.4,10.2,44.0,20.8,34.0,3.2,,,,False,,414,Middle-Lower Yangtze,Single/Mid,Three-line hybrid,Unknown,0,,,True,False,False
6154,华两优284,国审稻20176051,2017.0,国审,,True,False,True,籼,中稻,长江中下游中籼迟熟组,643.1,,丰两优四号,605.8,6.4,135.0,,130.2,14.5,26.7,191.3,85.2,30.9,,,,感稻瘟病,3.0,中抗白叶枯病,9.0,,,50.0,10.9,41.0,20.8,51.0,3.1,,,,False,,415,Middle-Lower Yangtze,Single/Mid,Two-line hybrid,Unknown,0,,,True,False,False
5290,Y两优143,国审稻20176052,2017.0,国审,,True,False,True,籼,中稻,长江中下游中籼迟熟组,660.8,,丰两优四号,632.13,8.49,140.6,0.7,122.0,15.5,27.9,202.6,83.8,27.7,,,,感稻瘟病,5.0,感白叶枯病,7.0,,,,8.6,34.5,14.0,79.0,3.2,,,,False,,420,Middle-Lower Yangtze,Single/Mid,Two-line hybrid,Unknown,0,,,True,False,False
4223,源两优1562,国审稻20176053,2017.0,国审,,True,False,True,籼,中稻,长江中下游中籼迟熟组,673.22,,丰两优四号,623.16,6.95,141.7,1.8,118.5,15.0,26.1,207.6,84.0,27.5,,,,中抗稻瘟病,5.0,感白叶枯病,7.0,,,,11.9,45.0,18.1,59.0,3.2,,,,False,,419,Middle-Lower Yangtze,Single/Mid,Two-line hybrid,Unknown,0,,,False,False,False
3913,隆两优晶占,国审稻20176054,2017.0,国审,,True,False,True,籼,中稻,长江中下游中籼迟熟组,630.3,,丰两优四号,590.0,4.8,138.5,2.3,127.9,14.7,25.5,212.6,84.3,25.5,,,,高感稻瘟病,5.0,中感白叶枯病,9.0,,,57.1,2.6,13.0,15.0,87.0,3.4,,3.0,《优质稻谷》,False,,429,Middle-Lower Yangtze,Single/Mid,Two-line hybrid,Unknown,0,0.0,,True,False,False
3918,晶两优3189,国审稻20176055,2017.0,国审,,True,False,True,籼,中稻,长江中下游中籼迟熟组,620.4,,丰两优四号,585.0,4.0,135.8,1.5,123.0,15.2,25.0,179.7,85.3,28.3,,,,中感稻瘟病,5.0,中感白叶枯病,9.0,,,66.2,4.6,18.0,15.2,57.0,2.9,,3.0,《优质稻谷》,False,,431,Middle-Lower Yangtze,Single/Mid,Two-line hybrid,Unknown,0,0.0,,True,False,False
5919,深两优841,国审稻20176056,2017.0,国审,,True,False,True,籼,中稻,长江中下游中籼迟熟组,625.0,,丰两优四号,596.2,5.8,137.8,1.9,119.2,16.1,25.6,173.1,84.3,27.3,,,,高感稻瘟病,5.0,中感白叶枯病,7.0,,,59.7,4.1,16.0,13.5,74.0,3.4,,,,False,,415,Middle-Lower Yangtze,Single/Mid,Two-line hybrid,Unknown,0,,,True,False,False
3689,隆两优608,国审稻20176057,2017.0,国审,,True,False,True,籼,中稻,长江中下游中籼迟熟组,626.2,,丰两优四号,606.8,7.7,136.1,0.2,122.5,14.4,25.8,195.3,83.3,28.8,,,,高感稻瘟病,7.0,感白叶枯病,7.0,,,58.4,4.2,15.0,14.2,87.0,3.1,,,,False,,413,Middle-Lower Yangtze,Single/Mid,Two-line hybrid,Unknown,0,,,True,False,False
5142,隆两优987,国审稻20176059,2017.0,国审,,True,False,True,籼,中稻,长江中下游中籼迟熟组,645.7,,丰两优四号,632.1,12.2,137.7,3.4,127.2,15.0,25.6,191.7,84.3,29.2,,,,高感稻瘟病,7.0,感白叶枯病,9.0,,,63.4,4.4,24.0,13.2,83.0,3.2,,,,False,,415,Middle-Lower Yangtze,Single/Mid,Two-line hybrid,Unknown,0,,,True,False,False
6758,隆两优301,国审稻20176060,2017.0,国审,,True,False,True,籼,中稻,长江中下游中籼迟熟组,629.5,,丰两优四号,599.1,6.4,138.1,2.1,129.8,13.9,25.7,190.5,85.3,29.3,,,,中感稻瘟病,7.0,感白叶枯病,7.0,,,59.1,3.6,14.0,13.0,83.0,3.0,,,,False,,414,Middle-Lower Yangtze,Single/Mid,Two-line hybrid,Unknown,0,,,True,False,False
7118,E两优186,国审稻20176061,2017.0,国审,,True,False,True,籼,中稻,长江中下游中籼迟熟组,632.2,,丰两优四号,604.4,7.4,135.7,1.7,126.0,15.5,25.1,164.5,84.7,31.1,,,,中感稻瘟病,1.0,抗白叶枯病,7.0,,,64.3,3.6,21.0,15.0,76.0,3.3,,3.0,《优质稻谷》,False,,426,Middle-Lower Yangtze,Single/Mid,Two-line hybrid,Unknown,0,0.0,,True,False,False
5062,荃优金10,国审稻20176062,2017.0,国审,,True,True,False,籼,中稻,长江中下游中籼迟熟组,625.3,,丰两优四号,588.8,4.6,132.4,-1.6,123.1,15.3,25.3,196.0,84.4,27.1,,,,感稻瘟病,7.0,感白叶枯病,7.0,,,64.4,4.8,16.0,15.7,76.0,3.1,,3.0,《优质稻谷》,False,,428,Middle-Lower Yangtze,Single/Mid,Three-line hybrid,Unknown,0,0.0,,True,False,False
6933,隆两优837,国审稻20176064,2017.0,国审,,True,False,True,籼,中稻,长江中下游中籼迟熟组,647.3,,丰两优四号,598.5,1.4,137.2,3.5,131.0,14.8,26.3,206.0,81.5,27.6,,,,中抗稻瘟病,7.0,感白叶枯病,9.0,,,64.1,3.1,11.0,13.7,76.0,3.1,,,,False,,416,Middle-Lower Yangtze,Single/Mid,Two-line hybrid,Unknown,0,,,False,False,False
3406,隆两优1308,国审稻20176065,2017.0,国审,,True,False,True,籼,中稻,长江中下游中籼迟熟组,653.6,,丰两优四号,597.2,2.7,137.2,3.9,131.3,14.9,26.5,191.4,84.7,28.1,,,,中抗稻瘟病,5.0,中感白叶枯病,9.0,,,61.4,2.6,10.0,13.5,63.0,3.1,,,,False,,418,Middle-Lower Yangtze,Single/Mid,Two-line hybrid,Unknown,0,,,False,False,False
3574,深两优3206,国审稻20176066,2017.0,国审,,True,False,True,籼,中稻,长江中下游中籼迟熟组,639.8,,丰两优四号,631.0,8.2,137.5,4.2,124.4,16.1,25.3,199.4,85.3,25.1,,,,高感稻瘟病,5.0,中感白叶枯病,9.0,,,62.6,4.1,15.0,13.5,57.0,3.0,,,,False,,415,Middle-Lower Yangtze,Single/Mid,Two-line hybrid,Unknown,0,,,True,False,False
335,隆两优1307,国审稻20176067,2017.0,国审,,True,False,True,籼,中稻,长江中下游中籼迟熟组,638.0,,丰两优四号,623.6,6.9,131.7,-1.7,119.9,14.1,26.0,199.0,86.8,28.1,,,,感稻瘟病,5.0,中感白叶枯病,9.0,,,65.6,4.7,17.0,11.4,63.0,3.1,,,,False,,416,Middle-Lower Yangtze,Single/Mid,Two-line hybrid,Unknown,0,,,True,False,False
4332,隆两优248,国审稻20176068,2017.0,国审,,True,False,True,籼,中稻,长江中下游中籼迟熟组,631.8,,丰两优四号,642.7,10.2,135.8,2.5,126.1,15.4,24.7,173.9,86.7,29.0,,,,中抗稻瘟病,7.0,感白叶枯病,9.0,,,64.8,5.8,25.0,13.7,70.0,3.2,,,,False,,415,Middle-Lower Yangtze,Single/Mid,Two-line hybrid,Unknown,0,,,False,False,False
3645,梦两优华占,国审稻20176069,2017.0,国审,,True,False,True,籼,中稻,长江中下游中籼迟熟组,706.2,4.6,,601.2,10.9,133.3,-1.7,114.5,17.9,24.0,188.0,88.6,22.8,,,,感稻瘟病,7.0,感白叶枯病,9.0,,,64.2,9.4,26.0,13.0,72.0,3.2,,,,False,,414,Middle-Lower Yangtze,Single/Mid,Two-line hybrid,Unknown,0,,,True,False,False
1231,梦两优黄莉占,国审稻20176070,2017.0,国审,,True,False,True,籼,中稻,长江中下游中籼迟熟组,690.6,3.1,,598.4,8.1,134.4,-0.4,120.1,16.3,24.1,196.2,88.8,23.9,,,,感稻瘟病,7.0,感白叶枯病,9.0,,,62.0,9.8,28.0,13.0,70.0,3.3,,,,False,,413,Middle-Lower Yangtze,Single/Mid,Two-line hybrid,Unknown,0,,,True,False,False
4048,晶两优华占,国审稻20176071,2017.0,国审,,True,False,True,籼,中稻,长江中下游中籼迟熟组,713.1,5.9,,,11.4,138.5,1.2,115.5,15.8,25.2,200.4,85.5,22.8,,,,中抗稻瘟病,7.0,感白叶枯病,7.0,,,66.4,3.0,13.0,14.1,81.0,3.1,,,,False,,400,Middle-Lower Yangtze,Single/Mid,Two-line hybrid,Unknown,0,,,False,False,False
7189,隆两优1353,国审稻20176072,2017.0,国审,,True,False,True,籼,中稻,长江中下游中籼迟熟组,673.5,1.2,,,4.9,139.7,2.3,124.1,16.2,24.0,199.5,87.2,23.7,,,,中感稻瘟病,5.0,中感白叶枯病,9.0,,,55.3,4.6,20.0,15.1,78.0,3.1,,3.0,《优质稻谷》,False,,423,Middle-Lower Yangtze,Single/Mid,Two-line hybrid,Unknown,0,0.0,,True,False,False
4629,隆两优2010,国审稻20176073,2017.0,国审,,True,False,True,籼,中稻,长江中下游中籼迟熟组,713.5,7.0,,,7.4,137.4,0.1,124.7,14.4,26.5,197.9,86.8,29.7,,,,高感稻瘟病,7.0,感白叶枯病,7.0,,,63.3,9.0,31.3,13.7,79.0,3.1,,,,False,,408,Middle-Lower Yangtze,Single/Mid,Two-line hybrid,Unknown,0,,,True,False,False
6380,常两优18,国审稻20176074,2017.0,国审,,True,False,True,籼,中稻,长江中下游中籼迟熟组,698.9,4.1,,,2.4,137.0,-0.3,119.2,16.1,23.1,227.3,84.0,22.7,,,,高感稻瘟病,7.0,感白叶枯病,7.0,,,64.2,11.5,41.7,20.8,44.0,3.1,,,,False,,409,Middle-Lower Yangtze,Single/Mid,Two-line hybrid,Unknown,0,,,True,False,False
4417,简两优黄莉占,国审稻20176075,2017.0,国审,,True,False,True,籼,中稻,长江中下游中籼迟熟组,667.4,0.8,,,3.3,134.4,-3.1,120.5,16.9,23.9,187.4,87.9,24.1,,,,中感稻瘟病,5.0,中感白叶枯病,9.0,,,52.0,4.7,18.0,15.2,86.0,3.4,,3.0,《优质稻谷》,False,,425,Middle-Lower Yangtze,Single/Mid,Two-line hybrid,Unknown,0,0.0,,True,False,False
5587,徽两优华占,国审稻20176076,2017.0,国审,,True,False,True,籼,中稻,长江中下游中籼迟熟组,660.4,3.0,丰两优四号,658.86,4.58,135.7,-1.4,118.3,15.9,25.1,208.0,81.7,26.5,4.7,4.7,,高感稻瘟病,7.0,感白叶枯病,9.0,,,60.2,12.1,35.7,13.0,77.8,3.3,,,,False,,420,Middle-Lower Yangtze,Single/Mid,Two-line hybrid,Unknown,0,,,True,False,False
6488,荃优028,国审稻20176077,2017.0,国审,,True,True,False,籼,中稻,长江中下游中籼迟熟绿色通道组,678.24,5.63,丰两优四号,653.47,3.73,136.3,-0.8,120.7,15.6,26.0,204.4,82.6,27.7,5.1,5.1,,高感稻瘟病,7.0,感白叶枯病,9.0,,,53.8,12.4,40.7,14.6,75.8,3.1,,,,False,,423,Middle-Lower Yangtze,Single/Mid,Three-line hybrid,Unknown,0,,,True,False,False
4426,C两优259,国审稻20176078,2017.0,国审,,True,False,True,籼,中稻,长江中下游中籼迟熟组,661.82,3.23,丰两优四号,649.37,3.08,136.7,-0.4,113.5,17.3,24.4,194.5,85.8,23.9,3.5,3.5,,中感稻瘟病,5.0,中感白叶枯病,9.0,抽穗期耐热性较强,,64.1,8.8,29.3,13.4,71.2,3.2,,,,False,,432,Middle-Lower Yangtze,Single/Mid,Two-line hybrid,Unknown,0,,,True,False,False
3693,荃优33,国审稻20176079,2017.0,国审,,True,True,False,籼,中稻,长江中下游中籼迟熟组,687.84,7.2,丰两优四号,640.55,1.68,135.3,-1.9,117.9,16.7,25.0,197.6,86.4,26.1,4.5,4.5,,高感稻瘟病,7.0,感白叶枯病,9.0,抽穗期耐热性一般,,57.9,9.0,29.3,15.0,72.0,3.2,,,,False,,429,Middle-Lower Yangtze,Single/Mid,Three-line hybrid,Unknown,0,,,True,False,False
4608,创两优华占,国审稻20176080,2017.0,国审,,True,False,True,籼,中稻,长江中下游中籼迟熟组,673.6,5.4,丰两优四号,640.01,1.6,135.9,-2.3,111.5,17.9,23.6,204.1,81.6,22.8,3.6,3.6,,中感稻瘟病,7.0,感白叶枯病,9.0,,,64.1,8.7,27.2,14.1,80.7,3.3,,,,False,,417,Middle-Lower Yangtze,Single/Mid,Two-line hybrid,Unknown,0,,,True,False,False
5012,创两优0861,国审稻20176081,2017.0,国审,,True,False,True,籼,中稻,长江中下游中籼迟熟组,669.89,4.81,丰两优四号,647.0,2.59,135.8,-2.4,112.6,16.7,23.5,212.1,81.1,24.6,3.6,3.6,,中感稻瘟病,7.0,感白叶枯病,9.0,,,61.2,10.4,30.6,14.1,83.0,3.2,,,,False,,419,Middle-Lower Yangtze,Single/Mid,Two-line hybrid,Unknown,0,,,True,False,False
4179,创两优33,国审稻20176082,2017.0,国审,,True,False,True,籼,中稻,长江中下游中籼迟熟组,659.24,4.94,丰两优四号,592.67,6.76,134.3,-2.6,110.6,17.6,22.9,206.4,85.0,22.4,6.3,6.3,,高感稻瘟病,7.0,感白叶枯病,9.0,,,55.3,10.7,31.0,14.6,73.0,3.3,,,,False,,421,Middle-Lower Yangtze,Single/Mid,Two-line hybrid,Unknown,0,,,True,False,False
6667,创两优298,国审稻20176083,2017.0,国审,,True,False,True,籼,中稻,长江中下游中籼迟熟组,724.7,8.3,丰两优四号,610.53,10.3,135.7,0.6,119.5,15.9,24.1,216.5,84.6,23.6,5.1,5.1,,高感稻瘟病,7.0,感白叶枯病,9.0,,,62.9,10.3,30.0,13.8,76.0,3.2,,,,False,,418,Middle-Lower Yangtze,Single/Mid,Two-line hybrid,Unknown,0,,,True,False,False
4347,科两优1号,国审稻20176084,2017.0,国审,,True,False,True,籼,中稻,长江中下游中籼迟熟组,661.0,,丰两优四号,621.0,6.58,142.1,2.3,120.9,15.8,25.2,187.6,85.8,29.1,,,,中感稻瘟病,5.0,中感白叶枯病,9.0,,,,6.6,31.0,13.7,80.0,3.2,,,,False,,418,Middle-Lower Yangtze,Single/Mid,Two-line hybrid,Unknown,0,,,True,False,False
4626,科两优10号,国审稻20176085,2017.0,国审,,True,False,True,籼,中稻,长江中下游中籼迟熟组,664.88,,丰两优四号,605.67,4.4,141.7,1.9,123.2,16.7,24.0,192.2,85.1,26.4,,,,感稻瘟病,5.0,中感白叶枯病,8.0,,,,9.35,42.5,14.2,77.5,3.0,,,,False,,424,Middle-Lower Yangtze,Single/Mid,Two-line hybrid,Unknown,0,,,True,False,False
7519,锦两优1212,国审稻20176086,2017.0,国审,,True,False,True,籼,双季,长江中下游双季晚籼早熟组,594.4,,五优308,582.9,3.9,118.7,-0.7,102.8,19.8,21.9,150.6,83.9,26.2,,,,感稻瘟病,5.0,中感白叶枯病,9.0,,,67.4,4.9,19.0,21.7,50.0,3.3,,3.0,《优质稻谷》,False,,432,Middle-Lower Yangtze,Late,Two-line hybrid,Unknown,0,0.0,,True,False,False
4737,隆优丝占,国审稻20176087,2017.0,国审,,True,True,False,籼,双季,长江中下游双季晚籼早熟组,666.04,3.88,五优308,,2.68,117.8,-1.5,104.3,22.3,22.3,161.2,78.1,24.6,,,,中感稻瘟病,9.0,高感白叶枯病,9.0,,,64.6,4.0,14.0,15.8,62.0,3.3,,3.0,《优质稻谷》,False,,434,Middle-Lower Yangtze,Late,Three-line hybrid,Unknown,0,0.0,,True,False,False
6136,早丰优6101,国审稻20176088,2017.0,国审,,True,True,False,籼,晚稻,长江中下游晚籼早熟组,596.28,,五优308,553.84,0.75,117.3,,106.6,20.3,21.8,141.8,82.8,28.4,,,,感稻瘟病,9.0,高感白叶枯病,9.0,,耐冷性较弱,53.3,3.4,25.7,19.4,79.3,3.3,,3.0,国标,False,,483,Middle-Lower Yangtze,Late,Three-line hybrid,Unknown,0,0.0,,True,False,False
6381,五丰优521,国审稻20176089,2017.0,国审,,True,True,False,籼,晚稻,长江中下游晚籼早熟组,593.11,,五优308,572.18,4.08,118.8,,106.3,19.5,22.2,176.9,82.9,23.6,,,,感稻瘟病,7.0,感白叶枯病,9.0,,耐冷性中等,67.8,1.5,9.0,15.3,77.3,3.0,,3.0,国标,False,,472,Middle-Lower Yangtze,Late,Three-line hybrid,Unknown,0,0.0,,True,False,False
3702,泰丰优736,国审稻20176090,2017.0,国审,,True,True,False,籼,晚稻,长江中下游晚籼早熟组,595.78,,五优308,562.16,2.26,119.1,,102.3,23.3,21.4,148.0,80.0,23.4,,,,中感稻瘟病,7.0,感白叶枯病,9.0,,耐冷性中等,43.6,1.0,6.3,15.9,83.7,3.7,,,,False,,472,Middle-Lower Yangtze,Late,Three-line hybrid,Unknown,0,,,True,False,False
7697,五优311,国审稻20176091,2017.0,国审,,True,True,False,籼,双季,长江中下游晚籼早熟组,603.83,4.05,五优308,565.24,3.53,118.8,-0.5,103.5,25.3,21.9,163.3,80.0,24.2,4.2,4.2,,感稻瘟病,5.0,中感白叶枯病,8.0,,耐冷性中等,58.1,6.8,28.3,14.8,74.2,2.9,,,,False,,429,Middle-Lower Yangtze,Late,Three-line hybrid,Unknown,0,,,True,False,False
5493,隆晶优534,国审稻20176092,2017.0,国审,,True,True,False,籼,双季,长江中下游双季晚籼中迟熟组,584.5,,天优华占,573.6,0.2,122.3,0.4,104.2,20.3,22.4,152.3,83.0,24.8,,,,中感稻瘟病,7.0,感白叶枯病,9.0,,,63.0,3.6,17.0,15.6,52.0,3.4,,3.0,《优质稻谷》,False,,428,Middle-Lower Yangtze,Late,Three-line hybrid,Unknown,0,0.0,,True,False,False
3665,隆晶优1212,国审稻20176093,2017.0,国审,,True,True,False,籼,双季,长江中下游双季晚籼中迟熟组,575.9,,天优华占,576.4,0.7,121.9,-0.1,102.8,19.2,23.0,150.8,83.8,25.9,,,,中感稻瘟病,7.0,感白叶枯病,9.0,,,61.1,3.1,16.0,15.7,52.0,3.4,,3.0,《优质稻谷》,False,,429,Middle-Lower Yangtze,Late,Three-line hybrid,Unknown,0,0.0,,True,False,False
6082,奥优83,国审稻20176094,2017.0,国审,,True,False,True,籼,中稻,长江上游中籼迟熟组,,,F优498,645.58,6.5,150.0,-0.7,,,,,,,,,,感稻瘟病,,,7.0,,,,,,,62.0,2.8,,3.0,国标,False,,340,Upper Yangtze,Single/Mid,Two-line hybrid,Unknown,0,0.0,,True,False,False
5930,奥龙优282,国审稻20176095,2017.0,国审,,True,False,True,籼,中稻,长江上游中籼迟熟组,,,F优498,625.34,3.0,150.4,-0.3,,,,,,,,,,感稻瘟病,,,5.0,,,,,,,61.0,3.1,,2.0,国标,False,,343,Upper Yangtze,Single/Mid,Two-line hybrid,Unknown,0,1.0,,True,False,False
7716,中南优1号,国审稻20176096,2017.0,国审,,True,True,False,籼,中稻,长江中下游中籼迟熟组,,,丰两优四号,,,136.5,-0.5,121.6,14.3,25.1,211.9,80.0,27.7,6.2,6.2,,高感稻瘟病,5.0,抗白叶枯病,9.0,抽穗期耐热性较强,,57.05,4.0,27.5,17.65,67.0,3.3,6.6,3.0,,False,,432,Middle-Lower Yangtze,Single/Mid,Three-line hybrid,Unknown,0,0.0,,True,False,False
4817,隆两优3189,国审稻20176097,2017.0,国审,,True,False,True,籼,中稻,长江中下游中籼迟熟组,633.2,5.1,丰两优四号,666.2,2.8,137.9,1.9,128.9,14.4,24.4,,84.3,28.9,,,,中感稻瘟病,7.0,感白叶枯病,7.0,,,62.3,5.8,21.0,13.8,81.0,2.9,,,,False,,387,Middle-Lower Yangtze,Single/Mid,Two-line hybrid,Unknown,0,,,True,False,False
4963,川种优369,国审稻20180001,2018.0,国审,,True,True,False,籼,双季,华南早籼组,503.59,1.52,天优华占,544.71,7.0,126.7,3.8,109.3,17.0,25.1,149.2,81.8,25.7,,,,中感稻瘟病,1.0,抗白叶枯病,,,,49.2,2.7,26.0,14.8,82.0,3.2,,,,False,,413,South China,Early,Three-line hybrid,Unknown,0,,,True,False,False
4856,隆晶优534,国审稻20180002,2018.0,国审,,True,True,False,籼,双季,华南早籼组,510.82,2.71,天优华占,533.1,4.55,124.3,1.2,105.3,17.4,23.1,147.6,88.5,24.0,,,,中抗稻瘟病,7.0,感白叶枯病,,,,60.0,0.5,3.0,13.9,82.0,3.3,,2.0,《食用稻品种品质》,False,,435,South China,Early,Three-line hybrid,Unknown,0,1.0,,False,False,False
6413,玖两优475,国审稻20180003,2018.0,国审,,True,False,True,籼,双季,华南早籼组,516.42,4.11,天优华占,536.48,4.94,124.8,1.9,110.0,15.1,23.0,153.6,88.0,27.3,,,,感稻瘟病,7.0,感白叶枯病,,,,55.2,6.0,38.0,21.5,50.0,3.0,,,,False,,410,South China,Early,Two-line hybrid,Unknown,0,,,True,False,False
5920,创优华占,国审稻20180004,2018.0,国审,,True,True,False,籼,双季,华南早籼组,537.11,4.76,天优华占,537.35,4.92,124.9,0.8,112.2,17.8,21.5,152.2,86.5,25.0,,,5.0,中感稻瘟病,7.0,感白叶枯病,,,,54.1,7.0,42.0,22.0,67.0,3.1,,,,False,,409,South China,Early,Three-line hybrid,Unknown,0,,1.0,True,False,False
5804,金早239,国审稻20180005,2018.0,国审,,False,False,False,籼,双季,早籼早中熟组,518.67,4.87,中早35,500.91,3.63,113.6,,94.8,19.4,18.9,131.5,79.9,29.3,,,9.0,高感稻瘟病,,高感白叶枯病,,,,65.9,21.8,94.0,26.8,48.0,2.1,,,,False,,412,Other/Unspecified,Early,Inbred/Other,Unknown,0,,0.0,True,False,False
4320,陵两优171,国审稻20180006,2018.0,国审,,True,False,True,籼,双季,早籼迟熟组,529.74,4.66,陆两优996,539.42,2.22,113.0,,86.2,21.2,17.3,125.6,83.6,25.4,,,7.0,感稻瘟病,,感白叶枯病,,,,51.7,13.9,76.0,21.6,64.0,2.4,,,,False,,418,Other/Unspecified,Early,Two-line hybrid,Unknown,0,,0.0,True,False,False
6275,五丰优317,国审稻20180007,2018.0,国审,,True,True,False,籼,双季,早籼迟熟组,529.92,4.69,陆两优996,544.32,3.15,114.5,,88.0,20.9,19.8,136.5,82.6,24.7,,,9.0,高感稻瘟病,,感白叶枯病,,,,55.4,4.3,38.0,14.7,80.0,2.5,,,,False,,416,Other/Unspecified,Early,Three-line hybrid,Unknown,0,,0.0,True,False,False
4093,晶两优1206,国审稻20180008,2018.0,国审,,True,False,True,籼,中稻,长江上游中籼迟熟组,630.08,0.33,F优498,613.55,3.86,155.1,2.2,107.1,16.7,24.0,192.6,81.2,25.0,,,5.0,中感稻瘟病,,,9.0,抽穗期耐热性较强,耐冷性较弱,67.3,1.2,12.0,20.1,82.0,2.9,,2.0,《优质稻谷》,False,,461,Upper Yangtze,Single/Mid,Two-line hybrid,Unknown,0,1.0,1.0,True,False,False
5640,内6优103,国审稻20180009,2018.0,国审,,True,True,False,籼,中稻,长江上游中籼迟熟组,648.82,2.84,F优498,624.13,8.68,155.8,3.0,115.3,16.3,25.4,157.2,82.1,32.3,,,5.0,中感稻瘟病,,,9.0,抽穗期耐热性强,耐冷性中等,59.6,2.9,30.0,16.0,84.0,2.9,,2.0,《优质稻谷》,False,,436,Upper Yangtze,Single/Mid,Three-line hybrid,Unknown,0,1.0,1.0,True,False,False
4992,内6优107,国审稻20180010,2018.0,国审,,True,True,False,籼,中稻,长江上游中籼迟熟组,648.51,3.35,F优498,629.53,6.14,156.9,3.9,115.5,16.0,25.8,164.8,81.4,31.9,,,5.0,中感稻瘟病,,,9.0,抽穗期耐热性强,耐冷性较弱,61.2,1.8,18.0,16.2,80.0,2.9,,2.0,《优质稻谷》,False,,456,Upper Yangtze,Single/Mid,Three-line hybrid,Unknown,0,1.0,1.0,True,False,False
5889,荃优527,国审稻20180011,2018.0,国审,,True,True,False,籼,中稻,长江上游中籼迟熟组,652.36,3.88,F优498,635.16,6.6,153.1,0.3,111.1,14.6,25.2,174.5,83.6,33.0,,,7.0,感稻瘟病,,,9.0,抽穗期耐热性较强,耐冷性较弱,52.8,2.2,16.0,20.1,86.0,2.9,,3.0,《优质稻谷》,False,,440,Upper Yangtze,Single/Mid,Three-line hybrid,Unknown,0,0.0,0.0,True,False,False
3746,荃优丝苗,国审稻20180012,2018.0,国审,,True,True,False,籼,中稻,长江上游中籼迟熟组,637.38,1.58,F优498,626.96,9.43,153.6,0.6,108.3,15.3,24.0,198.1,82.1,27.2,,,5.0,中感稻瘟病,,,7.0,抽穗期耐热性较强,耐冷性较弱,66.1,1.1,8.0,17.2,78.0,3.0,,2.0,《优质稻谷》,False,,456,Upper Yangtze,Single/Mid,Three-line hybrid,Unknown,0,1.0,1.0,True,False,False
4304,神农优228,国审稻20180013,2018.0,国审,,True,True,False,籼,中稻,长江上游中籼迟熟组,651.15,3.45,F优498,610.54,2.68,155.3,0.2,117.2,17.1,24.2,203.5,80.7,24.2,,,7.0,感稻瘟病,,,9.0,抽穗期耐热性中等,耐冷性中等,64.3,1.9,16.0,17.6,82.0,3.0,,2.0,《优质稻谷》,False,,454,Upper Yangtze,Single/Mid,Three-line hybrid,Unknown,0,1.0,0.0,True,False,False
5240,双优573,国审稻20180014,2018.0,国审,,True,True,False,籼,中稻,长江上游中籼迟熟组,653.93,3.85,F优498,607.23,5.66,155.1,2.3,117.8,14.6,25.1,197.1,79.1,29.2,,,5.0,中感稻瘟病,,,9.0,抽穗期耐热性较强,耐冷性较弱,60.4,1.6,20.0,18.0,89.0,2.9,,2.0,《优质稻谷》,False,,456,Upper Yangtze,Single/Mid,Three-line hybrid,Unknown,0,1.0,1.0,True,False,False
3940,雅7优2117,国审稻20180015,2018.0,国审,,True,True,False,籼,中稻,长江上游中籼迟熟组,636.05,0.32,F优498,616.21,3.9,155.2,2.7,118.7,15.0,25.8,211.4,75.7,27.6,,,7.0,感稻瘟病,,,9.0,抽穗期耐热性较强,耐冷性较弱,73.0,1.0,13.0,19.9,88.0,3.2,,1.0,《优质稻谷》,False,,453,Upper Yangtze,Single/Mid,Three-line hybrid,Unknown,0,1.0,0.0,True,False,False
7259,旌康优1号,国审稻20180016,2018.0,国审,,True,True,False,籼,中稻,长江上游中籼迟熟组,673.88,5.61,F优498,633.75,7.22,153.1,0.3,116.3,14.4,25.0,193.6,85.5,30.2,,,5.0,中感稻瘟病,,,9.0,抽穗期耐热性较强,耐冷性较弱,51.8,11.1,58.0,22.1,75.0,3.0,,,,False,,425,Upper Yangtze,Single/Mid,Three-line hybrid,Unknown,0,,1.0,True,False,False
6818,蓉7优2117,国审稻20180017,2018.0,国审,,True,True,False,籼,中稻,长江上游中籼迟熟组,672.25,5.82,F优498,606.66,6.51,152.0,-0.3,118.0,15.3,25.1,212.8,82.2,26.4,,,7.0,感稻瘟病,,,9.0,抽穗期耐热性较强,耐冷性较弱,51.1,7.0,20.0,15.5,67.0,3.0,,,,False,,423,Upper Yangtze,Single/Mid,Three-line hybrid,Unknown,0,,0.0,True,False,False
4081,旺两优958,国审稻20180018,2018.0,国审,,True,False,True,籼,中稻,长江上游中籼迟熟组,667.43,4.4,F优498,613.17,7.5,154.4,1.5,103.2,17.1,23.8,183.7,82.4,25.9,,,7.0,感稻瘟病,,,9.0,抽穗期耐热性较强,耐冷性较弱,57.8,3.8,30.0,15.6,81.0,3.0,,3.0,《优质稻谷》,False,,457,Upper Yangtze,Single/Mid,Two-line hybrid,Unknown,0,0.0,0.0,True,False,False
6892,红两优216,国审稻20180019,2018.0,国审,,True,False,True,籼,中稻,长江中下游中籼迟熟组,654.03,4.99,丰两优四号,600.39,5.43,136.8,,123.3,14.4,25.1,220.3,80.6,26.9,,,9.0,高感稻瘟病,,中感白叶枯病,,抽穗期耐热性较强,,69.8,1.7,8.0,15.2,78.0,2.9,,3.0,《优质稻谷》,False,,453,Middle-Lower Yangtze,Single/Mid,Two-line hybrid,Unknown,0,0.0,0.0,True,False,False
7137,科两优168,国审稻20180021,2018.0,国审,,True,False,True,籼,中稻,长江中下游中籼迟熟组,659.43,5.85,丰两优四号,614.41,5.04,135.4,,130.9,14.0,25.6,206.4,83.9,28.6,,,7.0,感稻瘟病,,感白叶枯病,,抽穗期耐热性较强,,49.3,5.8,29.0,22.3,76.0,3.0,,,,False,,418,Middle-Lower Yangtze,Single/Mid,Two-line hybrid,Unknown,0,,0.0,True,False,False
4389,科两优9218,国审稻20180022,2018.0,国审,,True,False,True,籼,中稻,长江中下游中籼迟熟组,661.58,6.35,丰两优四号,605.82,6.59,141.0,,115.1,14.7,25.8,224.8,81.9,25.5,,,9.0,高感稻瘟病,,中感白叶枯病,,抽穗期耐热性中等,,62.4,3.5,14.0,14.9,81.0,2.8,,,,False,,419,Middle-Lower Yangtze,Single/Mid,Two-line hybrid,Unknown,0,,0.0,True,False,False
4326,徽两优2018,国审稻20180023,2018.0,国审,,True,False,True,籼,中稻,长江中下游中籼迟熟组,653.75,6.48,丰两优四号,628.68,3.49,135.0,,124.2,15.6,24.7,202.4,82.8,25.9,,,9.0,高感稻瘟病,,中感白叶枯病,,抽穗期耐热性较强,,60.0,9.8,52.0,21.4,83.0,3.0,,,,False,,423,Middle-Lower Yangtze,Single/Mid,Two-line hybrid,Unknown,0,,0.0,True,False,False
4936,安两优989,国审稻20180024,2018.0,国审,,True,False,True,籼,中稻,长江中下游中籼迟熟组,655.88,6.83,丰两优四号,641.99,6.35,136.1,,122.4,14.8,25.8,193.0,84.7,28.4,,,7.0,感稻瘟病,,中感白叶枯病,,抽穗期耐热性较强,,60.3,2.6,16.0,14.9,76.0,3.2,,2.0,《食用稻品种品质》,False,,440,Middle-Lower Yangtze,Single/Mid,Two-line hybrid,Unknown,0,1.0,0.0,True,False,False
1963,荃两优2118,国审稻20180025,2018.0,国审,,True,False,True,籼,中稻,长江中下游中籼迟熟组,645.18,5.09,丰两优4号,642.41,6.36,135.5,,115.3,15.6,23.5,202.0,82.9,25.1,,,5.0,中感稻瘟病,,中感白叶枯病,,抽穗期耐热性较强,,65.9,2.3,13.0,14.7,78.0,3.0,,2.0,《食用稻品种品质》,False,,444,Middle-Lower Yangtze,Single/Mid,Two-line hybrid,Unknown,0,1.0,1.0,True,False,False
4136,望两优1133,国审稻20180026,2018.0,国审,,True,False,True,籼,中稻,长江中下游中籼迟熟组,663.69,7.44,丰两优四号,626.92,6.93,137.0,,119.9,15.3,27.5,206.2,81.6,27.1,,,9.0,高感稻瘟病,,中感白叶枯病,,抽穗期耐热性较强,,51.7,5.3,34.0,15.4,84.0,3.2,,,,False,,420,Middle-Lower Yangtze,Single/Mid,Two-line hybrid,Unknown,0,,0.0,True,False,False
6436,扬两优228,国审稻20180027,2018.0,国审,,True,False,True,籼,中稻,长江中下游中籼迟熟组,657.06,6.24,丰两优四号,607.14,7.91,138.5,,120.2,15.5,25.6,199.9,80.5,27.6,,,7.0,感稻瘟病,,中感白叶枯病,,抽穗期耐热性弱,,58.1,1.1,10.0,14.2,84.0,3.1,,3.0,《食用稻品种品质》,False,,440,Middle-Lower Yangtze,Single/Mid,Two-line hybrid,Unknown,0,0.0,0.0,True,False,False
6541,源两优9567,国审稻20180028,2018.0,国审,,True,False,True,籼,中稻,长江中下游中籼迟熟组,629.6,1.69,丰两优四号,625.91,2.82,138.7,,120.4,16.0,24.4,211.5,80.0,24.4,,,3.0,中抗稻瘟病,,感白叶枯病,,,,56.5,3.8,19.0,21.0,66.0,3.0,,3.0,《优质稻谷》,False,,446,Middle-Lower Yangtze,Single/Mid,Two-line hybrid,Unknown,0,0.0,1.0,False,False,False
5180,C两优雅占,国审稻20180029,2018.0,国审,,True,False,True,籼,中稻,长江中下游中籼迟熟组,652.98,8.41,丰两优四号,629.2,8.05,135.9,,117.1,17.8,24.6,206.3,78.8,23.1,,,7.0,感稻瘟病,,,,抽穗期耐热性较强,,59.0,2.4,15.0,13.6,74.0,3.2,,,,False,,421,Middle-Lower Yangtze,Single/Mid,Two-line hybrid,Unknown,0,,0.0,True,False,False
5537,Y两优18,国审稻20180030,2018.0,国审,,True,False,True,籼,中稻,长江中下游中籼迟熟组,653.37,6.79,丰两优四号,602.3,8.01,136.5,,122.3,15.9,26.7,197.2,82.1,26.2,,,9.0,高感稻瘟病,,中感白叶枯病,,抽穗期耐热性较强,,63.6,4.1,34.0,14.2,67.0,3.0,,3.0,《食用稻品种品质》,False,,442,Middle-Lower Yangtze,Single/Mid,Two-line hybrid,Unknown,0,0.0,0.0,True,False,False
7565,和两优16,国审稻20180031,2018.0,国审,,True,False,True,籼,中稻,长江中下游中籼迟熟组,609.48,0.99,丰两优四号,609.24,0.07,136.5,,123.5,18.1,26.2,173.2,86.7,22.7,,,7.0,感稻瘟病,,中感白叶枯病,,抽穗期耐热性较强,,56.2,2.2,15.0,15.7,68.0,3.3,,2.0,《食用稻品种品质》,False,,441,Middle-Lower Yangtze,Single/Mid,Two-line hybrid,Unknown,0,1.0,0.0,True,False,False
6593,两优531,国审稻20180032,2018.0,国审,,True,False,True,籼,中稻,长江中下游中籼迟熟组,642.98,7.32,丰两优四号,645.24,6.35,138.0,,129.1,14.9,25.2,213.9,81.1,26.1,,,5.0,中感稻瘟病,3.0,,9.0,抽穗期耐热性中等,,64.9,1.4,11.0,15.1,68.0,3.0,,3.0,《优质稻谷》,False,,454,Middle-Lower Yangtze,Single/Mid,Two-line hybrid,Unknown,0,0.0,1.0,True,False,False
6936,科两优826,国审稻20180033,2018.0,国审,,True,False,True,籼,中稻,长江中下游中籼迟熟组,647.32,5.97,丰两优四号,596.9,5.76,137.8,,139.4,15.5,24.1,233.7,80.3,23.7,,,7.0,感稻瘟病,,中感白叶枯病,,抽穗期耐热性较强,,55.6,2.4,14.0,13.8,68.0,3.2,,,,False,,418,Middle-Lower Yangtze,Single/Mid,Two-line hybrid,Unknown,0,,0.0,True,False,False
4840,丰两优七号,国审稻20180034,2018.0,国审,,True,False,True,籼,中稻,长江中下游中籼迟熟组,635.21,6.02,丰两优四号,634.59,4.61,138.2,,124.9,16.3,25.0,185.8,83.4,26.6,,,7.0,感稻瘟病,,中感白叶枯病,,抽穗期耐热性较强,,54.4,2.8,15.0,15.0,74.0,3.2,,3.0,《优质稻谷》,False,,453,Middle-Lower Yangtze,Single/Mid,Two-line hybrid,Unknown,0,0.0,0.0,True,False,False
4214,隆两优1318,国审稻20180035,2018.0,国审,,True,False,True,籼,中稻,长江中下游中籼迟熟组,644.34,7.54,丰两优四号,644.44,6.32,138.7,,122.9,17.0,24.2,181.4,83.9,26.2,,,3.0,中抗稻瘟病,,中感白叶枯病,,抽穗期耐热性中等,,53.0,0.9,6.0,13.8,78.0,3.1,,,,False,,421,Middle-Lower Yangtze,Single/Mid,Two-line hybrid,Unknown,0,,1.0,False,False,False
4941,荃优0861,国审稻20180037,2018.0,国审,,True,True,False,籼,中稻,长江中下游中籼迟熟组,648.22,8.19,丰两优四号,655.39,7.39,134.6,,127.1,14.8,26.4,195.3,84.2,28.0,,,5.0,中感稻瘟病,,中感白叶枯病,,抽穗期耐热性强,,58.8,2.3,11.0,14.6,79.0,3.2,,3.0,《食用稻品种品质》,False,,443,Middle-Lower Yangtze,Single/Mid,Three-line hybrid,Unknown,0,0.0,1.0,True,False,False
4190,荃优737,国审稻20180038,2018.0,国审,,True,True,False,籼,中稻,长江中下游中籼迟熟组,625.01,3.77,丰两优4号,604.09,3.84,133.8,,126.1,15.3,24.7,180.5,84.0,28.4,,,7.0,感稻瘟病,,感白叶枯病,,抽穗期耐热性强,,56.5,2.6,14.0,15.3,67.0,3.2,,2.0,《食用稻品种品质》,False,,441,Middle-Lower Yangtze,Single/Mid,Three-line hybrid,Unknown,0,1.0,0.0,True,False,False
5106,旺两优950,国审稻20180039,2018.0,国审,,True,False,True,籼,中稻,长江中下游中籼迟熟组,649.46,6.9,丰两优四号,628.77,4.41,136.7,,114.9,16.5,24.8,189.5,80.9,26.8,,,7.0,感稻瘟病,,中感白叶枯病,,抽穗期耐热性较强,,55.9,3.9,18.0,15.4,67.0,2.9,,3.0,《优质稻谷》,False,,455,Middle-Lower Yangtze,Single/Mid,Two-line hybrid,Unknown,0,0.0,0.0,True,False,False
6208,亚两优598,国审稻20180040,2018.0,国审,,True,False,True,籼,中稻,长江中下游中籼迟熟组,642.58,5.77,丰两优四号,633.56,3.92,133.3,,119.4,16.1,25.8,210.1,82.3,24.2,,,7.0,感稻瘟病,,中感白叶枯病,,抽穗期耐热性较弱,,51.6,0.6,2.0,12.6,76.0,3.3,,,,False,,421,Middle-Lower Yangtze,Single/Mid,Two-line hybrid,Unknown,0,,0.0,True,False,False
6138,扬两优309,国审稻20180041,2018.0,国审,,True,False,True,籼,中稻,长江中下游中籼迟熟组,631.66,5.43,丰两优四号,637.45,4.52,136.9,,129.8,15.0,25.9,198.9,83.1,28.5,,,7.0,感稻瘟病,,抗白叶枯病,,抽穗期耐热性中等,,54.2,3.1,21.0,13.2,79.0,3.1,,3.0,《食用稻品种品质》,False,,438,Middle-Lower Yangtze,Single/Mid,Two-line hybrid,Unknown,0,0.0,0.0,True,False,False
4077,荃早优丝苗,国审稻20180042,2018.0,国审,,True,True,False,籼,双季,晚籼早熟组,610.63,3.83,五优308,565.41,3.36,117.3,,98.5,22.7,21.0,158.3,82.3,24.4,,,5.0,中感稻瘟病,,中感白叶枯病,,,耐冷性中等,68.0,0.7,5.0,19.4,60.0,3.2,,1.0,《优质稻谷》,False,,445,Other/Unspecified,Late,Three-line hybrid,Unknown,0,1.0,1.0,True,False,False
5077,早优粤农丝苗,国审稻20180043,2018.0,国审,,True,True,False,籼,双季,晚籼早熟组,602.67,4.2,五优308,566.6,3.58,116.3,,96.5,22.0,20.8,151.8,83.8,25.0,,,5.0,中感稻瘟病,,感白叶枯病,,,耐冷性较弱,67.5,1.1,8.0,19.2,62.0,3.2,,2.0,《优质稻谷》,False,,442,Other/Unspecified,Late,Three-line hybrid,Unknown,0,1.0,1.0,True,False,False
4183,晶两优534,国审稻20180044,2018.0,国审,,True,False,True,籼,双季,华南感光晚籼组,484.16,5.22,博优998,461.86,10.23,111.5,,105.9,16.7,23.2,153.3,84.4,23.2,,,3.0,中抗稻瘟病,,感白叶枯病,,,,70.3,1.1,9.0,15.4,78.0,3.1,,3.0,《优质稻谷》,False,,440,South China,Late,Two-line hybrid,Unknown,0,0.0,1.0,False,False,False
5359,望两优华占,国审稻20180045,2018.0,国审,,True,False,True,籼,双季,华南感光晚籼组,488.08,6.07,博优998,446.62,7.13,109.9,,103.4,18.0,23.9,152.9,83.6,22.2,,,3.0,中抗稻瘟病,,感白叶枯病,,,,65.0,1.0,8.0,13.4,81.0,3.4,,,,False,,400,South China,Late,Two-line hybrid,Unknown,0,,1.0,False,False,False
6829,晶两优336,国审稻20180046,2018.0,国审,,True,False,True,籼,双季,华南感光晚籼组,476.09,3.49,博优998,445.53,6.98,112.6,,108.4,17.2,23.4,157.1,80.1,23.3,,,5.0,中感稻瘟病,,高感白叶枯病,,,,74.2,2.5,14.0,20.0,55.0,3.1,,2.0,《优质稻谷》,False,,442,South China,Late,Two-line hybrid,Unknown,0,1.0,1.0,True,False,False
6782,荃优金三,国审稻20180047,2018.0,国审,,True,True,False,籼,双季,华南感光晚籼组,472.27,2.66,博优998,433.93,3.89,113.8,,110.5,14.7,25.3,177.0,79.6,25.8,,,7.0,,,中感白叶枯病,,,,67.8,2.5,15.0,20.0,70.0,3.1,,2.0,《优质稻谷》,False,,434,South China,Late,Three-line hybrid,Unknown,0,1.0,0.0,False,False,False
6395,秀优71207,国审稻20180048,2018.0,国审,,True,True,False,粳,单季,单季晚粳组,671.31,6.37,嘉优5号,665.68,9.31,156.5,,111.3,14.1,19.5,241.5,85.6,25.9,,,5.0,中感稻瘟病,,中感白叶枯病,,,,66.8,3.0,20.0,15.8,69.0,2.0,,2.0,《优质稻谷》,False,,453,Other/Unspecified,Late,Three-line hybrid,Unknown,0,1.0,1.0,True,False,False
5332,甬优7872,国审稻20180049,2018.0,国审,,True,True,False,粳,单季,单季晚粳组,713.32,13.02,嘉优5号,655.8,7.69,156.0,,125.0,15.7,22.4,278.8,83.1,23.0,,,5.0,中感稻瘟病,,感白叶枯病,,,,72.9,2.9,18.0,15.8,75.0,2.3,,2.0,《优质稻谷》,False,,458,Other/Unspecified,Late,Three-line hybrid,Unknown,0,1.0,1.0,True,False,False
5692,隆两优黄莉占,国审稻20180050,2018.0,国审,,True,False,True,籼,中稻,武陵山区中籼组,632.72,,Ⅱ优264,588.32,4.28,148.8,0.7,120.0,17.2,23.7,180.3,85.0,25.8,2.15,2.3,,抗稻瘟病,,,,,耐冷性为敏感型,66.1,7.1,16.0,14.9,68.0,3.2,,,,False,,418,Wuling Mountains,Single/Mid,Two-line hybrid,Unknown,0,,,False,False,False
3611,神9优28,国审稻20180051,2018.0,国审,,True,True,False,籼,中稻,武陵山区中籼组,637.58,,Ⅱ优264,602.48,6.78,142.0,-6.1,113.5,16.7,24.6,191.4,85.7,24.8,3.25,4.0,,中感稻瘟病,,,,,耐冷性为中间型,61.9,5.1,16.0,16.0,57.0,3.2,,,,False,,417,Wuling Mountains,Single/Mid,Three-line hybrid,Unknown,0,,,True,False,False
6268,天隆粳71,国审稻20180052,2018.0,国审,,False,False,False,粳,,黄淮粳稻组,665.01,5.02,徐稻3号,654.94,4.33,156.2,,96.3,19.2,16.6,168.5,84.6,27.0,4.0,4.6,,中感稻瘟病,,,,,,68.0,4.5,21.3,17.0,65.0,,,3.0,《优质稻谷》,False,,405,North/Huanghuai,Single/Mid,Inbred/Other,Unknown,0,0.0,,True,False,False
6542,裕粳136,国审稻20180053,2018.0,国审,,False,False,False,粳,,黄淮粳稻组,640.1,1.65,徐稻3号,642.7,4.67,156.2,,103.6,21.2,16.6,146.2,87.7,24.7,,,5.0,中感稻瘟病,,,,,,67.9,2.4,12.0,16.8,71.0,1.8,,2.0,《优质稻谷》,False,,412,North/Huanghuai,Single/Mid,Inbred/Other,Unknown,0,1.0,1.0,True,False,False
3446,华粳9号,国审稻20180054,2018.0,国审,,False,False,False,粳,,黄淮粳稻组,662.36,7.39,徐稻3号,667.42,6.32,154.0,,99.2,20.4,16.6,157.0,88.2,24.9,,,5.0,中感稻瘟病,,,,,,71.0,4.4,26.0,16.3,60.0,2.1,,3.0,《食用稻品种品质》,False,,418,North/Huanghuai,Single/Mid,Inbred/Other,Unknown,0,0.0,1.0,True,False,False
5211,淮稻268,国审稻20180055,2018.0,国审,,False,False,False,粳,,黄淮粳稻组,650.27,5.74,徐稻3号,649.85,5.83,156.5,,103.8,22.6,16.5,149.1,87.3,24.5,,,5.0,中感稻瘟病,,,,,,70.6,3.8,17.7,16.5,71.0,1.9,,3.0,《食用稻品种品质》,False,,433,North/Huanghuai,Single/Mid,Inbred/Other,Unknown,0,0.0,1.0,True,False,False
4427,垦稻808,国审稻20180056,2018.0,国审,,False,False,False,粳,,黄淮粳稻组,659.13,6.56,徐稻3号,654.97,7.43,157.1,,99.7,21.4,17.2,146.7,90.3,25.1,,,5.0,中感稻瘟病,,,,,,72.5,3.9,19.3,15.5,77.0,1.8,,3.0,《食用稻品种品质》,False,,420,North/Huanghuai,Single/Mid,Inbred/Other,Unknown,0,0.0,1.0,True,False,False
4062,泗稻16号,国审稻20180057,2018.0,国审,,False,False,False,粳,,黄淮粳稻组,648.01,5.38,徐稻3号,657.37,7.06,156.2,,98.2,19.5,17.1,167.3,84.2,27.3,,,5.0,中感稻瘟病,,,,,,70.7,4.0,25.7,16.4,65.0,1.8,,3.0,《食用稻品种品质》,False,,420,North/Huanghuai,Single/Mid,Inbred/Other,Unknown,0,0.0,1.0,True,False,False
4513,徐稻10号,国审稻20180058,2018.0,国审,,False,False,False,粳,,黄淮粳稻组,655.93,6.04,徐稻3号,651.98,6.94,155.6,,98.6,21.0,18.9,140.8,87.1,28.5,,,3.0,中抗稻瘟病,,,,,,73.8,2.3,13.3,16.0,67.0,2.2,,3.0,《食用稻品种品质》,False,,424,North/Huanghuai,Single/Mid,Inbred/Other,Unknown,0,0.0,1.0,False,False,False
5013,中科盐1号,国审稻20180059,2018.0,国审,,False,False,False,粳,,国家黄淮粳稻组,,,徐稻3号,656.11,7.62,,,89.5,21.9,17.3,137.2,89.8,26.4,,,5.0,中感稻瘟病,,,,,,72.7,5.2,28.7,16.0,61.0,1.7,7.0,,,False,,510,North/Huanghuai,Single/Mid,Inbred/Other,Unknown,0,,1.0,True,False,False
6893,润农粳1号,国审稻20180060,2018.0,国审,,False,False,False,粳,,京津塘粳稻组,689.31,8.08,津原45,618.65,4.16,175.5,,115.3,23.6,16.6,137.2,89.5,25.9,,,3.0,中抗稻瘟病,,,,,,68.0,4.7,29.7,16.7,74.0,,,3.0,《优质稻谷》,False,,410,North/Huanghuai,Single/Mid,Inbred/Other,Unknown,0,0.0,1.0,False,False,False
4244,金粳818,国审稻20180061,2018.0,国审,,False,False,False,粳,,京津塘粳稻组,702.0,9.09,津原45,636.65,7.19,177.8,,107.1,24.0,15.4,120.9,90.7,28.1,,,5.0,中感稻瘟病,,,,,,72.7,1.6,9.3,16.0,70.0,1.7,,2.0,《食用稻品种品质》,False,,420,North/Huanghuai,Single/Mid,Inbred/Other,Unknown,0,1.0,1.0,True,False,False
6317,津原985,国审稻20180062,2018.0,国审,,False,False,False,粳,,京津塘粳稻组,691.49,7.46,津原45,648.85,9.24,170.7,,97.9,17.9,18.6,159.6,90.7,26.9,,,5.0,中感稻瘟病,,,,,,69.5,4.7,23.0,15.9,71.0,1.9,,3.0,《食用稻品种品质》,False,,416,North/Huanghuai,Single/Mid,Inbred/Other,Unknown,0,0.0,1.0,True,False,False
5670,天隆粳301,国审稻20180063,2018.0,国审,,False,False,False,粳,,中早粳稻晚熟组,662.27,0.93,津原85,590.2,5.76,160.9,,102.5,25.4,16.6,126.9,83.4,25.3,,,5.0,中感稻瘟病,,,,,,68.6,1.5,6.3,15.2,70.0,,,2.0,《优质稻谷》,False,,425,Other/Unspecified,Early,Inbred/Other,Unknown,0,1.0,1.0,True,False,False
5404,津粳优919,国审稻20180064,2018.0,国审,,True,True,False,粳,,中早粳晚熟组,717.88,12.12,津原85,639.5,14.6,161.8,,116.0,20.4,22.9,172.3,88.3,25.2,,,5.0,中感稻瘟病,,,,,,68.8,5.7,32.3,14.5,77.0,2.1,,,,False,,390,Other/Unspecified,Early,Three-line hybrid,Unknown,0,,1.0,True,False,False
6993,京粳3号,国审稻20180065,2018.0,国审,,False,False,False,粳,,中早粳稻晚熟组,669.93,4.63,津原85,579.65,3.87,162.0,,102.8,24.4,17.7,141.6,82.6,25.4,,,5.0,中感稻瘟病,,,,,,66.5,3.8,22.0,15.9,78.0,1.9,,3.0,《食用稻品种品质》,False,,417,Other/Unspecified,Early,Inbred/Other,Unknown,0,0.0,1.0,True,False,False
7073,吉农大1041,国审稻20180066,2018.0,国审,,False,False,False,粳,,中早粳中熟组,679.09,3.62,秋光,660.69,5.17,155.2,,101.6,30.9,18.0,130.1,84.2,21.9,,,3.0,中抗稻瘟病,,,,,,68.3,0.9,6.0,15.1,72.0,1.8,,1.0,《优质稻谷》,False,,392,Other/Unspecified,Early,Inbred/Other,Unknown,0,1.0,1.0,False,False,False
6735,沈稻529,国审稻20180067,2018.0,国审,,False,False,False,粳,,中早粳稻中熟组,674.41,2.91,秋光,638.65,1.66,156.1,,106.3,27.0,16.7,121.3,88.7,26.2,,,5.0,中感稻瘟病,,,,,,68.2,0.8,5.0,15.9,73.0,2.3,,1.0,《优质稻谷》,False,,391,Other/Unspecified,Early,Inbred/Other,Unknown,0,1.0,1.0,True,False,False
4553,天隆优649,国审稻20180068,2018.0,国审,,True,True,False,粳,,中早粳稻中熟组,706.52,7.81,秋光,658.25,4.78,150.7,,103.7,32.5,16.0,116.5,81.2,25.6,,,5.0,中感稻瘟病,,,,,,62.8,4.9,27.0,16.1,62.0,,,3.0,《优质稻谷》,False,,383,Other/Unspecified,Early,Three-line hybrid,Unknown,0,0.0,1.0,True,False,False
4367,吉洋100,国审稻20180069,2018.0,国审,,False,False,False,粳,,中早粳稻中熟组,689.63,5.6,秋光,667.28,6.22,152.6,,104.5,31.7,16.7,126.9,86.2,22.7,,,5.0,中感稻瘟病,,,,,,74.4,3.5,12.7,15.7,63.0,1.6,,3.0,《食用稻品种品质》,False,,399,Other/Unspecified,Early,Inbred/Other,Unknown,0,0.0,1.0,True,False,False
5480,沈稻505,国审稻20180070,2018.0,国审,,False,False,False,粳,,中早粳稻中熟组,694.04,6.28,秋光,664.85,5.83,156.1,,91.9,34.6,14.9,113.7,80.9,24.6,,,5.0,中感稻瘟病,,,,,,72.6,2.0,9.7,16.0,70.0,1.7,,2.0,《食用稻品种品质》,False,,400,Other/Unspecified,Early,Inbred/Other,Unknown,0,1.0,1.0,True,False,False
4148,中科发6号,国审稻20180071,2018.0,国审,,False,False,False,粳,,中早粳中熟组,679.78,4.1,秋光,643.64,2.45,152.6,,97.7,29.5,18.2,129.8,82.2,24.9,,,3.0,中抗稻瘟病,,,,,,71.2,1.6,8.0,15.2,70.0,2.6,7.0,2.0,《食用稻品种品质》,False,,423,Other/Unspecified,Early,Inbred/Other,Unknown,0,1.0,1.0,False,False,False
5385,吉大319,国审稻20180072,2018.0,国审,,False,False,False,粳,,早粳晚熟组,654.97,1.75,吉玉粳,613.08,7.72,151.4,,107.4,28.5,17.4,118.4,90.0,23.5,,,5.0,中感稻瘟病,,,,,,70.2,1.6,8.7,15.1,70.0,,,2.0,《优质稻谷》,False,,389,Other/Unspecified,Early,Inbred/Other,Unknown,0,1.0,1.0,True,False,False
5423,吉洋108,国审稻20180073,2018.0,国审,,False,False,False,粳,,早粳晚熟组,680.15,5.66,吉玉粳,632.92,11.21,151.1,,107.8,26.2,18.5,128.0,86.8,23.5,,,5.0,中感稻瘟病,,,,,,70.7,4.2,16.3,15.0,65.0,1.7,,3.0,《优质稻谷》,False,,395,Other/Unspecified,Early,Inbred/Other,Unknown,0,0.0,1.0,True,False,False
5632,馨稻9号,国审稻20180074,2018.0,国审,,False,False,False,粳,,早粳晚熟组,674.08,4.72,吉玉粳,614.0,7.89,150.8,,112.7,25.3,21.0,128.8,88.3,24.4,,,5.0,中感稻瘟病,,,,,,72.2,1.7,11.3,15.6,70.0,2.0,,2.0,《优质稻谷》,False,,394,Other/Unspecified,Early,Inbred/Other,Unknown,0,1.0,1.0,True,False,False
6390,吉大398,国审稻20180075,2018.0,国审,,False,False,False,粳,,早粳晚熟组,657.23,4.31,吉玉粳,611.52,7.45,150.3,,102.0,26.5,18.2,117.0,88.2,23.6,,,3.0,中抗稻瘟病,,,,,,69.1,4.2,25.3,15.7,66.0,1.7,,3.0,《食用稻品种品质》,False,,400,Other/Unspecified,Early,Inbred/Other,Unknown,0,0.0,1.0,False,False,False
3930,吉农大531,国审稻20180076,2018.0,国审,,False,False,False,粳,,早粳晚熟组,673.64,6.91,吉玉粳,646.16,13.54,151.0,,112.2,23.9,19.1,148.4,85.0,22.5,,,3.0,中抗稻瘟病,,,,,,69.5,3.2,17.0,15.3,68.0,1.7,,3.0,《食用稻品种品质》,False,,400,Other/Unspecified,Early,Inbred/Other,Unknown,0,0.0,1.0,False,False,False
3069,中科发5号,国审稻20180077,2018.0,国审,,False,False,False,粳,,早粳晚熟组,688.84,9.32,吉玉粳,653.68,14.86,150.1,,102.8,27.3,17.8,118.3,79.9,26.9,,,5.0,中感稻瘟病,,,,,,70.1,1.8,6.0,16.1,70.0,3.0,,2.0,《食用稻品种品质》,False,,412,Other/Unspecified,Early,Inbred/Other,Unknown,0,1.0,1.0,True,False,False
6580,白粳2号,国审稻20180078,2018.0,国审,,False,False,False,粳,,早粳中熟组,583.25,7.97,龙稻20,599.1,10.23,143.0,,106.2,25.6,19.1,123.7,90.5,24.3,,,5.0,中感稻瘟病,,,,,,71.4,1.7,1.7,16.8,71.0,2.1,,2.0,《食用稻品种品质》,False,,400,Other/Unspecified,Early,Inbred/Other,Unknown,0,1.0,1.0,True,False,False
6530,吉农大521,国审稻20180079,2018.0,国审,,False,False,False,粳,,早粳中熟组,579.24,7.23,龙稻20,593.9,9.26,144.7,,108.2,32.8,16.7,120.3,89.9,23.4,,,3.0,中抗稻瘟病,,,,,,71.8,1.0,5.0,15.7,73.0,1.8,,1.0,《食用稻品种品质》,False,,398,Other/Unspecified,Early,Inbred/Other,Unknown,0,1.0,1.0,False,False,False
5001,龙稻202,国审稻20180081,2018.0,国审,,False,False,False,粳,,早粳中熟组,592.33,9.66,龙稻20,615.7,13.28,143.4,,103.0,27.5,18.1,118.6,89.5,24.1,,,5.0,中感稻瘟病,,,,,,66.7,4.0,17.7,17.1,61.0,1.7,,3.0,《食用稻品种品质》,False,,398,Other/Unspecified,Early,Inbred/Other,Unknown,0,0.0,1.0,True,False,False
4923,荃9优801,国审稻20180082,2018.0,国审,,True,True,False,籼,中稻,长江上游中籼迟熟组,625.91,4.87,F优498,601.7,4.44,153.1,1.9,112.5,14.9,23.3,200.2,80.6,28.5,,,5.0,中感稻瘟病,,中感白叶枯病,9.0,,,61.5,5.0,20.0,15.9,68.0,3.0,,3.0,《食用稻品种品质》,False,,800,Upper Yangtze,Single/Mid,Three-line hybrid,Unknown,0,0.0,1.0,True,False,False
4630,和两优1086,国审稻20180083,2018.0,国审,,True,False,True,籼,中稻,长江上游中籼迟熟组,621.79,4.18,F优498,595.9,3.4,155.2,4.0,106.5,16.2,24.9,178.6,84.2,27.7,,,5.0,中感稻瘟病,,中感白叶枯病,,抽穗期耐热性较强,耐冷性中等,68.4,5.0,19.0,15.2,60.0,3.2,,3.0,《食用稻品种品质》,False,,844,Upper Yangtze,Single/Mid,Two-line hybrid,Unknown,0,0.0,1.0,True,False,False
6183,泰优187,国审稻20180087,2018.0,国审,,True,True,False,籼,中稻,长江上游中籼迟熟组,623.37,5.07,F优498,587.5,1.98,149.7,-1.6,112.5,13.9,26.1,219.5,84.3,26.3,,,,中抗稻瘟病,,,9.0,抽穗期耐热性较强,耐冷性弱,60.1,4.9,18.0,14.5,70.0,3.8,,,,False,,420,Upper Yangtze,Single/Mid,Three-line hybrid,Unknown,0,,,False,False,False
6220,正优538,国审稻20180088,2018.0,国审,,True,True,False,籼,中稻,长江上游中籼迟熟组,623.5,5.1,F优498,602.3,4.55,155.3,4.0,117.6,14.7,24.7,224.2,81.8,26.8,,,,中感稻瘟病,,,9.0,抽穗期耐热性中等,耐冷性较弱,60.4,4.4,18.0,15.6,67.0,3.3,,3.0,《食用稻品种品质》,False,,441,Upper Yangtze,Single/Mid,Three-line hybrid,Unknown,0,0.0,,True,False,False
5992,深两优31,国审稻20180089,2018.0,国审,,True,False,True,籼,中稻,长江上游中籼迟熟组,621.03,4.68,F优498,600.06,4.25,154.3,3.0,111.6,16.3,25.5,197.9,84.1,24.5,,,,中感稻瘟病,,,9.0,抽穗期耐热性较强,耐冷性中等,58.9,4.2,19.0,15.3,64.0,3.0,,3.0,《食用稻品种品质》,False,,440,Upper Yangtze,Single/Mid,Two-line hybrid,Unknown,0,0.0,,True,False,False
6443,大两优968,国审稻20180090,2018.0,国审,,True,False,True,籼,中稻,长江中下游中籼迟熟组,650.52,5.98,丰两优四号,648.88,10.9,136.4,,119.7,19.1,25.6,192.7,83.3,22.6,,,5.0,中感稻瘟病,,中感白叶枯病,,,,57.0,1.4,9.0,15.9,74.0,3.2,,3.0,《食用稻品种品质》,False,,442,Middle-Lower Yangtze,Single/Mid,Two-line hybrid,Unknown,0,0.0,1.0,True,False,False
6406,深两优8012,国审稻20180093,2018.0,国审,,True,False,True,籼,中稻,长江中下游中籼迟熟组,643.1,5.81,丰两优四号,615.43,5.18,134.5,,122.4,17.3,25.1,190.3,86.6,25.1,,,7.0,中感稻瘟病,,感白叶枯病,,抽穗期耐热性强,,49.2,2.1,18.0,20.6,68.0,3.1,,,,False,,421,Middle-Lower Yangtze,Single/Mid,Two-line hybrid,Unknown,0,,0.0,True,False,False
7599,湘两优华占,国审稻20180094,2018.0,国审,,True,False,True,籼,中稻,长江中下游中籼迟熟组,640.76,5.43,丰两优4号,618.11,5.64,134.5,,122.4,17.3,25.1,190.3,86.6,25.1,,,7.0,感稻瘟病,,中感白叶枯病,,,,60.1,3.4,15.0,20.7,81.0,3.3,,3.0,《食用稻品种品质》,False,,427,Middle-Lower Yangtze,Single/Mid,Two-line hybrid,Unknown,0,0.0,0.0,True,False,False
6603,N两优1133,国审稻20180095,2018.0,国审,,True,False,True,籼,中稻,长江中下游中籼迟熟组,645.72,6.24,丰两优四号,623.03,6.48,136.9,,125.4,17.2,27.0,186.9,84.5,26.4,,,7.0,感稻瘟病,5.0,中感白叶枯病,,抽穗期耐热性3级,,55.0,3.6,18.0,15.0,79.0,3.4,,3.0,《食用稻品种品质》,False,,445,Middle-Lower Yangtze,Single/Mid,Two-line hybrid,Unknown,0,0.0,0.0,True,False,False
6093,荃优665,国审稻20180096,2018.0,国审,,True,True,False,籼,中稻,长江中下游中籼迟熟组,645.6,5.18,丰两优四号,620.43,6.03,135.2,,122.1,17.3,24.7,167.7,85.5,29.2,,,9.0,高感稻瘟病,,感白叶枯病,,抽穗期耐热性3级,,55.6,1.5,8.0,16.3,77.0,3.1,,2.0,《食用稻品种品质》,False,,443,Middle-Lower Yangtze,Single/Mid,Three-line hybrid,Unknown,0,1.0,0.0,True,False,False
7148,徽两优473,国审稻20180098,2018.0,国审,,True,False,True,籼,中稻,长江中下游中籼迟熟组,638.77,6.33,丰两优四号,653.52,8.62,133.5,,129.1,15.8,24.4,204.6,84.8,26.1,,,9.0,高感稻瘟病,,感白叶枯病,,,,58.3,14.1,45.0,17.9,39.0,2.9,,,,False,,422,Middle-Lower Yangtze,Single/Mid,Two-line hybrid,Unknown,0,,0.0,True,False,False
6971,星两优华占,国审稻20180099,2018.0,国审,,True,False,True,籼,中稻,长江中下游中籼迟熟组,645.49,7.97,丰两优四号,639.79,6.15,134.6,,121.4,17.7,25.0,212.1,81.9,23.1,,,5.0,中感稻瘟病,,感白叶枯病,,,,68.6,8.8,31.0,20.5,39.0,3.1,,,,False,,417,Middle-Lower Yangtze,Single/Mid,Two-line hybrid,Unknown,0,,1.0,True,False,False
6543,E两优78,国审稻20180101,2018.0,国审,,True,False,True,籼,中稻,长江中下游中籼迟熟组,616.16,3.29,丰两优四号,653.23,7.62,139.0,,125.8,15.4,25.5,183.3,81.8,30.2,,,7.0,感稻瘟病,,中感白叶枯病,,抽穗期耐热性中等,,45.9,10.2,42.0,15.2,58.0,3.3,,,,False,,420,Middle-Lower Yangtze,Single/Mid,Two-line hybrid,Unknown,0,,0.0,True,False,False
7521,梦两优1177,国审稻20180102,2018.0,国审,,True,False,True,籼,中稻,长江中下游中籼迟熟组,623.0,4.44,丰两优四号,654.71,7.86,137.2,,121.1,18.5,24.6,171.6,85.1,26.2,,,5.0,中感稻瘟病,,中感白叶枯病,,抽穗期耐热性较强,,56.2,5.3,19.0,13.8,80.0,3.0,,,,False,,420,Middle-Lower Yangtze,Single/Mid,Two-line hybrid,Unknown,0,,1.0,True,False,False
6565,荃优259,国审稻20180103,2018.0,国审,,True,True,False,籼,中稻,长江中下游中籼迟熟组,670.11,6.26,丰两优四号,679.14,4.38,133.5,,124.8,16.7,26.1,201.8,85.6,25.6,,,5.0,中感稻瘟病,,中感白叶枯病,,抽穗期耐热性较强,,57.2,6.6,21.0,14.5,73.0,3.1,,,,False,,424,Middle-Lower Yangtze,Single/Mid,Three-line hybrid,Unknown,0,,1.0,True,False,False
5698,创两优669,国审稻20180104,2018.0,国审,,True,False,True,籼,中稻,长江中下游中籼迟熟组,660.8,8.94,丰两优四号,675.77,11.43,136.1,,118.2,17.3,24.9,209.7,87.2,24.0,,,9.0,高感稻瘟病,,感白叶枯病,,抽穗期耐热性中等,,61.8,3.2,15.0,15.1,82.7,3.2,,3.0,《食用稻品种品质》,False,,444,Middle-Lower Yangtze,Single/Mid,Two-line hybrid,Unknown,0,0.0,0.0,True,False,False
6374,荃优712,国审稻20180106,2018.0,国审,,True,True,False,籼,中稻,长江中下游中籼迟熟组,641.19,5.87,丰两优四号,658.17,6.39,132.7,,130.0,15.0,27.2,189.8,82.6,30.4,,,9.0,高感稻瘟病,,感白叶枯病,,,,53.9,13.3,40.0,13.6,73.0,2.9,,,,False,,414,Middle-Lower Yangtze,Single/Mid,Three-line hybrid,Unknown,0,,0.0,True,False,False
7149,安两优586,国审稻20180107,2018.0,国审,,True,False,True,籼,中稻,长江中下游中籼迟熟组,642.69,6.12,丰两优四号,658.66,6.47,134.6,,130.8,14.8,26.3,202.3,83.1,28.8,,,7.0,感稻瘟病,,感白叶枯病,,,,60.9,10.8,36.0,13.7,72.0,3.1,,,,False,,410,Middle-Lower Yangtze,Single/Mid,Two-line hybrid,Unknown,0,,0.0,True,False,False
3512,欣两优2172,国审稻20180108,2018.0,国审,,True,False,True,籼,中稻,长江中下游中籼迟熟组,643.24,7.0,丰两优四号,638.55,5.95,136.8,,119.5,15.1,24.7,208.9,83.8,25.9,,,7.0,感稻瘟病,,感白叶枯病,,,,62.2,4.1,27.0,13.3,81.0,3.1,,,,False,,414,Middle-Lower Yangtze,Single/Mid,Two-line hybrid,Unknown,0,,0.0,True,False,False
6017,瑞两优9578,国审稻20180109,2018.0,国审,,True,False,True,籼,中稻,长江中下游中籼迟熟组,631.32,4.95,丰两优四号,634.53,5.28,135.1,,125.8,17.3,25.6,210.7,80.4,23.4,,,3.0,中抗稻瘟病,,中抗白叶枯病,,,,65.0,2.3,13.0,13.2,76.3,3.3,,,,False,,411,Middle-Lower Yangtze,Single/Mid,Two-line hybrid,Unknown,0,,1.0,False,False,False
7846,广两优815,国审稻20180111,2018.0,国审,,True,False,True,籼,中稻,长江中下游中籼迟熟组,627.08,4.73,丰两优四号,636.06,5.53,131.7,,119.7,16.2,24.7,171.0,88.1,28.3,,,9.0,高感稻瘟病,,感白叶枯病,,抽穗期耐热性较强,,64.0,4.4,23.0,14.2,68.7,3.3,,3.0,《食用稻品种品质》,False,,445,Middle-Lower Yangtze,Single/Mid,Two-line hybrid,Unknown,0,0.0,0.0,True,False,False
5817,旌3优808,国审稻20180113,2018.0,国审,,True,True,False,籼,中稻,长江中下游中籼迟熟组,656.13,7.9,丰两优四号,682.1,6.6,133.3,,127.0,16.0,25.3,215.1,80.2,25.5,,,5.0,中感稻瘟病,,中感白叶枯病,,抽穗期耐热性较弱,,68.4,6.4,21.0,13.3,74.0,3.2,,,,False,,413,Middle-Lower Yangtze,Single/Mid,Three-line hybrid,Unknown,0,,1.0,True,False,False
6629,泸优911,国审稻20180114,2018.0,国审,,True,True,False,籼,中籼,长江中下游中籼迟熟组,646.7,6.5,丰两优四号,696.6,8.9,128.1,,114.9,17.6,26.2,190.6,80.2,27.0,,,5.0,中感稻瘟病,,感白叶枯病,,抽穗期耐热性中等,,65.1,3.5,13.0,14.1,75.0,3.5,,3.0,《食用稻品种品质》,False,,439,Middle-Lower Yangtze,Single/Mid,Three-line hybrid,Unknown,0,0.0,1.0,True,False,False
5873,玖两优华占,国审稻20180117,2018.0,国审,,True,False,True,籼,双季,晚籼早熟组,594.81,6.77,五优308,556.33,4.96,115.8,,97.9,21.7,21.7,154.9,81.7,22.9,,,7.0,感稻瘟病,7.0,感白叶枯病,7.0,,耐冷性中等,65.0,1.1,6.0,20.9,52.0,3.1,,3.0,《食用稻品种品质》,False,,438,Other/Unspecified,Late,Two-line hybrid,Unknown,0,0.0,0.0,True,False,False
5717,秀优207,国审稻20180118,2018.0,国审,,True,True,False,粳,单季,单季晚粳组,688.5,13.7,嘉优5号,663.3,18.8,161.3,,112.4,12.8,19.6,258.1,87.6,25.5,,,3.0,中抗稻瘟病,,中感白叶枯病,,,,71.1,4.9,27.0,17.1,70.0,2.0,,3.0,《优质稻谷》,False,,431,Other/Unspecified,Late,Three-line hybrid,Unknown,0,0.0,1.0,False,False,False
5699,江两优7901,国审稻20180119,2018.0,国审,,True,False,True,粳,单季,单季晚粳组,738.6,16.7,嘉优5号,660.8,9.1,160.9,,117.7,16.5,21.1,260.4,80.1,24.1,,,,中感稻瘟病,,中抗白叶枯病,,,,70.5,3.0,19.0,16.0,78.0,2.1,,2.0,《优质稻谷》,False,,440,Other/Unspecified,Late,Two-line hybrid,Unknown,0,1.0,,True,False,False
4930,中禾优1号,国审稻20180121,2018.0,国审,,True,True,False,粳,,黄淮粳稻组,732.3,18.1,徐稻3号,753.6,20.8,158.5,,120.8,18.1,23.0,239.3,78.9,24.7,,,5.0,中感稻瘟病,,抗白叶枯病,,,,68.5,2.1,17.0,15.3,70.0,2.7,,2.0,《优质稻谷》,False,,420,North/Huanghuai,Single/Mid,Three-line hybrid,Unknown,0,1.0,1.0,True,False,False
7363,中粳616,国审稻20180122,2018.0,国审,,False,False,False,粳,,黄淮粳稻组,667.31,4.11,徐稻3号,656.91,6.61,147.9,,,21.3,15.6,143.0,90.8,26.2,,,3.0,中抗稻瘟病,,,,,,69.3,4.3,16.0,15.6,71.0,1.8,,3.0,《食用稻品种品质》,False,,439,North/Huanghuai,Single/Mid,Inbred/Other,Unknown,0,0.0,1.0,False,False,False
6466,武科粳210,国审稻20180123,2018.0,国审,,False,False,False,粳,,黄淮粳稻组,654.13,1.99,徐稻3号,668.63,8.46,152.4,,96.2,20.7,16.2,160.1,85.4,24.3,,,5.0,中感稻瘟病,,,,,,69.4,3.6,22.0,15.0,66.0,1.9,,3.0,《食用稻品种品质》,False,,444,North/Huanghuai,Single/Mid,Inbred/Other,Unknown,0,0.0,1.0,True,False,False
4087,润稻118,国审稻20180124,2018.0,国审,,False,False,False,粳,,黄淮粳稻组,663.0,3.37,徐稻3号,670.89,8.83,151.6,,93.5,19.1,17.0,167.4,88.6,25.3,,,5.0,中感稻瘟病,,,,,,71.1,2.4,17.0,15.7,75.0,2.0,,2.0,《食用稻品种品质》,False,,436,North/Huanghuai,Single/Mid,Inbred/Other,Unknown,0,1.0,1.0,True,False,False
3566,苏秀8608,国审稻20180126,2018.0,国审,,False,False,False,粳,,黄淮粳稻组,626.92,3.08,徐稻3号,539.46,3.75,149.0,,86.1,22.8,15.6,128.6,89.4,24.9,,,5.0,中感稻瘟病,,,,,,66.1,2.1,22.3,17.0,79.5,1.8,,3.0,《优质稻谷》,False,,427,North/Huanghuai,Single/Mid,Inbred/Other,Unknown,0,0.0,1.0,True,False,False
4472,晶两优1237,国审稻20186001,2018.0,国审,,True,False,True,籼,双季,华南早籼组,547.95,2.48,天优华占,539.81,2.58,130.6,6.9,114.7,17.7,24.4,167.8,81.9,24.4,,,5.0,抗稻瘟病,9.0,高感白叶枯病,,抽穗期耐热性强,耐冷性鉴定为敏感型,45.9,8.1,32.0,12.7,78.0,3.0,,3.0,《优质稻谷》,False,,1591,South China,Early,Two-line hybrid,Unknown,0,0.0,1.0,False,False,False
3618,晶两优1377,国审稻20186002,2018.0,国审,,True,False,True,籼,双季,华南早籼组,542.78,1.51,天优华占,542.26,3.04,130.1,6.4,113.6,17.2,24.9,178.8,80.5,24.0,,,5.0,中抗稻瘟病,7.0,感白叶枯病,,抽穗期耐热性较强,,54.0,4.7,22.0,15.3,75.0,3.2,,3.0,《食用稻品种品质》,False,,1244,South China,Early,Two-line hybrid,Unknown,0,0.0,1.0,False,False,False
4568,隆晶优8129,国审稻20186003,2018.0,国审,,True,True,False,籼,双季,华南早籼组,560.9,4.89,天优华占,535.5,1.76,128.0,,112.1,17.4,24.9,158.5,86.5,26.9,,,3.0,中抗稻瘟病,,高感白叶枯病,,,耐冷性较弱,32.8,8.7,41.0,12.8,78.0,3.3,,3.0,《食用稻品种品质》,False,,1189,South China,Early,Three-line hybrid,Unknown,0,0.0,1.0,False,False,False
7734,C两优727,国审稻20186004,2018.0,国审,,True,False,True,籼,中稻,长江上游中籼迟熟组,650.99,4.7,F优498,612.36,7.99,153.5,,112.0,15.8,23.9,181.3,84.8,28.2,,,3.0,中抗稻瘟病,,感白叶枯病,,抽穗期耐热性强,耐冷性中等,59.3,6.5,33.0,15.2,67.0,3.0,,,,False,,806,Upper Yangtze,Single/Mid,Two-line hybrid,Unknown,0,,1.0,False,False,False
7364,晶两优1199,国审稻20186007,2018.0,国审,,True,False,True,籼,中稻,长江上游中籼迟熟组,642.84,2.3,F优498,665.93,7.77,155.5,4.4,114.9,16.1,23.8,176.4,84.3,27.8,,,3.0,中抗稻瘟病,,感白叶枯病,9.0,抽穗期耐热性较强,耐冷性较强,60.7,3.0,17.0,15.0,78.0,2.9,,3.0,《优质稻谷》,False,,826,Upper Yangtze,Single/Mid,Two-line hybrid,Unknown,0,0.0,1.0,False,False,False
3680,晶两优510,国审稻20186008,2018.0,国审,,True,False,True,籼,中稻,长江上游中籼迟熟组,603.86,-1.08,F优498,642.38,3.96,153.5,3.0,115.9,15.8,24.4,202.6,83.9,24.3,,,5.0,中感稻瘟病,,感白叶枯病,9.0,抽穗期耐热性中等,耐冷性中等,71.3,2.2,9.0,14.7,62.0,2.7,,2.0,《食用稻品种品质》,False,,831,Upper Yangtze,Single/Mid,Two-line hybrid,Unknown,0,1.0,1.0,True,False,False
3970,隆两优7810,国审稻20186009,2018.0,国审,,True,False,True,籼,中稻,长江上游中籼迟熟组,643.52,5.41,F优498,655.41,6.07,155.0,4.5,113.8,15.6,24.6,185.2,83.2,27.9,,,3.0,中抗稻瘟病,,感白叶枯病,9.0,抽穗期耐热性较强,耐冷性较弱,69.6,2.9,14.0,14.3,81.0,2.9,,2.0,《食用稻品种品质》,False,,832,Upper Yangtze,Single/Mid,Two-line hybrid,Unknown,0,1.0,1.0,False,False,False
3643,晶两优1212,国审稻20186010,2018.0,国审,,True,False,True,籼,中稻,长江上游中籼迟熟组,622.51,0.96,F优498,621.66,2.97,153.7,2.9,107.9,16.4,23.6,192.3,86.0,24.5,,,3.0,中抗稻瘟病,,感白叶枯病,9.0,抽穗期耐热性较强,耐冷性中等,68.4,2.7,10.0,15.2,63.0,2.9,,2.0,《食用稻品种品质》,False,,851,Upper Yangtze,Single/Mid,Two-line hybrid,Unknown,0,1.0,1.0,False,False,False
5188,隆两优1234,国审稻20186011,2018.0,国审,,True,False,True,籼,中稻,长江中下游中籼迟熟组,630.28,5.94,丰两优四号,646.8,9.27,135.9,,126.5,15.8,24.9,256.2,85.1,25.6,,,3.0,中抗稻瘟病,,中感白叶枯病,,抽穗期耐热性较强,,68.3,4.0,15.0,13.0,83.0,3.0,,3.0,《食用稻品种品质》,False,,814,Middle-Lower Yangtze,Single/Mid,Two-line hybrid,Unknown,0,0.0,1.0,False,False,False
3324,乾两优8号,国审稻20186012,2018.0,国审,,True,False,True,籼,中稻,长江中下游中籼迟熟组,625.67,5.89,丰两优四号,629.27,7.48,135.6,,125.0,16.5,24.9,196.8,84.1,23.8,,,5.0,中感稻瘟病,,中感白叶枯病,,抽穗期耐热性中等,,67.2,3.7,19.0,14.9,72.0,3.3,,3.0,《食用稻品种品质》,False,,824,Middle-Lower Yangtze,Single/Mid,Two-line hybrid,Unknown,0,0.0,1.0,True,False,False
6819,欣荣优33,国审稻20186013,2018.0,国审,,True,True,False,籼,中稻,长江中下游中籼迟熟组,638.12,3.03,丰两优四号,641.86,3.22,130.2,,117.3,17.6,23.5,198.8,84.0,23.0,,,7.0,感稻瘟病,,感白叶枯病,,抽穗期耐热性较强,耐冷性中等,60.0,14.1,42.0,14.3,82.0,2.8,,3.0,《食用稻品种品质》,False,,814,Middle-Lower Yangtze,Single/Mid,Three-line hybrid,Unknown,0,0.0,0.0,True,False,False
6244,隆晶优1706,国审稻20186014,2018.0,国审,,True,True,False,籼,双季,长江中下游晚籼中迟熟组,568.88,0.25,天优华占,553.22,0.25,123.5,2.8,109.4,18.4,23.7,167.8,81.5,25.8,,,5.0,中感稻瘟病,5.0,中感白叶枯病,9.0,,耐冷性中等,61.5,3.5,13.0,14.4,74.0,3.4,,3.0,《食用稻品种品质》,False,,842,Middle-Lower Yangtze,Late,Three-line hybrid,Unknown,0,0.0,1.0,True,False,False
4705,隆两优丝占,国审稻20186015,2018.0,国审,,True,False,True,籼,中稻,长江中下游中籼迟熟组,657.0,7.39,丰两优四号,621.49,6.38,139.8,,126.1,16.7,25.1,190.1,82.5,25.3,,,5.0,中感稻瘟病,,中感白叶枯病,,,,59.2,0.6,5.0,14.3,74.0,3.3,,3.0,《食用稻品种品质》,False,,821,Middle-Lower Yangtze,Single/Mid,Two-line hybrid,Unknown,0,0.0,1.0,True,False,False
4711,九优2117,国审稻20186016,2018.0,国审,,True,True,False,籼,中稻,长江上游中籼迟熟组,712.44,2.41,F优498,653.48,1.52,153.3,,117.3,14.9,25.9,223.6,80.1,28.2,,,7.0,感稻瘟病,,,,抽穗期耐热性较强,耐冷性中等,62.7,5.0,20.0,14.3,75.0,3.0,,3.0,《食用稻品种品质》,False,,441,Upper Yangtze,Single/Mid,Three-line hybrid,Unknown,0,0.0,0.0,True,False,False
5309,蓉7优2115,国审稻20186017,2018.0,国审,,True,True,False,籼,中稻,长江上游中籼迟熟组,642.42,3.32,F优498,586.68,3.47,150.3,,118.0,14.9,25.7,173.4,86.7,30.5,,,7.0,感稻瘟病,,,,抽穗期耐热性较强,耐冷性中等,55.2,6.3,27.0,15.4,71.0,3.1,,,,False,,418,Upper Yangtze,Single/Mid,Three-line hybrid,Unknown,0,,0.0,True,False,False
7600,欣荣优0861,国审稻20186018,2018.0,国审,,True,True,False,籼,中稻,长江上游中籼迟熟组,652.88,5.02,F优498,621.13,9.54,148.7,,114.0,15.7,23.3,197.0,85.6,26.4,,,5.0,中感稻瘟病,,,,,,56.5,8.6,31.0,14.4,67.0,2.8,,,,False,,417,Upper Yangtze,Single/Mid,Three-line hybrid,Unknown,0,,1.0,True,False,False
6566,内6优139,国审稻20186019,2018.0,国审,,True,True,False,籼,中稻,长江上游中籼迟熟组,641.2,8.34,F优498,612.0,4.11,153.8,,115.2,15.6,25.7,197.7,79.5,27.4,,,5.0,中感稻瘟病,,,,抽穗期耐热性强,耐冷性较弱,57.0,5.1,33.5,21.3,89.0,2.9,,,,False,,418,Upper Yangtze,Single/Mid,Three-line hybrid,Unknown,0,,1.0,True,False,False
6581,内优506,国审稻20186020,2018.0,国审,,True,True,False,籼,中稻,长江上游中籼迟熟组,629.4,6.34,F优498,599.7,2.02,152.0,,115.9,14.6,25.9,195.2,82.1,29.1,,,7.0,感稻瘟病,,,,抽穗期耐热性中等,耐冷性较弱,48.4,5.3,44.0,16.3,80.0,3.0,,,,False,,415,Upper Yangtze,Single/Mid,Three-line hybrid,Unknown,0,,0.0,True,False,False
7735,蜀乡优695,国审稻20186021,2018.0,国审,,True,True,False,籼,中稻,长江上游中籼迟熟组,634.2,7.16,F优498,613.9,3.56,153.0,,118.3,13.5,26.4,201.7,81.6,30.0,,,5.0,中感稻瘟病,,,,抽穗期耐热性中等,耐冷性强,55.5,3.3,29.0,15.4,77.0,2.9,,3.0,《食用稻品种品质》,False,,438,Upper Yangtze,Single/Mid,Three-line hybrid,Unknown,0,0.0,1.0,True,False,False
7017,雅优2116,国审稻20186022,2018.0,国审,,True,True,False,籼,中稻,长江上游中籼迟熟组,629.7,6.41,F优498,630.0,6.41,149.4,,106.7,16.2,25.4,188.7,84.1,26.3,,,7.0,感稻瘟病,,,,抽穗期耐热性中等,耐冷性中等,57.0,5.1,33.5,21.3,89.0,2.9,,,,False,,416,Upper Yangtze,Single/Mid,Three-line hybrid,Unknown,0,,0.0,True,False,False
6752,裕优华占,国审稻20186023,2018.0,国审,,True,True,False,籼,中稻,长江上游中籼迟熟组,682.7,0.16,F优498,650.03,0.03,154.5,,114.2,16.6,27.2,186.0,77.4,27.2,,,5.0,中感稻瘟病,,,,抽穗期耐热性中等,耐冷性中等,62.5,3.4,11.0,15.3,60.0,3.5,,3.0,《优质稻谷》,False,,430,Upper Yangtze,Single/Mid,Three-line hybrid,Unknown,0,0.0,1.0,True,False,False
6456,广两优990,国审稻20186024,2018.0,国审,,True,False,True,籼,中稻,长江上游中籼迟熟组,648.15,3.42,F优498,621.63,3.34,151.2,,116.1,14.7,25.1,185.2,82.5,30.0,,,7.0,感稻瘟病,,,,抽穗期耐热性较强,耐冷性中等,64.7,3.0,13.0,15.3,69.0,3.3,,2.0,《食用稻品种品质》,False,,437,Upper Yangtze,Single/Mid,Two-line hybrid,Unknown,0,1.0,0.0,True,False,False
6269,云两优588,国审稻20186026,2018.0,国审,,True,False,True,籼,中稻,长江上游中籼迟熟组,654.13,4.38,F优498,628.77,4.52,151.8,,112.0,15.8,24.3,167.2,86.8,29.8,,,7.0,感稻瘟病,,,,抽穗期耐热性较强,耐冷性中等,67.3,4.6,25.0,15.0,75.0,3.0,,3.0,《优质稻谷》,False,,430,Upper Yangtze,Single/Mid,Two-line hybrid,Unknown,0,0.0,0.0,True,False,False
7365,科两优8990,国审稻20186027,2018.0,国审,,True,False,True,籼,中稻,长江上游中籼迟熟组,642.03,3.6,F优498,607.71,2.35,152.6,,111.2,14.5,24.6,203.1,82.5,28.5,,,7.0,感稻瘟病,,,,抽穗期耐热性较弱,耐冷性较弱,52.5,5.8,20.0,16.4,63.0,3.0,,,,False,,417,Upper Yangtze,Single/Mid,Two-line hybrid,Unknown,0,,0.0,True,False,False
7349,天优湘99,国审稻20186029,2018.0,国审,,True,True,False,籼,中稻,长江上游中籼迟熟组,647.19,4.44,F优498,622.95,4.92,149.2,,105.6,15.8,22.8,179.1,86.4,28.8,,,7.0,感稻瘟病,,,,抽穗期耐热性中等,耐冷性中等,54.5,5.0,18.0,22.0,50.0,3.0,,3.0,《食用稻品种品质》,False,,435,Upper Yangtze,Single/Mid,Three-line hybrid,Unknown,0,0.0,0.0,True,False,False
6155,Y两优143,国审稻20186030,2018.0,国审,,True,False,True,籼,中稻,长江上游中籼迟熟组,642.31,2.38,F优498,613.07,3.26,153.5,,112.8,15.6,26.0,189.4,81.1,28.3,,,7.0,感稻瘟病,,,,抽穗期耐热性较强,耐冷性较弱,65.8,3.5,17.0,18.0,75.0,2.9,,3.0,《优质稻谷》,False,,431,Upper Yangtze,Single/Mid,Two-line hybrid,Unknown,0,0.0,0.0,True,False,False
4538,千优531,国审稻20186031,2018.0,国审,,True,True,False,籼,中稻,长江上游中籼迟熟组,652.52,5.72,F优498,630.16,4.71,151.6,,115.8,15.1,25.0,201.7,83.7,26.2,,,5.0,中感稻瘟病,,,,抽穗期耐热性较弱,耐冷性较弱,56.6,1.9,12.0,17.7,82.0,2.8,,2.0,《优质稻谷》,False,,436,Upper Yangtze,Single/Mid,Three-line hybrid,Unknown,0,1.0,1.0,True,False,False
6391,N两优091,国审稻20186032,2018.0,国审,,True,False,True,籼,中稻,长江上游中籼迟熟组,646.68,5.29,F优498,621.82,5.81,152.6,,112.9,15.6,25.7,188.3,84.4,26.5,,,7.0,感稻瘟病,,,,抽穗期耐热性中等,耐冷性中等,67.7,5.9,24.0,15.6,70.0,2.9,,,,False,,419,Upper Yangtze,Single/Mid,Two-line hybrid,Unknown,0,,0.0,True,False,False
7158,正优531,国审稻20186033,2018.0,国审,,True,True,False,籼,中稻,长江上游中籼迟熟组,645.44,5.09,F优498,629.07,7.04,149.8,,110.7,15.8,25.1,179.3,87.2,27.1,,,5.0,中感稻瘟病,,,,抽穗期耐热性中等,耐冷性中等,59.8,3.1,11.0,16.8,88.0,2.8,,3.0,《优质稻谷》,False,,435,Upper Yangtze,Single/Mid,Three-line hybrid,Unknown,0,0.0,1.0,True,False,False
6679,荟丰优5438,国审稻20186035,2018.0,国审,,True,True,False,籼,中稻,长江上游中籼迟熟组,629.03,4.17,F优498,635.49,3.36,153.0,,117.0,14.7,23.2,202.6,80.5,28.3,,,7.0,感稻瘟病,,,,,,50.7,3.1,26.0,15.4,71.0,2.9,,,,False,,399,Upper Yangtze,Single/Mid,Three-line hybrid,Unknown,0,,0.0,True,False,False
4719,蓉7优523,国审稻20186037,2018.0,国审,,True,True,False,籼,中稻,长江上游中籼迟熟组,674.7,5.8,F优498,654.7,3.5,155.2,,117.4,15.6,24.1,208.0,86.4,26.5,,,5.0,中感稻瘟病,,,,抽穗期耐热性中等,耐冷性中等,66.0,3.4,20.0,15.6,76.0,2.9,,3.0,《优质稻谷》,False,,425,Upper Yangtze,Single/Mid,Three-line hybrid,Unknown,0,0.0,1.0,True,False,False
7374,双优451,国审稻20186038,2018.0,国审,,True,True,False,籼,中稻,长江上游中籼迟熟组,666.6,4.5,F优498,650.1,2.8,155.8,2.5,113.9,15.6,25.6,194.8,84.0,28.8,,,7.0,感稻瘟病,,,9.0,抽穗期耐热性中等,耐冷性中等,68.2,2.1,25.0,15.8,78.0,2.9,,3.0,《优质稻谷》,False,,429,Upper Yangtze,Single/Mid,Three-line hybrid,Unknown,0,0.0,0.0,True,False,False
6994,内6优2118,国审稻20186040,2018.0,国审,,True,True,False,籼,中稻,长江上游中籼迟熟组,664.9,4.0,F优498,650.0,2.8,156.6,3.3,117.7,15.8,26.5,183.6,86.9,28.0,,,3.0,中抗稻瘟病,,,9.0,抽穗期耐热性较强,耐冷性中等,67.0,4.6,28.0,15.8,81.0,2.9,,3.0,《食用稻品种品质》,False,,437,Upper Yangtze,Single/Mid,Three-line hybrid,Unknown,0,0.0,1.0,False,False,False
6026,秋乡优1302,国审稻20186041,2018.0,国审,,True,True,False,籼,中稻,长江上游中籼迟熟组,660.2,3.3,F优498,642.7,1.6,151.3,-2.0,119.5,14.3,24.5,222.5,83.2,26.1,,,5.0,中感稻瘟病,,,9.0,抽穗期耐热性中等,耐冷性中等,53.4,0.8,6.0,17.6,77.0,2.9,,3.0,《食用稻品种品质》,False,,433,Upper Yangtze,Single/Mid,Three-line hybrid,Unknown,0,0.0,1.0,True,False,False
5970,隆两优2115,国审稻20186042,2018.0,国审,,True,False,True,籼,中稻,长江上游中籼迟熟组,640.74,4.96,F优498,614.66,4.15,153.7,3.1,118.4,14.7,24.6,167.6,86.1,31.3,,,3.0,中抗稻瘟病,,,9.0,抽穗期耐热性较强,耐冷性中等,66.8,4.9,22.0,15.6,66.0,2.9,,3.0,《食用稻品种品质》,False,,444,Upper Yangtze,Single/Mid,Two-line hybrid,Unknown,0,0.0,1.0,False,False,False
7375,简两优534,国审稻20186045,2018.0,国审,,True,False,True,籼,中稻,长江上游中籼迟熟组,623.16,1.06,F优498,628.33,4.07,152.0,1.2,109.1,17.6,22.7,178.9,87.5,23.8,,,5.0,中感稻瘟病,,,9.0,抽穗期耐热性强,耐冷性中等,60.9,4.4,25.0,16.0,68.0,3.2,,3.0,《优质稻谷》,False,,435,Upper Yangtze,Single/Mid,Two-line hybrid,Unknown,0,0.0,1.0,True,False,False
4893,隆晶优4393,国审稻20186046,2018.0,国审,,True,True,False,籼,中稻,长江上游中籼迟熟组,635.58,3.08,F优498,644.44,6.74,149.6,-1.3,105.2,15.7,24.0,189.7,85.8,26.3,,,3.0,中抗稻瘟病,,,9.0,抽穗期耐热性较强,耐冷性中等,54.0,4.6,21.0,15.6,74.0,3.3,,3.0,《食用稻品种品质》,False,,448,Upper Yangtze,Single/Mid,Three-line hybrid,Unknown,0,0.0,1.0,False,False,False
5903,隆两优1177,国审稻20186047,2018.0,国审,,True,False,True,籼,中稻,长江上游中籼迟熟组,640.47,3.86,F优498,608.62,3.13,154.3,3.5,115.6,16.0,23.4,169.2,86.2,27.8,,,5.0,中感稻瘟病,,,9.0,抽穗期耐热性较强,耐冷性中等,64.4,6.2,23.0,14.9,82.0,2.8,,,,False,,426,Upper Yangtze,Single/Mid,Two-line hybrid,Unknown,0,,1.0,True,False,False
3595,川种优3877,国审稻20186048,2018.0,国审,,True,True,False,籼,中稻,长江上游中籼迟熟组,657.64,1.0,F优498,637.85,5.72,151.9,1.9,108.7,15.7,26.0,206.8,81.2,25.1,,,5.0,中感稻瘟病,,,9.0,抽穗期耐热性中等,耐冷性中等,57.6,2.7,11.0,17.5,65.0,3.2,,2.0,《食用稻品种品质》,False,,446,Upper Yangtze,Single/Mid,Three-line hybrid,Unknown,0,1.0,1.0,True,False,False
4531,国审稻20186052,国审稻20186052,2018.0,国审,,True,False,True,籼,中稻,长江中下游中籼迟熟组,632.87,3.73,丰两优四号,575.38,5.3,136.6,,121.6,15.5,25.2,220.8,80.9,23.5,,,9.0,高感稻瘟病,,中感白叶枯病,,,,65.9,5.4,22.0,21.1,50.0,3.5,,,,False,,410,Middle-Lower Yangtze,Single/Mid,Two-line hybrid,Unknown,0,,0.0,True,False,False
7547,中广两优727,国审稻20186053,2018.0,国审,,True,False,True,籼,中稻,长江中下游中籼迟熟组,611.62,4.32,丰两优四号,577.38,4.3,131.3,,122.9,16.1,24.1,173.1,84.7,27.7,,,7.0,感稻瘟病,,感白叶枯病,,,,59.9,7.2,28.0,23.1,40.0,3.3,,,,False,,407,Middle-Lower Yangtze,Single/Mid,Two-line hybrid,Unknown,0,,0.0,True,False,False
5913,华浙优1号,国审稻20186054,2018.0,国审,,True,True,False,籼,中稻,长江中下游中籼迟熟组,615.6,8.0,丰两优四号,609.1,5.5,136.5,,121.3,16.3,24.8,178.2,85.0,26.7,,,9.0,高感稻瘟病,,高感白叶枯病,,抽穗期耐热性较强,,63.4,1.7,14.0,14.7,70.0,3.0,,3.0,《食用稻品种品质》,False,,432,Middle-Lower Yangtze,Single/Mid,Three-line hybrid,Unknown,0,0.0,0.0,True,False,False
5615,晶两优3206,国审稻20186055,2018.0,国审,,True,False,True,籼,中稻,长江中下游中籼迟熟组,629.19,2.59,丰两优四号,626.15,5.78,137.9,,124.1,16.6,25.8,251.1,83.7,25.1,,,9.0,高感稻瘟病,,中感白叶枯病,,抽穗期耐热性较强,,57.2,4.6,18.0,14.2,83.0,3.1,,3.0,《食用稻品种品质》,False,,445,Middle-Lower Yangtze,Single/Mid,Two-line hybrid,Unknown,0,0.0,0.0,True,False,False
4141,隆两优1686,国审稻20186058,2018.0,国审,,True,False,True,籼,中稻,长江中下游中籼迟熟组,658.17,6.72,丰两优四号,617.05,8.42,133.9,,131.3,16.0,25.6,203.8,86.0,26.5,,,3.0,中抗稻瘟病,,中感白叶枯病,,抽穗期耐热性较强,,68.5,9.0,29.0,12.8,84.0,3.0,,,,False,,427,Middle-Lower Yangtze,Single/Mid,Two-line hybrid,Unknown,0,,1.0,False,False,False
5746,荃优金24号,国审稻20186060,2018.0,国审,,True,True,False,籼,中稻,长江中下游中籼迟熟组,641.53,3.92,丰两优四号,622.93,5.24,130.8,,127.2,15.5,25.2,236.8,84.1,29.1,,,9.0,高感稻瘟病,,中感白叶枯病,,抽穗期耐热性中等,,63.5,3.8,18.0,14.6,71.0,3.2,,3.0,《食用稻品种品质》,True,袁隆平农业高科技股份有限公司、安徽荃银高科种业股份有限公司、深圳市金谷美香实业有限公司、深圳隆平金谷种业有限公司,443,Middle-Lower Yangtze,Single/Mid,Three-line hybrid,Enterprise,4,0.0,0.0,True,False,False
4390,晶两优1988,国审稻20186061,2018.0,国审,,True,False,True,籼,中稻,长江中下游中籼迟熟组,632.97,3.59,丰两优四号,647.27,5.9,135.8,,117.0,16.9,26.0,238.1,88.5,24.8,,,3.0,中抗稻瘟病,,感白叶枯病,,抽穗期耐热性较强,,70.1,4.3,17.0,14.8,71.0,2.9,,3.0,《食用稻品种品质》,False,,441,Middle-Lower Yangtze,Single/Mid,Two-line hybrid,Unknown,0,0.0,1.0,False,False,False
3666,晶两优黄莉占,国审稻20186062,2018.0,国审,,True,False,True,籼,中稻,长江中下游中籼迟熟组,639.75,4.73,丰两优四号,654.29,7.05,133.7,,119.8,16.6,25.6,243.8,88.1,23.6,,,5.0,中感稻瘟病,,中感白叶枯病,,抽穗期耐热性中等,,71.1,3.5,14.0,16.4,63.0,2.8,,3.0,《食用稻品种品质》,False,,440,Middle-Lower Yangtze,Single/Mid,Two-line hybrid,Unknown,0,0.0,1.0,True,False,False
7074,隆两优2246,国审稻20186063,2018.0,国审,,True,False,True,籼,中稻,长江中下游中籼迟熟组,631.64,3.41,丰两优四号,642.81,5.17,133.6,,119.8,15.1,26.2,248.4,84.6,27.9,,,3.0,中抗稻瘟病,,感白叶枯病,,抽穗期耐热性较强,,66.4,8.9,33.0,13.3,82.0,3.0,,,,False,,424,Middle-Lower Yangtze,Single/Mid,Two-line hybrid,Unknown,0,,1.0,False,False,False
3828,隆两优绿丝苗,国审稻20186064,2018.0,国审,,True,False,True,籼,中稻,长江中下游中籼迟熟组,652.51,6.86,丰两优四号,649.47,6.26,137.2,,129.4,16.9,24.6,259.2,85.4,24.9,,,7.0,感稻瘟病,,感白叶枯病,,抽穗期耐热性强,,64.2,7.9,28.0,12.9,84.0,3.1,,3.0,《食用稻品种品质》,False,,440,Middle-Lower Yangtze,Single/Mid,Two-line hybrid,Unknown,0,0.0,0.0,True,False,False
6501,隆两优1273,国审稻20186065,2018.0,国审,,True,False,True,籼,中稻,长江中下游中籼迟熟组,666.69,6.21,丰两优四号,634.85,9.62,136.4,,128.4,15.8,26.3,188.7,83.2,27.2,,,9.0,高感稻瘟病,,中感白叶枯病,,抽穗期耐热性中等,,55.3,9.0,35.0,13.3,86.0,3.1,,,,False,,425,Middle-Lower Yangtze,Single/Mid,Two-line hybrid,Unknown,0,,0.0,True,False,False
7778,隆两优5号,国审稻20186066,2018.0,国审,,True,False,True,籼,中稻,长江中下游中籼迟熟组,660.13,6.51,丰两优四号,615.4,3.98,135.9,,135.1,13.8,26.7,204.7,85.1,28.2,,,9.0,高感稻瘟病,,感白叶枯病,,抽穗期耐热性强,,49.2,9.0,39.0,13.0,79.0,3.1,,,,False,,422,Middle-Lower Yangtze,Single/Mid,Two-line hybrid,Unknown,0,,0.0,True,False,False
7652,荃优1273,国审稻20186067,2018.0,国审,,True,True,False,籼,中稻,长江中下游中籼迟熟组,670.46,7.02,丰两优四号,634.01,7.12,133.8,,126.5,14.7,26.7,183.8,86.4,29.4,,,9.0,高感稻瘟病,,感白叶枯病,,抽穗期耐热性较强,,53.9,16.3,49.0,14.5,70.0,3.2,,,,False,,426,Middle-Lower Yangtze,Single/Mid,Three-line hybrid,Unknown,0,,0.0,True,False,False
5450,扬两优612,国审稻20186068,2018.0,国审,,True,False,True,籼,中稻,长江中下游中籼迟熟组,642.78,5.8,丰两优四号,659.04,10.11,138.0,2.4,129.3,17.1,25.7,191.8,82.6,26.0,,,5.0,中感稻瘟病,7.0,感白叶枯病,9.0,抽穗耐热性3级,,61.5,3.1,20.0,19.0,66.0,3.1,,3.0,《优质稻谷》,False,,470,Middle-Lower Yangtze,Single/Mid,Two-line hybrid,Unknown,0,0.0,1.0,True,False,False
7075,川谷优600,国审稻20186069,2018.0,国审,,True,True,False,籼,中稻,长江中下游中籼迟熟组,675.02,5.5,丰两优四号,644.23,5.58,138.0,,130.6,13.3,26.5,280.1,79.6,26.0,,,7.0,感稻瘟病,,感白叶枯病,,,,61.4,10.3,64.0,24.6,77.0,2.8,,,,False,,407,Middle-Lower Yangtze,Single/Mid,Three-line hybrid,Unknown,0,,0.0,True,False,False
5934,智两优5336,国审稻20186071,2018.0,国审,,True,False,True,籼,中稻,长江中下游中籼迟熟组,658.21,6.5,丰两优四号,646.56,5.97,138.1,,134.9,15.1,25.7,196.7,84.8,28.9,,,5.0,中感稻瘟病,,感白叶枯病,,,,64.0,6.2,25.7,13.3,86.0,3.1,,,,False,,414,Middle-Lower Yangtze,Single/Mid,Two-line hybrid,Unknown,0,,1.0,True,False,False
7270,智两优5476,国审稻20186072,2018.0,国审,,True,False,True,籼,中稻,长江中下游中籼迟熟组,649.87,5.15,丰两优四号,658.43,7.91,138.0,,131.7,15.9,24.6,188.8,81.3,29.3,,,7.0,感稻瘟病,,中感白叶枯病,,,,58.2,12.0,48.3,14.1,89.0,2.7,,,,False,,410,Middle-Lower Yangtze,Single/Mid,Two-line hybrid,Unknown,0,,0.0,True,False,False
5355,深两优857,国审稻20186073,2018.0,国审,,True,False,True,籼,中稻,长江中下游中籼迟熟组,612.17,3.42,丰两优四号,631.79,6.57,137.4,,124.9,17.1,25.0,180.0,83.7,26.9,,,7.0,中感稻瘟病,,感白叶枯病,,抽穗期耐热性较强,,65.9,2.1,14.0,16.5,65.0,3.2,,2.0,《优质稻谷》,False,,439,Middle-Lower Yangtze,Single/Mid,Two-line hybrid,Unknown,0,1.0,0.0,True,False,False
7288,荃优528,国审稻20186074,2018.0,国审,,True,True,False,籼,中稻,长江中下游中籼迟熟组,616.42,4.28,丰两优四号,627.26,5.93,133.7,,126.5,14.3,24.9,186.7,82.6,30.8,,,7.0,中感稻瘟病,,感白叶枯病,,抽穗期耐热性较强,,66.5,5.0,30.0,15.5,68.0,3.1,,3.0,《优质稻谷》,False,,441,Middle-Lower Yangtze,Single/Mid,Three-line hybrid,Unknown,0,0.0,0.0,True,False,False
6995,科优139,国审稻20186075,2018.0,国审,,True,True,False,籼,中稻,长江中下游中籼迟熟组,641.5,5.9,丰两优4号,591.3,3.8,132.7,,120.7,15.0,25.7,183.9,85.0,28.6,,,9.0,高感稻瘟病,,感白叶枯病,,抽穗期耐热性较强,,60.3,8.1,50.0,21.2,59.0,2.8,,,,False,,408,Middle-Lower Yangtze,Single/Mid,Three-line hybrid,Unknown,0,,0.0,True,False,False
6862,Y两优609,国审稻20186076,2018.0,国审,,True,False,True,籼,中稻,长江中下游中籼迟熟组,645.6,6.5,丰两优4号,588.9,3.3,137.4,,121.6,16.6,26.4,188.9,81.3,27.1,,,9.0,高感稻瘟病,,中感白叶枯病,,抽穗期耐热性较强,,53.3,3.8,29.3,15.9,72.0,3.0,,3.0,《优质稻谷》,False,,433,Middle-Lower Yangtze,Single/Mid,Two-line hybrid,Unknown,0,0.0,0.0,True,False,False
6050,卓两优581,国审稻20186077,2018.0,国审,,True,False,True,籼,中稻,长江中下游中籼迟熟组,643.27,4.7,丰两优四号,633.4,4.66,139.6,,119.7,18.2,25.7,218.2,78.4,22.0,,,7.0,感稻瘟病,,中感白叶枯病,,抽穗期耐热性中等,,63.5,2.0,7.0,22.4,72.0,3.3,,2.0,《优质稻谷》,False,,428,Middle-Lower Yangtze,Single/Mid,Two-line hybrid,Unknown,0,1.0,0.0,True,False,False
4931,N两优8号,国审稻20186078,2018.0,国审,,True,False,True,籼,中稻,长江中下游中籼迟熟组,646.48,4.99,丰两优四号,636.6,4.23,130.0,,112.9,19.6,26.1,191.7,82.6,21.5,,,5.0,中感稻瘟病,,感白叶枯病,,抽穗期耐热性较强,,62.4,3.6,11.0,13.7,78.0,3.4,,3.0,《食用稻品种品质》,False,,439,Middle-Lower Yangtze,Single/Mid,Two-line hybrid,Unknown,0,0.0,1.0,True,False,False
4176,深两优600,国审稻20186079,2018.0,国审,,True,False,True,籼,中稻,长江中下游中籼迟熟组,684.63,4.61,丰两优四号,652.14,2.8,139.9,,115.6,16.3,25.7,212.5,85.8,24.4,,,9.0,高感稻瘟病,,中感白叶枯病,,抽穗期耐热性中等,,61.5,4.5,18.0,12.6,82.0,3.1,,,,False,,422,Middle-Lower Yangtze,Single/Mid,Two-line hybrid,Unknown,0,,0.0,True,False,False
3777,深两优867,国审稻20186080,2018.0,国审,,True,False,True,籼,中稻,长江中下游中籼迟熟组,675.23,3.17,丰两优四号,666.63,5.09,135.2,,118.1,15.1,25.8,210.9,88.4,26.9,,,7.0,感稻瘟病,,中感白叶枯病,,抽穗期耐热性较强,,62.7,5.0,23.0,16.0,70.0,2.8,,3.0,《优质稻谷》,False,,434,Middle-Lower Yangtze,Single/Mid,Two-line hybrid,Unknown,0,0.0,0.0,True,False,False
7424,科两优12号,国审稻20186081,2018.0,国审,,True,False,True,籼,中稻,长江中下游中籼迟熟组,665.19,4.53,丰两优四号,665.22,4.86,137.2,,121.5,14.2,27.2,210.4,85.4,28.7,,,3.0,中感稻瘟病,,感白叶枯病,,抽穗期耐热性较强,,49.6,6.4,31.0,14.8,71.0,3.2,,,,False,,419,Middle-Lower Yangtze,Single/Mid,Two-line hybrid,Unknown,0,,1.0,True,False,False
6594,科两优17号,国审稻20186082,2018.0,国审,,True,False,True,籼,中稻,长江中下游中籼迟熟组,658.1,3.39,丰两优四号,638.36,3.3,136.0,,124.3,16.1,25.2,217.0,80.1,26.2,,,7.0,感稻瘟病,,感白叶枯病,,抽穗期耐热性中等,,56.8,10.7,33.0,18.4,47.5,3.3,,,,False,,421,Middle-Lower Yangtze,Single/Mid,Two-line hybrid,Unknown,0,,0.0,True,False,False
6760,广两优1000,国审稻20186083,2018.0,国审,,True,False,True,籼,中稻,长江中下游中籼迟熟组,665.22,4.44,丰两优四号,632.87,2.46,135.8,,119.9,14.2,25.0,223.8,82.3,28.3,,,7.0,感稻瘟病,,中感白叶枯病,,抽穗期耐热性较强,,61.0,2.8,12.0,13.9,78.0,3.2,,2.0,《食用稻品种品质》,False,,441,Middle-Lower Yangtze,Single/Mid,Two-line hybrid,Unknown,0,1.0,0.0,True,False,False
5415,六福优996,国审稻20186084,2018.0,国审,,True,True,False,籼,中稻,长江中下游中籼迟熟组,663.12,3.94,丰两优四号,641.43,3.84,137.4,,120.3,14.7,26.1,201.7,82.8,27.9,,,7.0,感稻瘟病,,感白叶枯病,,抽穗期耐热性较强,,57.2,2.7,10.0,14.3,70.0,3.4,,2.0,《食用稻品种品质》,False,,438,Middle-Lower Yangtze,Single/Mid,Three-line hybrid,Unknown,0,1.0,0.0,True,False,False
4269,黔丰优877,国审稻20186085,2018.0,国审,,True,True,False,籼,中稻,长江中下游中籼迟熟组,664.86,4.21,丰两优四号,646.9,4.73,135.9,,118.0,15.0,24.6,192.5,84.0,28.1,,,7.0,感稻瘟病,,感白叶枯病,,抽穗期耐热性中等,,66.8,1.9,9.0,15.0,72.0,3.2,,3.0,《优质稻谷》,False,,454,Middle-Lower Yangtze,Single/Mid,Three-line hybrid,Unknown,0,0.0,0.0,True,False,False
3901,清两优185,国审稻20186086,2018.0,国审,,True,False,True,籼,中稻,长江中下游中籼迟熟组,619.23,3.17,丰两优四号,599.96,3.69,137.8,,125.1,14.7,27.9,232.6,79.4,25.5,,,9.0,高感稻瘟病,,中感白叶枯病,,抽穗期耐热性中等,,65.0,4.0,13.0,14.3,74.0,3.6,,3.0,《食用稻品种品质》,False,,437,Middle-Lower Yangtze,Single/Mid,Two-line hybrid,Unknown,0,0.0,0.0,True,False,False
132,清两优225,国审稻20186087,2018.0,国审,,True,False,True,籼,中稻,长江中下游中籼迟熟组,616.26,2.67,丰两优四号,585.65,1.22,138.9,,124.4,14.4,28.4,247.5,78.6,25.3,,,9.0,高感稻瘟病,,中感白叶枯病,,抽穗期耐热性较弱,,60.4,2.8,8.0,13.9,75.0,3.9,,3.0,《食用稻品种品质》,False,,436,Middle-Lower Yangtze,Single/Mid,Two-line hybrid,Unknown,0,0.0,0.0,True,False,False
7176,荃优631,国审稻20186088,2018.0,国审,,True,True,False,籼,中稻,长江中下游中籼迟熟组,628.99,4.79,丰两优四号,612.83,4.66,134.1,,126.9,15.8,26.7,193.1,83.8,27.2,,,5.0,中感稻瘟病,,中感白叶枯病,,抽穗期耐热性较强,,59.7,9.2,32.0,12.9,87.0,3.1,,,,False,,419,Middle-Lower Yangtze,Single/Mid,Three-line hybrid,Unknown,0,,1.0,True,False,False
4900,扬籼优919,国审稻20186089,2018.0,国审,,True,True,False,籼,中稻,长江中下游中籼迟熟组,652.88,8.77,丰两优四号,636.13,8.64,136.8,,130.1,15.1,25.1,202.9,82.7,29.6,,,9.0,高感稻瘟病,,中感白叶枯病,,抽穗期耐热性较强,,67.5,4.9,16.0,15.0,69.0,3.2,,3.0,《食用稻品种品质》,False,,440,Middle-Lower Yangtze,Single/Mid,Three-line hybrid,Unknown,0,0.0,0.0,True,False,False
7779,荃优554,国审稻20186090,2018.0,国审,,True,True,False,籼,中稻,长江中下游中籼迟熟组,622.03,5.22,丰两优四号,613.9,6.73,134.4,,124.4,15.7,25.9,188.2,82.4,27.7,,,9.0,高感稻瘟病,,中感白叶枯病,,抽穗期耐热性较强,,64.7,3.7,20.0,16.7,65.0,3.3,,3.0,《食用稻品种品质》,False,,458,Middle-Lower Yangtze,Single/Mid,Three-line hybrid,Unknown,0,0.0,0.0,True,False,False
6072,荃优W8,国审稻20186091,2018.0,国审,,True,True,False,籼,中稻,长江中下游中籼迟熟组,631.86,7.01,丰两优四号,613.32,5.32,135.1,,127.4,15.8,26.2,167.4,80.6,26.1,,,5.0,中感稻瘟病,,中感白叶枯病,,抽穗期耐热性中等,,69.6,1.7,10.5,15.4,69.0,3.2,,2.0,《食用稻品种品质》,False,,444,Middle-Lower Yangtze,Single/Mid,Three-line hybrid,Unknown,0,1.0,1.0,True,False,False
5247,创两优926,国审稻20186092,2018.0,国审,,True,False,True,籼,中稻,长江中下游中籼迟熟组,656.6,4.7,丰两优四号,636.7,1.84,136.4,,117.3,17.1,23.5,180.0,84.0,25.6,,,9.0,高感稻瘟病,,感白叶枯病,,抽穗期耐热性较强,,50.6,6.5,39.7,21.7,76.7,3.2,,,,False,,415,Middle-Lower Yangtze,Single/Mid,Two-line hybrid,Unknown,0,,0.0,True,False,False
6444,徽两优6192,国审稻20186093,2018.0,国审,,True,False,True,籼,中稻,长江中下游中籼迟熟组,650.2,3.7,丰两优四号,647.5,3.57,137.7,,122.2,15.4,24.8,204.4,82.6,27.0,,,9.0,高感稻瘟病,,中感白叶枯病,,抽穗期耐热性较强,,53.0,1.3,9.3,12.9,81.3,3.0,,,,False,,417,Middle-Lower Yangtze,Single/Mid,Two-line hybrid,Unknown,0,,0.0,True,False,False
6630,丰两优406,国审稻20186094,2018.0,国审,,True,False,True,籼,中稻,长江中下游中籼迟熟组,647.1,3.2,丰两优四号,627.2,0.3,136.6,,119.2,16.3,24.9,188.6,81.8,26.7,,,,高感稻瘟病,,高感白叶枯病,,抽穗期耐热性较强,,,1.7,,14.8,74.3,3.1,,2.0,《食用稻品种品质》,False,,413,Middle-Lower Yangtze,Single/Mid,Two-line hybrid,Unknown,0,1.0,,True,False,False
5519,奋两优686,国审稻20186095,2018.0,国审,,True,False,True,籼,中稻,长江中下游中籼迟熟组,636.0,3.2,丰两优四号,628.3,2.48,137.5,,121.4,16.8,24.3,184.3,81.1,26.3,,,7.0,感稻瘟病,,中感白叶枯病,,抽穗期耐热性较弱,,59.4,1.9,12.3,18.2,82.0,3.2,,2.0,《食用稻品种品质》,False,,439,Middle-Lower Yangtze,Single/Mid,Two-line hybrid,Unknown,0,1.0,0.0,True,False,False
6804,徽两优9192,国审稻20186096,2018.0,国审,,True,False,True,籼,中稻,长江中下游中籼迟熟组,643.5,4.4,丰两优四号,643.9,5.02,136.0,,126.1,17.8,23.5,191.0,80.8,24.6,,,5.0,中感稻瘟病,,中感白叶枯病,,抽穗期耐热性较弱,,65.8,2.2,19.3,13.1,73.7,3.1,,3.0,《食用稻品种品质》,False,,438,Middle-Lower Yangtze,Single/Mid,Two-line hybrid,Unknown,0,0.0,1.0,True,False,False
4112,C两优919,国审稻20186097,2018.0,国审,,True,False,True,籼,中稻,长江中下游中籼迟熟组,649.2,5.3,丰两优四号,635.1,3.59,131.9,,118.4,17.8,25.2,199.7,83.2,23.6,,,7.0,感稻瘟病,,中感白叶枯病,,抽穗期耐热性中等,,52.0,0.9,7.7,14.1,73.7,3.3,,3.0,《食用稻品种品质》,False,,438,Middle-Lower Yangtze,Single/Mid,Two-line hybrid,Unknown,0,0.0,0.0,True,False,False
3822,深两优828,国审稻20186098,2018.0,国审,,True,False,True,籼,中稻,长江中下游中籼迟熟组,658.8,6.9,丰两优四号,645.2,3.2,134.3,,118.6,16.8,25.3,201.1,87.2,23.2,,,9.0,高感稻瘟病,,中感白叶枯病,,抽穗期耐热性强,,59.8,1.3,9.7,13.9,75.7,3.1,,2.0,《食用稻品种品质》,False,,436,Middle-Lower Yangtze,Single/Mid,Two-line hybrid,Unknown,0,1.0,0.0,True,False,False
3302,C两优丝苗,国审稻20186099,2018.0,国审,,True,False,True,籼,中稻,长江中下游中籼迟熟组,644.22,4.02,丰两优四号,662.47,6.54,134.7,,119.9,17.6,25.1,196.5,82.4,23.5,,,7.0,感稻瘟病,,感白叶枯病,,抽穗期耐热性较强,,66.4,7.7,27.0,13.3,87.0,3.1,,,,False,,420,Middle-Lower Yangtze,Single/Mid,Two-line hybrid,Unknown,0,,0.0,True,False,False
7832,徽两优238,国审稻20186100,2018.0,国审,,True,False,True,籼,中稻,长江中下游中籼迟熟组,640.0,3.34,丰两优四号,642.64,3.35,133.5,,124.8,16.6,25.2,191.5,82.5,25.9,,,7.0,感稻瘟病,,感白叶枯病,,抽穗期耐热性中等,,55.9,15.1,46.0,15.5,80.0,3.1,,,,False,,422,Middle-Lower Yangtze,Single/Mid,Two-line hybrid,Unknown,0,,0.0,True,False,False
439,荃优粤农丝苗,国审稻20186101,2018.0,国审,,True,True,False,籼,中稻,长江中下游中籼迟熟组,641.69,3.61,丰两优四号,657.12,5.68,132.6,,121.9,16.0,25.5,190.0,85.5,26.8,,,7.0,感稻瘟病,,感白叶枯病,,抽穗期耐热性较强,,65.2,4.7,18.0,15.2,79.0,3.1,,3.0,《食用稻品种品质》,False,,441,Middle-Lower Yangtze,Single/Mid,Three-line hybrid,Unknown,0,0.0,0.0,True,False,False
5002,九优27占,国审稻20186102,2018.0,国审,,True,True,False,籼,中稻,长江中下游中籼迟熟组,637.35,7.78,丰两优4号,615.54,6.67,134.2,,124.5,16.3,25.1,190.0,82.0,27.6,,,5.0,中感稻瘟病,,感白叶枯病,,抽穗期耐热性强,,62.6,3.0,24.0,15.4,81.5,3.1,,3.0,《优质稻谷》,False,,439,Middle-Lower Yangtze,Single/Mid,Three-line hybrid,Unknown,0,0.0,1.0,True,False,False
4341,荃优9028,国审稻20186103,2018.0,国审,,True,True,False,籼,中稻,长江中下游中籼迟熟组,622.62,4.02,丰两优4号,606.53,4.29,134.0,,123.3,16.9,26.3,185.8,82.1,26.9,,,7.0,感稻瘟病,,感白叶枯病,,抽穗期耐热性较强,,64.6,4.5,27.0,22.2,67.5,3.2,,3.0,《优质稻谷》,False,,441,Middle-Lower Yangtze,Single/Mid,Three-line hybrid,Unknown,0,0.0,0.0,True,False,False
7833,荃优1512,国审稻20186104,2018.0,国审,,True,True,False,籼,中稻,长江中下游中籼迟熟组,648.23,5.13,丰两优4号,624.99,5.6,133.7,,126.9,15.7,26.2,192.0,83.6,27.3,,,7.0,感稻瘟病,,中感白叶枯病,,抽穗期耐热性较强,,59.3,8.0,26.0,13.8,86.0,3.2,,,,False,,422,Middle-Lower Yangtze,Single/Mid,Three-line hybrid,Unknown,0,,0.0,True,False,False
4063,荃优523,国审稻20186105,2018.0,国审,,True,True,False,籼,中稻,长江中下游中籼迟熟组,642.04,3.44,丰两优4号,608.74,5.11,134.8,,127.8,14.4,25.9,198.5,81.8,27.8,,,7.0,感稻瘟病,,感白叶枯病,,抽穗期耐热性较强,,51.7,8.0,27.0,14.2,83.0,3.2,,,,False,,422,Middle-Lower Yangtze,Single/Mid,Three-line hybrid,Unknown,0,,0.0,True,False,False
3478,银两优丝苗,国审稻20186106,2018.0,国审,,True,False,True,籼,双季,晚籼早熟组,562.6,0.88,五优308,539.0,4.8,118.9,,98.6,21.1,21.8,155.7,78.4,24.1,,,7.0,感稻瘟病,,中感白叶枯病,,,耐冷性较弱,64.8,1.0,6.0,17.1,71.0,3.1,,1.0,《优质稻谷》,False,,429,Other/Unspecified,Late,Two-line hybrid,Unknown,0,1.0,0.0,True,False,False
5607,荃早优406,国审稻20186107,2018.0,国审,,True,True,False,籼,双季,晚籼早熟组,580.33,4.15,五优308,543.66,5.7,117.1,,103.7,20.4,21.3,158.3,82.2,25.0,,,7.0,感稻瘟病,,中感白叶枯病,,,耐冷性较弱,69.0,2.6,14.5,19.0,61.5,3.1,,2.0,《优质稻谷》,False,,431,Other/Unspecified,Late,Three-line hybrid,Unknown,0,1.0,0.0,True,False,False
4757,欣荣优粤农丝苗,国审稻20186108,2018.0,国审,,True,True,False,籼,双季,晚籼早熟组,586.75,2.38,五优308,573.55,3.42,116.9,,99.2,20.9,21.6,155.6,81.8,24.0,,,5.0,中感稻瘟病,,感白叶枯病,,,耐冷性中等,70.1,2.3,9.0,14.4,75.0,2.8,,2.0,《食用稻品种品质》,False,,429,Other/Unspecified,Late,Three-line hybrid,Unknown,0,1.0,1.0,True,False,False
5838,安优美占,国审稻20186109,2018.0,国审,,True,True,False,籼,双季,晚籼早熟组,563.86,1.13,五优308,533.62,4.21,119.2,,105.5,18.7,22.5,170.8,80.6,24.7,,,7.0,感稻瘟病,,中感白叶枯病,,,耐冷性弱,59.0,0.6,9.0,21.3,61.0,3.2,,1.0,《优质稻谷》,False,,426,Other/Unspecified,Late,Three-line hybrid,Unknown,0,1.0,0.0,True,False,False
7582,19两优华占,国审稻20186110,2018.0,国审,,True,False,True,籼,双季,晚籼早熟组,601.8,4.3,五优308,539.0,0.8,119.3,,103.3,22.9,21.8,153.6,76.2,24.2,,,7.0,感稻瘟病,,中感白叶枯病,,,耐冷性较强,68.5,1.3,8.3,14.7,68.6,3.3,,2.0,《食用稻品种品质》,False,,425,Other/Unspecified,Late,Two-line hybrid,Unknown,0,1.0,0.0,True,False,False
4071,鹏优1269,国审稻20186111,2018.0,国审,,True,True,False,籼,双季,晚籼早熟组,594.6,3.0,五优308,566.9,5.98,120.0,,110.5,19.8,22.2,148.7,81.8,26.7,,,3.0,中抗稻瘟病,,中感白叶枯病,,,耐冷性弱,70.7,0.6,5.7,14.2,67.7,3.2,,1.0,《食用稻品种品质》,False,,419,Other/Unspecified,Late,Three-line hybrid,Unknown,0,1.0,1.0,False,False,False
6184,鹏优5774,国审稻20186112,2018.0,国审,,True,True,False,籼,双季,长江中下游中籼迟熟组,598.5,3.7,五优308,550.9,3.0,119.6,,98.4,20.7,22.0,136.8,83.8,27.3,,,7.0,感稻瘟病,,中感白叶枯病,,,耐冷性弱,69.8,2.8,14.3,14.8,68.0,3.1,,2.0,《食用稻品种品质》,False,,430,Middle-Lower Yangtze,Single/Mid,Three-line hybrid,Unknown,0,1.0,0.0,True,False,False
4521,桃优205,国审稻20186113,2018.0,国审,,True,True,False,籼,双季,晚籼早熟组,593.6,2.9,五优308,538.8,0.7,118.6,,105.3,20.1,23.3,146.2,78.7,27.6,,,7.0,感稻瘟病,,中感白叶枯病,,,耐冷性较弱,65.0,0.5,5.0,15.3,70.0,3.5,,2.0,《食用稻品种品质》,False,,428,Other/Unspecified,Late,Three-line hybrid,Unknown,0,1.0,0.0,True,False,False
6477,六福优1066,国审稻20186114,2018.0,国审,,True,True,False,籼,双季,晚籼早熟组,598.98,4.02,五优308,606.24,4.76,113.1,,99.6,20.6,22.5,144.1,84.1,25.7,,,7.0,感稻瘟病,,感白叶枯病,,,耐冷性中等,68.1,2.1,7.0,13.8,70.0,3.3,,2.0,《食用稻品种品质》,False,,432,Other/Unspecified,Late,Three-line hybrid,Unknown,0,1.0,0.0,True,False,False
7465,黔丰优900,国审稻20186115,2018.0,国审,,True,True,False,籼,双季,晚籼早熟组,596.05,3.43,五优308,598.76,3.47,114.4,,100.6,18.5,23.7,164.9,84.3,26.1,,,7.0,感稻瘟病,,感白叶枯病,,,耐冷性中等,58.2,5.0,22.0,15.7,80.0,2.9,,3.0,《优质稻谷》,False,,427,Other/Unspecified,Late,Three-line hybrid,Unknown,0,0.0,0.0,True,False,False
5790,天两优682,国审稻20186116,2018.0,国审,,True,False,True,籼,双季,晚籼早熟组,594.44,3.23,五优308,612.12,5.78,114.2,,101.1,17.8,22.4,166.8,85.0,27.4,,,7.0,感稻瘟病,,感白叶枯病,,,耐冷性较强,60.5,3.6,11.0,14.2,68.0,3.2,,3.0,《食用稻品种品质》,False,,435,Other/Unspecified,Late,Two-line hybrid,Unknown,0,0.0,0.0,True,False,False
7548,五丰优9989,国审稻20186117,2018.0,国审,,True,True,False,籼,双季,晚籼早熟组,598.72,4.02,五优308,594.1,2.67,114.4,,99.2,19.7,22.3,149.6,83.6,26.7,,,7.0,感稻瘟病,,感白叶枯病,,,耐冷性中等,63.0,4.6,19.0,15.3,65.0,2.8,,3.0,《优质稻谷》,False,,423,Other/Unspecified,Late,Three-line hybrid,Unknown,0,0.0,0.0,True,False,False
6842,科优8440,国审稻20186118,2018.0,国审,,True,True,False,籼,双季,晚籼早熟组,601.49,4.63,五优308,625.9,1.78,117.8,,111.1,16.5,23.6,199.2,77.6,27.3,,,9.0,高感稻瘟病,,感白叶枯病,,,耐冷性中等,59.8,5.9,28.0,20.6,42.0,3.0,,,,False,,413,Other/Unspecified,Late,Three-line hybrid,Unknown,0,,0.0,True,False,False
5405,玖两优佳辐占,国审稻20186120,2018.0,国审,,True,False,True,籼,双季,晚籼早熟组,605.16,4.56,五优308,650.74,5.82,117.8,,104.0,19.8,23.1,142.4,82.5,28.2,,,7.0,感稻瘟病,,感白叶枯病,,,耐冷性较强,65.3,5.2,24.0,20.8,50.0,3.2,,,,False,,410,Other/Unspecified,Late,Two-line hybrid,Unknown,0,,0.0,True,False,False
4509,桃湘优华占,国审稻20186121,2018.0,国审,,True,True,False,籼,双季,晚籼早熟组,600.0,3.67,五优308,629.4,2.35,117.9,,101.7,21.0,22.5,171.2,81.6,23.4,,,5.0,中感稻瘟病,,感白叶枯病,,,耐冷性中等,61.4,2.8,13.0,18.0,50.0,3.0,,2.0,《优质稻谷》,False,,425,Other/Unspecified,Late,Three-line hybrid,Unknown,0,1.0,1.0,True,False,False
7583,安丰优5466,国审稻20186122,2018.0,国审,,True,True,False,籼,双季,晚籼早熟组,584.2,6.07,五优308,579.15,6.89,118.0,,99.3,20.8,22.0,147.8,84.1,26.2,,,5.0,中感稻瘟病,,中感白叶枯病,,,,62.1,2.7,19.3,23.6,84.0,3.2,,,,False,,404,Other/Unspecified,Late,Three-line hybrid,Unknown,0,,1.0,True,False,False
7566,泰丰优218,国审稻20186124,2018.0,国审,,True,True,False,籼,双季,晚籼早熟组,591.68,5.29,五优308,561.49,3.63,119.0,,108.4,20.9,22.2,149.6,78.4,26.4,,,7.0,感稻瘟病,,高感白叶枯病,,,,52.6,2.7,15.3,16.6,84.0,3.6,,3.0,《优质稻谷》,False,,419,Other/Unspecified,Late,Three-line hybrid,Unknown,0,0.0,0.0,True,False,False
6783,五丰优5466,国审稻20186125,2018.0,国审,,True,True,False,籼,双季,晚籼早熟组,581.71,5.62,五优308,582.84,7.57,118.0,,99.6,21.6,21.8,151.7,83.1,24.1,,,7.0,感稻瘟病,,感白叶枯病,,,,68.4,1.5,10.0,16.9,85.0,3.0,,3.0,《食用稻品种品质》,False,,422,Other/Unspecified,Late,Three-line hybrid,Unknown,0,0.0,0.0,True,False,False
7076,隆优4456,国审稻20186126,2018.0,国审,,True,True,False,籼,双季,晚籼早熟组,572.83,0.57,五优308,558.84,3.05,117.1,,99.3,19.4,22.2,151.4,82.7,26.4,,,5.0,中感稻瘟病,,中感白叶枯病,,,耐冷性较弱,64.3,3.8,14.0,13.8,70.0,3.5,,3.0,《食用稻品种品质》,False,,436,Other/Unspecified,Late,Three-line hybrid,Unknown,0,0.0,1.0,True,False,False
4867,隆优534,国审稻20186127,2018.0,国审,,True,True,False,籼,双季,晚籼早熟组,575.18,0.98,五优308,546.6,0.79,116.1,,100.9,21.1,21.8,159.2,79.9,23.8,,,7.0,感稻瘟病,,中感白叶枯病,,,耐冷性较弱,65.0,4.7,22.0,16.5,52.0,3.5,,3.0,《优质稻谷》,False,,426,Other/Unspecified,Late,Three-line hybrid,Unknown,0,0.0,0.0,True,False,False
3719,隆优丝苗,国审稻20186128,2018.0,国审,,True,True,False,籼,双季,晚籼早熟组,570.35,0.14,五优308,543.79,0.27,117.7,,100.8,20.5,21.9,166.8,77.8,24.6,,,5.0,中感稻瘟病,,中感白叶枯病,,,耐冷性弱,64.5,4.3,19.0,16.3,74.0,3.5,,3.0,《食用稻品种品质》,False,,434,Other/Unspecified,Late,Three-line hybrid,Unknown,0,0.0,1.0,True,False,False
4977,玖两优10,国审稻20186129,2018.0,国审,,True,False,True,籼,双季,晚籼早熟组,609.97,1.77,五优308,558.22,2.77,116.1,,101.5,19.4,22.6,175.7,82.9,22.9,,,5.0,中感稻瘟病,,感白叶枯病,,,耐冷性较弱,69.0,4.5,16.0,18.8,50.0,2.9,,3.0,《食用稻品种品质》,False,,430,Other/Unspecified,Late,Two-line hybrid,Unknown,0,0.0,1.0,True,False,False
7376,五优19,国审稻20186130,2018.0,国审,,True,True,False,籼,双季,晚籼早熟组,609.8,4.0,五优308,577.5,1.3,119.7,,107.0,20.5,22.1,153.6,82.6,25.9,,,5.0,中感稻瘟病,,高感白叶枯病,,,耐冷性中,65.0,4.9,22.0,16.8,56.0,3.0,,3.0,《优质稻谷》,False,,413,Other/Unspecified,Late,Three-line hybrid,Unknown,0,0.0,1.0,True,False,False
7366,扬籼优633,国审稻20186131,2018.0,国审,,True,True,False,籼,双季,晚籼中迟熟组,582.93,3.73,天优华占,608.85,2.62,119.1,-0.2,102.3,20.3,22.5,173.1,78.5,22.3,,,,中感稻瘟病,5.0,中感白叶枯病,9.0,,耐冷性较弱,69.2,7.3,24.0,13.6,70.0,3.4,,,,False,,424,Other/Unspecified,Late,Three-line hybrid,Unknown,0,,,True,False,False
7205,和两优627,国审稻20186132,2018.0,国审,,True,False,True,籼,双季,华南感光晚籼组,506.7,11.85,博优998,490.93,6.07,115.7,,112.3,19.7,25.1,140.5,84.6,26.9,,,9.0,高感稻瘟病,,高感白叶枯病,,,,59.0,1.8,22.0,14.5,76.0,3.4,,2.0,《食用稻品种品质》,False,,431,South China,Late,Two-line hybrid,Unknown,0,1.0,0.0,True,False,False
6552,广星优1380,国审稻20186133,2018.0,国审,,True,True,False,籼,双季,华南感光晚籼组,483.9,6.82,博优998,481.8,4.1,117.9,,108.0,15.8,24.1,185.4,77.9,23.6,,,7.0,感稻瘟病,,高感白叶枯病,,,,63.8,4.0,32.0,21.5,62.0,3.2,,3.0,《食用稻品种品质》,False,,423,South China,Late,Three-line hybrid,Unknown,0,0.0,0.0,True,False,False
5760,兆优6319,国审稻20186134,2018.0,国审,,True,True,False,籼,双季,华南感光晚籼组,475.86,5.04,博优998,474.33,2.49,117.3,,111.7,15.4,25.7,146.9,82.8,28.4,,,9.0,高感稻瘟病,,感白叶枯病,,,,53.0,0.6,8.0,15.5,76.0,3.6,,3.0,《食用稻品种品质》,False,,421,South China,Late,Three-line hybrid,Unknown,0,0.0,0.0,True,False,False
7299,N两优581,国审稻20186135,2018.0,国审,,True,False,True,籼,双季,华南感光晚籼组,492.06,7.54,博优998,488.39,11.78,118.3,,115.2,17.5,24.9,158.3,79.9,24.9,,,5.0,中感稻瘟病,,中感白叶枯病,,,,64.8,2.7,26.0,16.9,82.0,3.2,,2.0,《优质稻谷》,False,,424,South China,Late,Two-line hybrid,Unknown,0,1.0,1.0,True,False,False
6567,C两优66,国审稻20186136,2018.0,国审,,True,False,True,籼,双季,华南感光晚籼组,488.78,6.82,博优998,458.48,4.93,112.8,,107.6,17.2,23.8,147.1,81.2,27.7,,,5.0,中感稻瘟病,,中感白叶枯病,,,,58.7,6.0,44.0,16.2,86.0,3.3,,,,False,,408,South China,Late,Two-line hybrid,Unknown,0,,1.0,True,False,False
6996,望两优581,国审稻20186137,2018.0,国审,,True,False,True,籼,双季,华南感光晚籼组,492.33,7.6,博优998,482.73,8.86,118.1,,112.3,17.5,24.3,159.4,79.1,24.9,,,5.0,中感稻瘟病,,中感白叶枯病,,,,64.8,3.6,16.0,15.4,70.0,3.3,,3.0,《食用稻品种品质》,False,,425,South China,Late,Two-line hybrid,Unknown,0,0.0,1.0,True,False,False
5779,韵两优633,国审稻20186138,2018.0,国审,,True,False,True,籼,双季,华南感光晚籼组,477.42,4.04,博优998,481.59,3.0,119.3,,108.0,16.8,23.1,158.4,79.3,24.9,,,3.0,中抗稻瘟病,,感白叶枯病,,,,66.5,2.4,11.0,15.4,63.0,3.1,,2.0,《食用稻品种品质》,False,,427,South China,Late,Two-line hybrid,Unknown,0,1.0,1.0,False,False,False
4379,晶两优1686,国审稻20186139,2018.0,国审,,True,False,True,籼,双季,华南感光晚籼组,498.5,6.48,博优998,531.09,8.46,117.1,,114.1,16.7,24.2,165.4,81.8,25.4,,,3.0,中抗稻瘟病,,感白叶枯病,,,,65.6,4.8,21.0,16.1,75.0,3.0,,3.0,《食用稻品种品质》,False,,427,South China,Late,Two-line hybrid,Unknown,0,0.0,1.0,False,False,False
7455,晶两优4952,国审稻20186140,2018.0,国审,,True,False,True,籼,双季,华南感光晚籼组,493.52,5.39,博优998,529.49,8.13,117.3,,111.9,16.4,24.3,168.1,80.6,25.2,,,3.0,中抗稻瘟病,,感白叶枯病,,,,67.2,4.5,21.0,16.2,70.0,3.1,,3.0,《食用稻品种品质》,False,,429,South China,Late,Two-line hybrid,Unknown,0,0.0,1.0,False,False,False
3221,晶两优8612,国审稻20186141,2018.0,国审,,True,False,True,籼,双季,华南感光晚籼组,497.9,6.35,博优998,508.51,9.7,117.4,,109.1,16.2,24.3,178.1,79.6,25.0,,,3.0,中抗稻瘟病,,感白叶枯病,,,,67.1,4.1,19.0,16.7,73.0,3.1,,3.0,《食用稻品种品质》,False,,429,South China,Late,Two-line hybrid,Unknown,0,0.0,1.0,False,False,False
4468,隆两优3463,国审稻20186142,2018.0,国审,,True,False,True,籼,双季,华南感光晚籼组,493.45,5.4,博优998,482.02,3.99,116.8,,110.6,15.8,22.9,154.6,79.9,27.9,,,3.0,中抗稻瘟病,,感白叶枯病,,,,64.4,4.8,21.0,15.3,77.0,3.1,,3.0,《食用稻品种品质》,False,,428,South China,Late,Two-line hybrid,Unknown,0,0.0,1.0,False,False,False
4355,韵两优827,国审稻20186143,2018.0,国审,,True,False,True,籼,双季,华南感光晚籼组,551.12,9.19,博优998,516.19,5.41,116.0,,107.6,18.5,23.6,163.3,81.4,23.4,,,3.0,中抗稻瘟病,,感白叶枯病,,,,66.4,3.7,15.0,15.6,71.0,3.1,,3.0,《食用稻品种品质》,False,,428,South China,Late,Two-line hybrid,Unknown,0,0.0,1.0,False,False,False
5865,德优4938,国审稻20190001,2019.0,国审,,True,True,False,籼,中稻,长江上游中籼迟熟组,663.08,3.59,F优498,626.66,7.21,155.7,3.0,126.0,13.8,26.0,197.9,76.4,33.8,,,3.0,中抗稻瘟病,,,9.0,抽穗期耐热性5级,耐冷性3级,42.4,5.8,,15.2,82.0,2.7,,,,False,四川省农业科学院水稻高粱研究所,431,Upper Yangtze,Single/Mid,Three-line hybrid,Public,1,,1.0,False,False,False
6051,荃优665,国审稻20190002,2019.0,国审,,True,True,False,籼,中稻,长江上游中籼迟熟组,656.11,3.28,F优498,613.16,4.9,154.0,1.7,111.1,15.4,23.9,174.0,83.7,31.0,,,7.0,感稻瘟病,,,9.0,抽穗期耐热性3级,耐冷性5级,53.7,9.1,50.0,15.1,75.0,2.9,,,,True,湖南金健种业科技有限公司,438,Upper Yangtze,Single/Mid,Three-line hybrid,Enterprise,1,,0.0,True,False,False
6052,川345优2115,国审稻20190003,2019.0,国审,,True,True,False,籼,中稻,长江上游中籼迟熟组,645.61,1.5,F优498,604.77,3.47,154.6,1.9,120.4,14.9,26.0,167.0,81.4,33.7,,,3.0,中抗稻瘟病,,,9.0,,,50.6,5.2,44.0,17.7,85.0,3.1,,,,False,四川农业大学农学院、四川省农业科学院作物研究所,411,Upper Yangtze,Single/Mid,Three-line hybrid,Public,2,,1.0,False,False,False
4943,荃优259,国审稻20190004,2019.0,国审,,True,True,False,籼,中稻,长江上游中籼迟熟组,630.85,1.06,F优498,612.85,4.85,153.0,1.4,108.5,15.9,24.2,192.8,83.4,27.0,,,7.0,感稻瘟病,,,9.0,抽穗期耐热性3级,耐冷性3级,73.9,1.7,9.0,16.3,74.0,3.0,,2.0,《食用稻品种品质》,True,江西先农种业有限公司,459,Upper Yangtze,Single/Mid,Three-line hybrid,Enterprise,1,1.0,0.0,True,False,False
7097,隆两优6878,国审稻20190006,2019.0,国审,,True,False,True,籼,中稻,长江中下游中籼迟熟组,618.29,2.82,丰两优四号,667.53,3.66,138.2,1.6,133.5,14.6,26.4,201.7,81.5,27.8,,,3.0,中抗稻瘟病,7.0,感白叶枯病,9.0,抽穗期耐热性3级,,57.2,2.6,15.0,13.8,78.0,3.1,,3.0,《食用稻品种品质》,False,湖南百分农业科技有限公司,467,Middle-Lower Yangtze,Single/Mid,Two-line hybrid,Enterprise,1,0.0,1.0,False,False,False
6997,两优9028,国审稻20190007,2019.0,国审,,True,False,True,籼,中稻,,629.74,4.56,丰两优四号,608.99,5.68,137.0,0.5,130.2,16.0,27.9,181.8,80.7,27.7,,,9.0,高感稻瘟病,5.0,中感白叶枯病,9.0,抽穗期耐热性5级,,47.2,2.0,15.0,14.3,67.0,3.6,,,,False,安徽隆平高科种业有限公司,443,Other/Unspecified,Single/Mid,Two-line hybrid,Enterprise,1,,0.0,True,False,False
6519,两优1931,国审稻20190008,2019.0,国审,,True,False,True,籼,中稻,,644.96,7.42,丰两优四号,606.89,5.31,132.8,-204.0,121.6,17.4,24.0,206.1,84.2,23.2,,,5.0,中感稻瘟病,3.0,中抗白叶枯病,,,,60.8,2.4,18.0,17.9,68.0,3.2,,2.0,《食用稻品种品质》,False,安徽省农业科学院水稻研究所,431,Other/Unspecified,Single/Mid,Two-line hybrid,Public,1,1.0,1.0,True,False,False
5628,翔两优316,国审稻20190009,2019.0,国审,,True,False,True,籼,中稻,,636.81,6.06,丰两优四号,614.08,6.6,139.8,4.6,127.5,16.6,25.0,205.0,80.8,23.9,,,5.0,中感稻瘟病,5.0,中感白叶枯病,9.0,抽穗期耐热性5级,,62.9,0.5,5.0,14.8,77.0,3.1,,3.0,《食用稻品种品质》,False,合肥科翔种业研究所,460,Other/Unspecified,Single/Mid,Two-line hybrid,Joint,1,0.0,1.0,True,False,False
737,隆两优8612,国审稻20190010,2019.0,国审,,True,False,True,籼,中稻,长江中下游中籼迟熟组,660.63,8.56,丰两优四号,637.67,10.59,137.1,2.4,130.4,16.7,26.1,203.3,82.1,25.7,,,3.0,中抗稻瘟病,7.0,感白叶枯病,9.0,抽穗期耐热性较强,,59.8,0.8,7.0,13.6,79.0,3.1,,,,False,安徽隆平高科种业有限公司,446,Middle-Lower Yangtze,Single/Mid,Two-line hybrid,Enterprise,1,,1.0,False,False,False
6221,两优7871,国审稻20190011,2019.0,国审,,True,False,True,籼,中稻,,633.93,4.34,丰两优四号,639.59,2.42,130.0,-6.0,118.1,14.7,25.2,204.2,77.8,27.8,,,9.0,高感稻瘟病,7.0,感白叶枯病,,,,57.6,1.0,8.0,13.3,71.0,3.3,,3.0,《食用稻品种品质》,False,安徽省农业科学院水稻研究所,426,Other/Unspecified,Single/Mid,Two-line hybrid,Public,1,0.0,0.0,True,False,False
7437,两优1316,国审稻20190012,2019.0,国审,,True,False,True,籼,中稻,,633.49,4.27,丰两优四号,661.93,5.64,136.8,0.8,121.6,17.3,24.5,204.6,77.2,23.8,,,7.0,感稻瘟病,5.0,中感白叶枯病,9.0,抽穗期耐热性3级,,58.0,0.9,6.0,14.2,75.0,3.2,,3.0,《食用稻品种品质》,False,湖南金健种业科技有限公司,461,Other/Unspecified,Single/Mid,Two-line hybrid,Enterprise,1,0.0,0.0,True,False,False
6222,鹏优国泰,国审稻20190013,2019.0,国审,,True,True,False,籼,中稻,,607.96,0.07,丰两优四号,649.34,1.68,140.0,4.0,120.7,16.4,24.7,187.1,81.5,24.7,,,9.0,高感稻瘟病,5.0,中感白叶枯病,9.0,抽穗期耐热性3级,,61.9,2.4,12.0,16.0,65.0,3.3,,2.0,《食用稻品种品质》,False,湖北省种子集团有限公司、广东和丰种业科技有限公司,454,Other/Unspecified,Single/Mid,Three-line hybrid,Enterprise,2,1.0,0.0,True,False,False
6336,金两优华占,国审稻20190014,2019.0,国审,,True,False,True,籼,中稻,,648.48,6.66,丰两优四号,690.17,8.04,132.4,-2.0,116.7,18.2,23.9,203.3,81.0,22.3,,,5.0,中感稻瘟病,7.0,感白叶枯病,9.0,抽穗期耐热性3级,,58.7,0.7,6.0,14.3,78.0,3.3,,,,False,湖南金健种业科技有限公司,435,Other/Unspecified,Single/Mid,Two-line hybrid,Enterprise,1,,1.0,True,False,False
5336,徽两优280,国审稻20190015,2019.0,国审,,True,False,True,籼,中稻,,645.75,6.21,丰两优四号,676.43,5.89,135.9,1.5,122.9,16.7,24.5,216.8,79.3,23.6,,,5.0,中感稻瘟病,,感白叶枯病,,抽穗期耐热性3级,,63.6,0.8,5.0,14.4,74.0,3.4,,3.0,《食用稻品种品质》,False,江西金信种业有限公司、安徽省农业科学院水稻研究所,467,Other/Unspecified,Single/Mid,Two-line hybrid,Joint,2,0.0,1.0,True,False,False
6784,创两优965,国审稻20190016,2019.0,国审,,True,False,True,籼,中稻,,646.37,5.82,丰两优四号,631.74,9.41,135.6,,116.7,17.4,23.6,217.4,78.2,22.5,,,7.0,感稻瘟病,7.0,感白叶枯病,9.0,抽穗期耐热性3级,,57.6,1.5,8.0,14.4,74.0,3.3,,3.0,《食用稻品种品质》,False,湖南鑫盛华丰种业科技有限公司、湖南农业大学,462,Other/Unspecified,Single/Mid,Two-line hybrid,Joint,2,0.0,0.0,True,False,False
5437,旺两优1577,国审稻20190017,2019.0,国审,,True,False,True,籼,中稻,长江中下游中籼迟熟组,660.48,7.62,丰两优四号,617.82,7.46,135.5,1.3,118.4,15.2,27.5,235.1,81.6,23.4,,,7.0,感稻瘟病,5.0,中感白叶枯病,9.0,抽穗期耐热性3级,,65.1,0.3,3.0,14.7,78.0,3.1,,3.0,《食用稻品种品质》,False,创世纪种业有限公司,463,Middle-Lower Yangtze,Single/Mid,Two-line hybrid,Enterprise,1,0.0,0.0,True,False,False
6872,旺两优958,国审稻20190018,2019.0,国审,,True,False,True,籼,中稻,长江中下游中籼迟熟组,655.32,7.64,丰两优四号,611.96,5.86,132.7,-2.4,114.0,17.8,25.2,188.6,82.5,24.3,,,7.0,感稻瘟病,7.0,感白叶枯病,9.0,抽穗期耐热性3级,,55.4,1.7,12.0,13.9,72.0,3.2,,3.0,《食用稻品种品质》,False,湖南袁创超级稻技术有限公司,462,Middle-Lower Yangtze,Single/Mid,Two-line hybrid,Enterprise,1,0.0,0.0,True,False,False
7534,隆两优8401,国审稻20190019,2019.0,国审,,True,False,True,籼,中稻,长江中下游中籼迟熟组,637.78,4.76,丰两优四号,604.97,5.3,138.0,2.9,132.1,16.3,24.7,201.2,80.2,25.4,,,3.0,中抗稻瘟病,9.0,高感白叶枯病,9.0,抽穗期耐热性较强,,64.2,0.7,5.0,13.1,80.0,3.2,,,,False,湖南百分农业科技有限公司,446,Middle-Lower Yangtze,Single/Mid,Two-line hybrid,Enterprise,1,,1.0,False,False,False
4801,晶两优5438,国审稻20190020,2019.0,国审,,True,False,True,籼,中稻,,646.44,6.42,丰两优四号,691.04,7.37,137.5,2.5,126.0,16.4,25.8,211.4,83.4,23.7,,,3.0,中抗稻瘟病,7.0,感白叶枯病,9.0,抽穗期耐热性较强,,60.6,2.2,10.0,14.3,75.0,3.2,,3.0,《食用稻品种品质》,False,文山州农业科学院,465,Other/Unspecified,Single/Mid,Two-line hybrid,Public,1,0.0,1.0,False,False,False
3852,Y两优2098,国审稻20190021,2019.0,国审,,True,False,True,籼,中稻,,650.44,7.08,丰两优四号,688.22,7.07,138.8,3.9,126.9,14.4,29.7,230.9,79.4,25.0,,,7.0,感稻瘟病,5.0,中感白叶枯病,9.0,抽穗期耐热性3级,,65.2,1.1,6.0,14.6,73.0,3.0,,2.0,《食用稻品种品质》,False,广西燕坤农业科技有限公司,460,Other/Unspecified,Single/Mid,Two-line hybrid,Enterprise,1,1.0,0.0,True,False,False
7535,顺优656,国审稻20190022,2019.0,国审,,True,True,False,籼,双季,长江中下游晚籼早熟组,627.21,5.56,五优308,579.69,4.6,116.1,-3.3,102.1,22.0,22.3,161.3,86.6,23.4,,,7.0,感稻瘟病,5.0,中感白叶枯病,5.0,,耐冷性3级,63.7,1.4,8.0,16.0,70.0,3.2,,3.0,《食用稻品种品质》,False,湖南鑫盛华丰种业科技有限公司、岳阳市金穗作物研究所,453,Middle-Lower Yangtze,Late,Three-line hybrid,Joint,2,0.0,0.0,True,False,False
6951,玖两优305,国审稻20190023,2019.0,国审,,True,False,True,籼,双季,长江中下游晚籼早熟组,607.7,5.46,五优308,586.36,5.8,118.0,-1.9,100.6,21.8,23.0,178.6,77.6,23.6,,,9.0,高感稻瘟病,5.0,中感白叶枯病,9.0,,耐冷性5级,68.2,2.9,12.0,23.9,45.0,3.0,,,,False,湖北铁信种业有限公司,435,Middle-Lower Yangtze,Late,Two-line hybrid,Enterprise,1,,0.0,True,False,False
6843,邵两优007,国审稻20190024,2019.0,国审,,True,False,True,籼,双季,长江中下游晚籼早熟组,580.71,0.68,五优308,571.01,3.03,119.1,-0.8,102.4,21.2,21.8,159.0,83.3,24.7,,,3.0,中抗稻瘟病,7.0,感白叶枯病,7.0,,耐冷性3级,66.9,1.2,7.0,18.3,74.0,3.2,,3.0,《食用稻品种品质》,False,湖南绿丰种业科技有限公司,452,Middle-Lower Yangtze,Late,Two-line hybrid,Enterprise,1,0.0,1.0,False,False,False
5818,湘优269,国审稻20190025,2019.0,国审,,True,True,False,籼,双季,晚籼早熟组,621.31,5.64,五优308,590.73,7.99,119.1,-1.6,104.2,19.5,22.2,167.8,79.3,28.2,,,9.0,高感稻瘟病,9.0,高感白叶枯病,7.0,,耐冷性7级,63.8,3.9,29.0,15.5,82.0,3.0,,3.0,《优质稻谷》,False,安徽袁粮水稻产业有限公司,446,Other/Unspecified,Late,Three-line hybrid,Enterprise,1,0.0,0.0,True,False,False
4880,隆晶优4013,国审稻20190026,2019.0,国审,,True,True,False,籼,双季,长江中下游晚籼中迟熟组,576.55,-1.89,天优华占,566.41,0.63,120.9,1.0,112.6,19.8,23.5,161.0,81.8,25.7,,,3.0,中抗稻瘟病,7.0,感白叶枯病,9.0,,,60.8,0.9,4.0,15.5,72.0,3.4,,1.0,《食用稻品种品质》,False,湖南亚华种业科学研究院,443,Middle-Lower Yangtze,Late,Three-line hybrid,Enterprise,1,1.0,1.0,False,False,False
5718,浙粳优1578,国审稻20190028,2019.0,国审,,True,True,False,粳,晚稻,长江中下游单季晚粳组,724.46,12.71,嘉优5号,764.76,13.06,161.7,3.4,119.8,15.5,20.7,272.0,78.4,24.3,,,,中抗稻瘟病,5.0,中感白叶枯病,9.0,,,70.0,1.7,13.0,15.3,76.0,2.2,,3.0,《食用稻品种品质》,False,浙江勿忘农种业股份有限公司,460,Middle-Lower Yangtze,Late,Three-line hybrid,Enterprise,1,0.0,,False,False,False
7767,甬优7861,国审稻20190029,2019.0,国审,,True,True,False,粳,晚稻,长江中下游单季晚粳组,680.21,5.83,嘉优5号,744.45,10.06,160.2,1.9,120.3,15.6,22.0,251.8,82.1,24.4,,,,中抗稻瘟病,5.0,中感白叶枯病,,,,71.4,1.9,11.0,15.2,71.0,2.3,,2.0,《食用稻品种品质》,False,宁波市种子有限公司,446,Middle-Lower Yangtze,Late,Three-line hybrid,Enterprise,1,1.0,,False,False,False
4544,晶两优534,国审稻20190033,2019.0,国审,,True,False,True,籼,中稻,武陵山区中籼组,627.52,2.02,瑞优399,579.38,1.7,146.1,-2.7,113.8,18.5,24.9,184.0,83.2,23.5,,,,抗稻瘟病,,,,,耐冷性5级,63.9,4.3,19.0,15.3,68.0,3.0,,3.0,《食用稻品种品质》,False,湖南亚华种业科学研究院,450,Wuling Mountains,Single/Mid,Two-line hybrid,Enterprise,1,0.0,,False,False,False
7324,晶两优1206,国审稻20190034,2019.0,国审,,True,False,True,籼,中稻,武陵山区中籼组,632.71,2.86,瑞优399,597.72,4.92,146.1,-2.7,115.5,17.5,25.1,185.0,84.9,24.4,,,,抗稻瘟病,,,,,耐冷性5级,65.3,2.0,8.0,14.3,79.0,3.0,,2.0,《食用稻品种品质》,False,袁隆平农业高科技股份有限公司,450,Wuling Mountains,Single/Mid,Two-line hybrid,Enterprise,1,1.0,,False,False,False
6330,宏稻59,国审稻20190035,2019.0,国审,,False,False,False,粳,,,642.08,6.67,徐稻3号,649.99,6.11,156.7,1.2,101.7,21.4,16.8,144.3,84.5,25.9,,,,中抗稻瘟病,,,,,,70.5,2.9,12.3,15.1,75.0,1.8,,2.0,《食用稻品种品质》,False,河南师范大学水稻新种质研究所、河南菡香生态农业专业合作社,425,Other/Unspecified,Unspecified,Inbred/Other,Public,2,1.0,,False,False,False
7568,津粳253,国审稻20190037,2019.0,国审,,False,False,False,粳,,京津唐粳稻组,686.3,10.56,津原45,617.86,10.37,177.5,3.0,103.3,23.3,15.1,117.8,93.9,26.7,,,,中感稻瘟病,,,,,,71.8,5.0,24.0,15.4,67.0,1.7,,3.0,《优质稻谷》,False,天津市水稻研究所,417,North/Huanghuai,Single/Mid,Inbred/Other,Public,1,0.0,,True,False,False
7736,吉洋46,国审稻20190039,2019.0,国审,,False,False,False,粳,,早粳晚熟组,687.58,10.26,吉玉粳,599.78,7.69,149.7,5.2,108.4,24.4,18.7,124.2,86.0,25.2,,,,抗稻瘟病,,,,,,73.5,5.0,14.7,14.0,68.0,1.8,,3.0,《食用稻品种品质》,False,梅河口吉洋种业有限责任公司、吉林省吉阳农业科学研究院,406,Other/Unspecified,Early,Inbred/Other,Enterprise,2,0.0,,False,False,False
4828,中早59,国审稻20190040,2019.0,国审,,False,False,False,籼,双季,长江中下游早籼早中熟组,530.29,2.35,中早35,549.2,4.39,111.3,-0.1,88.7,19.6,17.9,148.1,83.8,25.3,,,,中抗稻瘟病,7.0,感白叶枯病,,,,58.4,15.5,85.0,24.7,48.0,1.9,,,,False,中国水稻研究所、江西红一种业科技股份有限公司,422,Middle-Lower Yangtze,Early,Inbred/Other,Joint,2,,,False,False,False
6761,旌优4945,国审稻20190041,2019.0,国审,,True,True,False,籼,中稻,长江上游中籼迟熟组,668.49,6.76,F优498,687.29,9.39,151.9,0.6,112.6,16.0,24.2,217.2,83.2,25.3,,,7.0,感稻瘟病,,,9.0,抽穗期耐热性3级,耐冷性5级,57.9,5.0,16.0,15.7,74.0,3.1,5.0,3.0,《食用稻品种品质》,False,四川泰谷农业科技有限公司,470,Upper Yangtze,Single/Mid,Three-line hybrid,Enterprise,1,0.0,0.0,True,False,False
7601,隆晶优1273,国审稻20190042,2019.0,国审,,True,True,False,籼,中稻,长江上游中籼迟熟组,651.75,4.09,F优498,670.64,7.22,150.0,-1.3,103.9,17.0,24.5,170.2,85.9,28.3,,,5.0,中感稻瘟病,,,9.0,抽穗期耐热性3级,耐冷性5级,49.1,2.8,9.0,15.1,76.0,3.0,6.3,,,False,文山壮族苗族自治州农业科学院,455,Upper Yangtze,Single/Mid,Three-line hybrid,Public,1,,1.0,True,False,False
7780,雅7优5049,国审稻20190044,2019.0,国审,,True,True,False,籼,中稻,长江上游中籼迟熟组,655.47,4.68,F优498,678.44,7.99,152.0,0.7,118.1,15.3,25.5,188.5,83.9,29.6,,,5.0,中感稻瘟病,,,9.0,抽穗期耐热性3级,耐冷性5级,59.9,11.0,50.0,24.7,64.0,3.1,,,,False,四川嘉禾种子有限公司,445,Upper Yangtze,Single/Mid,Three-line hybrid,Enterprise,1,,1.0,True,False,False
5481,梦两优丝苗,国审稻20190046,2019.0,国审,,True,False,True,籼,中稻,长江上游中籼迟熟组,656.33,4.82,F优498,668.29,6.37,153.0,1.7,108.6,17.0,23.4,191.0,85.3,25.1,,,5.0,中感稻瘟病,,,9.0,抽穗期耐热性3级,耐冷性5级,52.1,2.8,10.0,14.3,88.0,2.9,,3.0,《食用稻品种品质》,False,广汉泰利隆农作物研究所,461,Upper Yangtze,Single/Mid,Two-line hybrid,Public,1,0.0,1.0,True,False,False
7506,晶两优金九占,国审稻20190047,2019.0,国审,,True,False,True,籼,中稻,长江上游中籼迟熟组,669.21,6.88,F优498,666.34,6.53,153.4,2.1,110.2,16.2,24.6,204.4,83.7,25.5,,,5.0,中感稻瘟病,,,9.0,抽穗期耐热性3级,耐冷性5级,64.4,3.6,16.0,15.7,67.0,2.8,,3.0,《食用稻品种品质》,False,四川比特利种业有限责任公司,464,Upper Yangtze,Single/Mid,Two-line hybrid,Enterprise,1,0.0,1.0,True,False,False
3632,川康优丝苗,国审稻20190048,2019.0,国审,,True,True,False,籼,中稻,长江上游中籼迟熟组,646.4,4.0,F优498,637.1,2.3,149.4,1.1,114.2,16.2,24.2,189.5,81.0,26.6,,,7.0,感稻瘟病,,,9.0,抽穗期耐热性7级,耐冷性7级,60.9,1.6,11.3,17.2,80.0,3.2,,2.0,《食用稻品种品质》,False,四川省农业科学院作物研究所,460,Upper Yangtze,Single/Mid,Three-line hybrid,Public,1,1.0,0.0,True,False,False
5430,川优五山,国审稻20190049,2019.0,国审,,True,True,False,籼,中稻,长江上游中籼迟熟组,645.1,3.57,F优498,643.0,3.3,151.6,3.0,117.9,16.2,25.8,183.1,80.6,27.2,,,5.0,中感稻瘟病,,,9.0,抽穗期耐热性7级,耐冷性5级,61.1,0.9,8.7,17.2,79.3,3.4,,2.0,《食用稻品种品质》,False,四川省农业科学院作物研究所,462,Upper Yangtze,Single/Mid,Three-line hybrid,Public,1,1.0,1.0,True,False,False
7190,正优727,国审稻20190050,2019.0,国审,,True,True,False,籼,中稻,长江上游中籼迟熟组,602.19,1.86,F优498,621.3,5.9,150.5,0.3,118.3,14.3,26.3,199.5,81.4,27.9,,,5.0,中感稻瘟病,,,9.0,抽穗期耐热性3级,耐冷性5级,53.1,2.8,12.0,15.1,68.0,3.8,,3.0,《食用稻品种品质》,False,四川正兴种业有限公司,464,Upper Yangtze,Single/Mid,Three-line hybrid,Enterprise,1,0.0,1.0,True,False,False
5069,川康优6107,国审稻20190052,2019.0,国审,,True,True,False,籼,中稻,长江上游中籼迟熟组,642.17,3.45,F优498,641.9,4.83,153.3,4.3,119.8,14.6,25.4,178.0,80.7,32.3,,,5.0,中感稻瘟病,,,9.0,抽穗期耐热性7级,耐冷性5级,57.9,2.4,20.7,17.3,72.0,3.2,,2.0,《食用稻品种品质》,False,四川省农业科学院水稻高粱研究所,467,Upper Yangtze,Single/Mid,Three-line hybrid,Public,1,1.0,1.0,True,False,False
7468,内6优1787,国审稻20190053,2019.0,国审,,True,True,False,籼,中稻,长江上游中籼迟熟组,661.14,6.49,F优498,639.3,4.41,152.8,3.8,117.9,14.4,25.5,192.6,83.3,29.0,,,7.0,感稻瘟病,,,9.0,抽穗期耐热性3级,耐冷性5级,57.1,2.2,18.3,20.5,78.0,3.0,,3.0,《食用稻品种品质》,False,四川省农业科学院水稻高粱研究所、内江杂交水稻科技开发中心,463,Upper Yangtze,Single/Mid,Three-line hybrid,Public,2,0.0,0.0,True,False,False
4185,龙两优粤禾丝苗,国审稻20190054,2019.0,国审,,True,False,True,籼,中稻,长江上游中籼迟熟组,633.16,1.96,F优498,621.4,1.49,151.2,2.2,107.9,15.0,24.0,204.6,86.1,24.5,,,7.0,感稻瘟病,,,9.0,抽穗期耐热性3级,耐冷性1级,69.3,2.7,21.0,22.0,66.0,3.1,,3.0,《食用稻品种品质》,False,四川台沃种业有限责任公司,458,Upper Yangtze,Single/Mid,Two-line hybrid,Enterprise,1,0.0,0.0,True,False,False
5003,宜优1787,国审稻20190055,2019.0,国审,,True,True,False,籼,中稻,长江上游中籼迟熟组,643.91,3.39,F优498,634.7,2.82,150.6,0.9,124.6,14.2,25.8,183.3,83.1,30.4,,,5.0,中感稻瘟病,,,9.0,抽穗期耐热性3级,耐冷性5级,60.0,2.4,22.0,16.6,74.0,3.1,,2.0,《食用稻品种品质》,False,四川省农业科学院水稻高粱研究所,462,Upper Yangtze,Single/Mid,Three-line hybrid,Public,1,1.0,1.0,True,False,False
7098,荃优548,国审稻20190056,2019.0,国审,,True,True,False,籼,中稻,长江上游中籼迟熟组,652.16,4.61,F优498,647.2,4.84,150.8,1.1,116.6,14.3,25.0,186.2,86.4,29.5,,,5.0,中感稻瘟病,,,9.0,抽穗期耐热性1级,耐冷性7级,61.2,1.3,10.2,16.1,77.0,3.1,,3.0,《食用稻品种品质》,True,四川农业大学水稻研究所,466,Upper Yangtze,Single/Mid,Three-line hybrid,Public,1,0.0,1.0,True,False,False
7847,旌优637,国审稻20190057,2019.0,国审,,True,True,False,籼,中稻,长江上游中籼迟熟组,647.55,3.89,F优498,654.9,6.09,152.0,2.3,124.1,13.6,26.0,202.9,87.0,27.7,,,7.0,感稻瘟病,,,9.0,抽穗期耐热性3级,耐冷性5级,60.2,1.4,,16.0,72.0,3.0,5.6,3.0,《食用稻品种品质》,False,四川天宇种业有限责任公司、四川省农业科学院水稻高粱研究所,460,Upper Yangtze,Single/Mid,Three-line hybrid,Joint,2,0.0,0.0,True,False,False
6820,福农优华珍,国审稻20190060,2019.0,国审,,True,True,False,籼,中稻,长江上游中籼迟熟组,645.74,3.57,F优498,632.4,3.28,151.2,2.2,118.5,12.9,24.1,227.1,82.8,27.8,,,5.0,中感稻瘟病,,,9.0,抽穗期耐热性7级,耐冷性5级,62.6,3.0,,17.6,68.0,3.2,,2.0,《食用稻品种品质》,False,四川天宇种业有限责任公司,451,Upper Yangtze,Single/Mid,Three-line hybrid,Enterprise,1,1.0,1.0,True,False,False
4144,C两优粤禾丝苗,国审稻20190061,2019.0,国审,,True,False,True,籼,中稻,长江上游中籼迟熟组,637.11,2.62,F优498,630.9,2.2,150.2,0.5,105.1,15.2,23.0,196.1,87.5,25.5,,,7.0,感稻瘟病,5.0,中感白叶枯病,9.0,抽穗期耐热性3级,耐冷性7级,64.1,1.6,16.2,16.1,69.0,3.0,5.5,3.0,《食用稻品种品质》,False,江西农嘉种业有限公司、四川台沃种业有限责任公司,897,Upper Yangtze,Single/Mid,Two-line hybrid,Enterprise,2,0.0,0.0,True,False,False
4545,泸两优2840,国审稻20190062,2019.0,国审,,True,False,True,籼,中稻,长江上游中籼迟熟组,634.11,2.12,F优498,633.4,2.61,151.8,2.1,118.9,13.8,24.9,192.3,85.7,28.2,,,7.0,感稻瘟病,,,9.0,抽穗期耐热性3级,耐冷性5级,58.8,2.5,17.0,16.3,70.0,3.0,6.9,2.0,《食用稻品种品质》,False,四川川种种业有限责任公司,472,Upper Yangtze,Single/Mid,Two-line hybrid,Enterprise,1,1.0,0.0,True,False,False
3707,兆优6377,国审稻20190063,2019.0,国审,,True,True,False,籼,中稻,长江上游中籼迟熟组,635.07,2.87,F优498,622.17,3.08,152.5,2.6,115.8,15.5,24.9,202.3,84.5,25.9,,,5.0,中感稻瘟病,5.0,中感白叶枯病,9.0,抽穗期耐热性7级,耐冷性5级,58.5,0.7,9.0,15.8,81.0,3.4,,2.0,《食用稻品种品质》,False,安陆市兆农育种创新中心、临湘市兆农科技研发中心,869,Upper Yangtze,Single/Mid,Three-line hybrid,Unknown,2,1.0,1.0,True,False,False
6762,济优7116,国审稻20190064,2019.0,国审,,True,True,False,籼,中稻,长江上游中籼迟熟组,615.1,-0.37,F优498,622.67,3.16,147.5,-2.4,113.5,15.3,23.6,179.7,88.1,28.5,,,7.0,感稻瘟病,,,9.0,抽穗期耐热性1级,耐冷性3级,57.2,0.9,11.0,14.5,83.0,3.4,,2.0,《食用稻品种品质》,False,安陆市兆农育种创新中心,460,Upper Yangtze,Single/Mid,Three-line hybrid,Unknown,1,1.0,0.0,True,False,False
5443,恒丰优28,国审稻20190065,2019.0,国审,,True,True,False,籼,中稻,长江上游中籼迟熟组,639.18,3.53,F优498,624.45,3.46,148.7,-1.2,116.0,15.2,24.5,206.4,86.5,25.1,,,7.0,感稻瘟病,9.0,高感白叶枯病,9.0,抽穗期耐热性7级,耐冷性5级,55.6,2.6,16.0,15.1,80.0,3.1,,2.0,《食用稻品种品质》,False,重庆中一种业有限公司,883,Upper Yangtze,Single/Mid,Three-line hybrid,Enterprise,1,1.0,0.0,True,False,False
4646,创两优丰占,国审稻20190066,2019.0,国审,,True,False,True,籼,中稻,长江上游中籼迟熟组,630.43,2.12,F优498,628.44,4.12,151.8,1.9,108.7,16.9,22.8,202.8,84.7,23.2,,,5.0,中感稻瘟病,,,9.0,抽穗期耐热性7级,耐冷性1级,56.4,1.6,16.0,16.9,78.0,3.1,,2.0,《食用稻品种品质》,False,重庆大爱种业有限公司,460,Upper Yangtze,Single/Mid,Two-line hybrid,Enterprise,1,1.0,1.0,True,False,False
4333,宜优2108,国审稻20190067,2019.0,国审,,True,True,False,籼,中稻,长江上游中籼迟熟组,634.16,4.77,F优498,635.0,4.44,150.2,0.2,125.2,14.4,26.9,184.4,83.0,30.2,,,7.0,中感稻瘟病,,,9.0,抽穗期耐热性3级,耐冷性7级,58.1,0.7,7.0,17.6,80.0,3.0,,1.0,《食用稻品种品质》,False,四川福华高科种业有限责任公司,463,Upper Yangtze,Single/Mid,Three-line hybrid,Enterprise,1,1.0,0.0,True,False,False
7848,广8优199,国审稻20190069,2019.0,国审,,True,True,False,籼,中稻,长江上游中籼迟熟组,628.05,4.25,F优498,607.3,2.84,152.7,2.4,115.6,16.8,24.0,195.6,84.2,24.3,,,,感稻瘟病,7.0,感白叶枯病,9.0,抽穗期耐热性3级,耐冷性7级,55.1,4.7,16.0,15.0,60.0,3.5,,3.0,《食用稻品种品质》,False,广西兆和种业有限公司,882,Upper Yangtze,Single/Mid,Three-line hybrid,Enterprise,1,0.0,,True,False,False
7585,广8优2156,国审稻20190070,2019.0,国审,,True,True,False,籼,中稻,长江上游中籼迟熟组,638.41,5.19,F优498,615.69,4.26,150.8,0.5,109.8,17.1,23.8,200.9,84.3,24.1,,,5.0,中感稻瘟病,7.0,感白叶枯病,9.0,抽穗期耐热性1级,耐冷性7级,64.2,3.6,10.0,16.4,51.0,3.3,,3.0,《食用稻品种品质》,False,广西兆和种业有限公司,893,Upper Yangtze,Single/Mid,Three-line hybrid,Enterprise,1,0.0,1.0,True,False,False
5241,广8优165,国审稻20190071,2019.0,国审,,True,True,False,籼,中稻,长江上游中籼迟熟组,630.93,4.73,F优498,611.37,3.53,153.7,3.4,112.7,16.8,24.2,209.5,80.3,22.8,,,7.0,感稻瘟病,5.0,中感白叶枯病,9.0,抽穗期耐热性7级,耐冷性5级,46.4,2.4,10.0,15.4,61.0,3.4,,,,False,广西兆和种业有限公司,854,Upper Yangtze,Single/Mid,Three-line hybrid,Enterprise,1,,0.0,True,False,False
6344,广8优壮乡丝苗,国审稻20190072,2019.0,国审,,True,True,False,籼,中稻,长江上游中籼迟熟组,638.7,5.25,F优498,623.67,5.61,148.8,-1.5,114.0,16.8,23.9,209.7,83.6,24.0,,,7.0,感稻瘟病,,,9.0,抽穗期耐热性1级,耐冷性7级,64.2,3.0,12.0,17.1,60.0,3.3,,2.0,《食用稻品种品质》,False,广西兆和种业有限公司,458,Upper Yangtze,Single/Mid,Three-line hybrid,Enterprise,1,1.0,0.0,True,False,False
4541,国泰香优2号,国审稻20190073,2019.0,国审,,True,True,False,籼,中稻,长江上游中籼迟熟组,639.4,6.4,F优498,602.9,3.1,147.7,-2.3,123.6,14.3,26.0,231.6,86.1,27.3,,,5.0,中感稻瘟病,,,9.0,抽穗期耐热性1级,耐冷性3级,56.8,0.8,5.0,15.1,65.0,3.6,,2.0,《食用稻品种品质》,False,四川众智种业科技有限公司,455,Upper Yangtze,Single/Mid,Three-line hybrid,Enterprise,1,1.0,1.0,True,False,False
6396,恒丰优华占,国审稻20190074,2019.0,国审,,True,True,False,籼,中稻,长江上游中籼迟熟组,633.7,5.4,F优498,631.8,7.9,149.1,-0.9,106.6,17.1,23.6,198.4,85.5,25.6,,,7.0,感稻瘟病,,,9.0,抽穗期耐热性3级,耐冷性7级,58.0,1.4,16.0,15.1,72.0,3.4,,3.0,《食用稻品种品质》,False,广东粤良种业有限公司,451,Upper Yangtze,Single/Mid,Three-line hybrid,Enterprise,1,0.0,0.0,True,False,False
7063,正优327,国审稻20190075,2019.0,国审,,True,True,False,籼,中稻,长江上游中籼迟熟组,635.93,5.77,F优498,606.59,3.25,148.3,-1.8,117.1,16.3,24.4,191.7,85.3,26.1,,,7.0,感稻瘟病,,,9.0,抽穗期耐热性3级,耐冷性5级,53.3,1.0,3.0,15.0,64.0,3.8,,3.0,《食用稻品种品质》,False,四川奥力星农业科技有限公司,463,Upper Yangtze,Single/Mid,Three-line hybrid,Enterprise,1,0.0,0.0,True,False,False
4171,野香优1701,国审稻20190076,2019.0,国审,,True,True,False,籼,中稻,长江上游中籼迟熟组,620.81,3.25,F优498,601.32,2.51,149.31,-0.69,113.4,17.6,23.6,185.1,85.4,25.4,,,7.0,感稻瘟病,,,9.0,抽穗期耐热性3级,耐冷性3级,70.2,0.5,6.0,15.5,69.0,3.7,,2.0,《食用稻品种品质》,False,四川鼎盛和袖种业有限公司,461,Upper Yangtze,Single/Mid,Three-line hybrid,Enterprise,1,1.0,0.0,True,False,False
7425,秋乡851,国审稻20190077,2019.0,国审,,True,True,False,籼,中稻,长江上游中籼迟熟组,642.4,7.3,F优498,601.2,2.7,148.9,-1.0,114.0,16.1,23.8,207.5,84.3,26.0,,,5.0,中感稻瘟病,,,9.0,抽穗期耐热性3级,耐冷性5级,53.7,2.3,9.0,15.4,56.0,3.7,,3.0,《食用稻品种品质》,False,四川智慧高地种业有限公司,453,Upper Yangtze,Single/Mid,Three-line hybrid,Enterprise,1,0.0,1.0,True,False,False
3769,野香优9901,国审稻20190078,2019.0,国审,,True,True,False,籼,中稻,长江上游中籼迟熟组,645.0,7.72,F优498,609.92,3.71,149.6,-0.3,120.5,16.9,23.3,206.3,83.5,26.29,,,7.0,感稻瘟病,,,9.0,抽穗期耐热性3级,耐冷性5级,58.8,2.9,8.0,15.3,64.0,3.7,,2.0,《食用稻品种品质》,False,四川鼎盛和袖种业有限公司,463,Upper Yangtze,Single/Mid,Three-line hybrid,Enterprise,1,1.0,0.0,True,False,False
7301,旺两优9188,国审稻20190079,2019.0,国审,,True,False,True,籼,中稻,长江中下游中籼迟熟组,621.77,3.65,丰两优四号,647.49,6.34,133.3,-0.5,119.1,16.9,25.0,195.1,81.3,26.2,,,7.0,感稻瘟病,5.0,中感白叶枯病,9.0,抽穗期耐热性3级,,61.2,4.8,18.0,14.9,77.0,3.1,,,,False,湖南袁创超级稻技术有限公司,447,Middle-Lower Yangtze,Single/Mid,Two-line hybrid,Enterprise,1,,0.0,True,False,False
4833,Y两优1577,国审稻20190080,2019.0,国审,,True,False,True,籼,中稻,长江中下游中籼迟熟组,643.02,3.62,丰两优四号,652.65,7.09,136.4,3.4,121.0,16.1,28.3,223.6,81.6,24.5,,,7.0,感稻瘟病,5.0,中感白叶枯病,9.0,抽穗期耐热性3级,,66.3,3.0,11.0,14.2,72.0,3.4,,2.0,《食用稻品种品质》,False,湖南袁创超级稻技术有限公司,466,Middle-Lower Yangtze,Single/Mid,Two-line hybrid,Enterprise,1,1.0,0.0,True,False,False
6053,泰优7203,国审稻20190081,2019.0,国审,,True,True,False,籼,中稻,长江中下游中籼迟熟组,642.31,3.47,丰两优四号,628.61,3.0,130.5,-2.4,132.6,16.0,26.4,187.4,82.7,30.7,,,5.0,中感稻瘟病,9.0,高感白叶枯病,9.0,抽穗期耐热性5级,,63.8,5.9,20.0,16.0,57.0,3.1,,,,False,泸州泰丰种业有限公司,447,Middle-Lower Yangtze,Single/Mid,Three-line hybrid,Enterprise,1,,1.0,True,False,False
5597,V两优1219,国审稻20190083,2019.0,国审,,True,False,True,籼,中稻,长江中下游中籼迟熟组,612.57,5.14,丰两优四号,654.54,7.26,135.6,3.3,119.4,15.4,27.4,214.5,77.4,24.6,,,9.0,高感稻瘟病,7.0,感白叶枯病,9.0,抽穗期耐热性5级,,60.5,13.2,39.3,13.2,73.0,3.2,,,,False,温州市农业科学研究院,452,Middle-Lower Yangtze,Single/Mid,Two-line hybrid,Unknown,1,,0.0,True,False,False
3903,垦两优801,国审稻20190085,2019.0,国审,,True,False,True,籼,中稻,长江中下游中籼迟熟组,643.9,5.8,丰两优四号,647.3,6.3,128.4,-5.4,112.5,17.2,25.0,192.5,84.6,25.1,,,5.0,中感稻瘟病,3.0,中抗白叶枯病,9.0,抽穗期耐热性3级,,64.2,1.9,9.0,13.1,74.0,4.0,,2.0,《食用稻品种品质》,False,垦丰长江种业科技有限公司,456,Middle-Lower Yangtze,Single/Mid,Two-line hybrid,Enterprise,1,1.0,1.0,True,False,False
5602,糯两优7号,国审稻20190086,2019.0,国审,,True,False,True,籼,中稻,长江中下游中籼迟熟组,632.1,3.95,丰两优四号,630.28,3.5,132.3,0.6,129.4,16.9,25.5,171.5,83.9,28.4,,,7.0,感稻瘟病,5.0,中感白叶枯病,9.0,抽穗期耐热性3级,,67.8,8.0,,1.9,100.0,3.1,,3.0,《食用稻品种品质》,False,垦丰长江种业科技有限公司,453,Middle-Lower Yangtze,Single/Mid,Two-line hybrid,Enterprise,1,0.0,0.0,True,False,False
6844,C两优068,国审稻20190087,2019.0,国审,,True,False,True,籼,中稻,长江中下游中籼迟熟组,638.7,4.9,丰两优四号,660.59,8.5,130.8,-1.1,117.1,18.4,25.1,186.1,83.9,24.5,,,3.0,中抗稻瘟病,5.0,中感白叶枯病,9.0,抽穗期耐热性3级,,67.1,3.9,18.0,16.8,71.0,3.3,,3.0,《食用稻品种品质》,False,湖北康农种业股份有限公司,462,Middle-Lower Yangtze,Single/Mid,Two-line hybrid,Enterprise,1,0.0,1.0,False,False,False
5391,徽两优106,国审稻20190088,2019.0,国审,,True,False,True,籼,中稻,长江中下游中籼迟熟组,656.8,8.05,丰两优四号,650.31,6.8,130.6,-1.2,119.8,17.8,24.4,199.3,84.9,23.9,,,5.0,中感稻瘟病,5.0,中感白叶枯病,9.0,抽穗期耐热性3级,,68.7,9.3,28.0,13.2,80.0,3.3,,,,False,江西农嘉种业有限公司,443,Middle-Lower Yangtze,Single/Mid,Two-line hybrid,Enterprise,1,,1.0,True,False,False
6437,深两优1377,国审稻20190089,2019.0,国审,,True,False,True,籼,中稻,长江中下游中籼迟熟组,628.66,5.39,丰两优四号,630.02,7.77,137.7,0.8,120.1,17.2,26.1,201.0,83.3,23.4,,,7.0,感稻瘟病,5.0,中感白叶枯病,9.0,抽穗期耐热性3级,,52.8,5.6,17.0,13.0,76.0,3.3,,,,False,广汉泰利隆农作物研究所,447,Middle-Lower Yangtze,Single/Mid,Two-line hybrid,Public,1,,0.0,True,False,False
5033,E两优121,国审稻20190091,2019.0,国审,,True,False,True,籼,中稻,长江中下游中籼迟熟组,640.88,4.75,丰两优四号,627.77,7.38,134.3,-0.2,132.3,15.4,27.1,194.2,82.6,28.7,,,5.0,中感稻瘟病,7.0,感白叶枯病,9.0,抽穗期耐热性3级,,57.3,5.3,26.0,14.2,71.0,3.5,,,,False,四川嘉禾种子有限公司,446,Middle-Lower Yangtze,Single/Mid,Two-line hybrid,Enterprise,1,,1.0,True,False,False
4383,绿两优9871,国审稻20190092,2019.0,国审,,True,False,True,籼,中稻,长江中下游中籼迟熟组,603.76,-0.66,丰两优四号,645.8,1.6,137.0,2.9,126.7,18.2,24.6,174.1,82.1,24.7,,,3.0,中抗稻瘟病,5.0,中感白叶枯病,9.0,抽穗期耐热性5级,,63.3,2.9,18.0,14.7,71.0,3.1,,2.0,《食用稻品种品质》,False,安徽绿雨种业股份有限公司,464,Middle-Lower Yangtze,Single/Mid,Two-line hybrid,Enterprise,1,1.0,1.0,False,False,False
6037,荆两优967,国审稻20190094,2019.0,国审,,True,False,True,籼,中稻,长江中下游中籼迟熟组,658.59,6.68,丰两优四号,662.2,4.1,135.8,2.5,125.4,18.8,25.7,190.6,83.5,23.6,,,3.0,中抗稻瘟病,7.0,感白叶枯病,9.0,,,71.0,0.1,1.0,16.5,63.0,3.5,,2.0,《食用稻品种品质》,False,湖北荆楚种业科技有限公司、荆州市瑞丰农业高科技研究所,448,Middle-Lower Yangtze,Single/Mid,Two-line hybrid,Joint,2,1.0,1.0,False,False,False
7249,林两优959,国审稻20190095,2019.0,国审,,True,False,True,籼,中稻,长江中下游中籼迟熟组,650.82,3.6,丰两优四号,654.39,5.79,133.5,-0.5,131.5,13.6,25.9,229.3,80.2,28.2,,,9.0,高感稻瘟病,7.0,感白叶枯病,9.0,抽穗期耐热性3级,,55.3,9.4,40.0,14.2,90.0,3.1,,,,False,长沙利众农业科技有限公司,447,Middle-Lower Yangtze,Single/Mid,Two-line hybrid,Enterprise,1,,0.0,True,False,False
7206,惠两优2919,国审稻20190096,2019.0,国审,,True,False,True,籼,中稻,长江中下游中籼迟熟组,641.53,3.22,丰两优四号,641.39,3.69,135.7,1.5,127.8,16.6,25.9,193.1,85.1,25.1,,,5.0,中感稻瘟病,5.0,中感白叶枯病,9.0,抽穗期耐热性3级,,67.4,4.7,15.0,14.0,75.0,3.2,,3.0,《食用稻品种品质》,False,湖南北大荒种业科技有限责任公司,465,Middle-Lower Yangtze,Single/Mid,Two-line hybrid,Enterprise,1,0.0,1.0,True,False,False
5310,两优17华占,国审稻20190099,2019.0,国审,,True,False,True,籼,中稻,长江中下游中籼迟熟组,632.7,4.2,丰两优四号,655.13,2.13,129.7,-7.0,109.6,18.0,24.4,185.1,86.3,23.9,,,9.0,高感稻瘟病,9.0,高感白叶枯病,9.0,抽穗期耐热性3级,,56.8,3.6,13.3,12.3,78.7,3.3,,3.0,《食用稻品种品质》,False,安徽绿亿种业有限公司,466,Middle-Lower Yangtze,Single/Mid,Two-line hybrid,Enterprise,1,0.0,0.0,True,False,False
5162,两优57华占,国审稻20190100,2019.0,国审,,True,False,True,籼,中稻,长江中下游中籼迟熟组,627.97,3.5,丰两优四号,658.44,2.65,129.5,-7.2,106.8,18.7,22.9,199.7,82.6,23.1,,,9.0,高感稻瘟病,5.0,中感白叶枯病,9.0,抽穗期耐热性3级,,52.8,3.7,15.3,13.8,76.0,3.3,,3.0,《食用稻品种品质》,False,合肥丰民农业科技有限公司,470,Middle-Lower Yangtze,Single/Mid,Two-line hybrid,Enterprise,1,0.0,0.0,True,False,False
6446,两优253,国审稻20190101,2019.0,国审,,True,False,True,籼,中稻,长江中下游中籼迟熟组,651.95,6.6,丰两优四号,688.72,7.37,135.2,0.1,120.0,21.7,25.8,189.0,86.3,24.0,,,9.0,高感稻瘟病,5.0,中感白叶枯病,9.0,抽穗期耐热性3级,,64.2,1.0,5.7,15.3,74.7,3.2,,2.0,《食用稻品种品质》,False,安徽绿亿种业有限公司,469,Middle-Lower Yangtze,Single/Mid,Two-line hybrid,Enterprise,1,1.0,0.0,True,False,False
5228,两优778,国审稻20190102,2019.0,国审,,True,False,True,籼,中稻,长江中下游中籼迟熟组,649.6,6.2,丰两优四号,683.02,6.48,134.6,-0.5,122.6,19.8,25.2,211.4,83.8,24.4,,,9.0,高感稻瘟病,9.0,高感白叶枯病,9.0,抽穗期耐热性3级,,53.5,4.2,16.7,20.9,53.0,3.3,,3.0,《食用稻品种品质》,False,安徽华凯农业科技有限公司,469,Middle-Lower Yangtze,Single/Mid,Two-line hybrid,Enterprise,1,0.0,0.0,True,False,False
4375,两优3108,国审稻20190103,2019.0,国审,,True,False,True,籼,中稻,长江中下游中籼迟熟组,636.12,5.03,丰两优四号,656.13,2.23,131.3,-3.7,123.8,16.3,26.9,191.9,81.2,25.8,,,7.0,感稻瘟病,7.0,感白叶枯病,9.0,抽穗期耐热性3级,,56.4,10.4,34.0,13.4,74.0,3.0,,,,False,合肥信达高科农业科学研究所,448,Middle-Lower Yangtze,Single/Mid,Two-line hybrid,Public,1,,0.0,True,False,False
7701,Y两优19,国审稻20190104,2019.0,国审,,True,False,True,籼,中稻,长江中下游中籼迟熟组,626.39,3.42,丰两优四号,659.48,2.75,136.2,1.3,133.3,15.2,27.7,201.3,84.3,26.2,,,9.0,高感稻瘟病,,,7.0,抽穗期耐热性3级,,64.0,6.7,20.0,13.3,74.0,,,,,False,信阳市农业科学院,425,Middle-Lower Yangtze,Single/Mid,Two-line hybrid,Public,1,,0.0,True,False,False
7617,科优1103,国审稻20190105,2019.0,国审,,True,True,False,籼,中稻,长江中下游中籼迟熟组,635.03,4.85,丰两优四号,664.18,3.48,133.5,-1.4,126.4,15.5,24.1,193.5,81.7,27.2,,,5.0,中感稻瘟病,5.0,中感白叶枯病,9.0,抽穗期耐热性3级,,55.0,25.8,70.0,19.6,39.0,2.5,,,,False,建阳民丰农作物品种研究所,449,Middle-Lower Yangtze,Single/Mid,Three-line hybrid,Public,1,,1.0,True,False,False
3914,诺两优6号,国审稻20190106,2019.0,国审,,True,False,True,籼,中稻,长江中下游中籼迟熟组,664.46,8.58,丰两优四号,687.67,7.33,135.9,2.2,127.9,16.5,26.1,203.2,82.7,25.6,,,3.0,中抗稻瘟病,7.0,感白叶枯病,9.0,抽穗期耐热性5级,,61.8,5.6,23.0,12.8,82.0,3.1,,,,False,合肥信达高科农业科学研究所,447,Middle-Lower Yangtze,Single/Mid,Two-line hybrid,Public,1,,1.0,False,False,False
5549,F两优1252,国审稻20190107,2019.0,国审,,True,False,True,籼,中稻,长江中下游中籼迟熟组,661.32,7.87,丰两优四号,682.03,6.26,135.4,1.7,129.2,17.4,24.8,202.5,84.2,24.7,,,5.0,中感稻瘟病,7.0,感白叶枯病,9.0,抽穗期耐热性5级,,65.6,7.0,26.0,13.2,74.0,3.2,,,,False,合肥信达高科农业科学研究所,448,Middle-Lower Yangtze,Single/Mid,Two-line hybrid,Public,1,,1.0,True,False,False
6604,两优1288,国审稻20190108,2019.0,国审,,True,False,True,籼,中稻,长江中下游中籼迟熟组,655.78,6.97,丰两优四号,683.28,6.65,134.1,0.4,123.4,17.7,26.5,177.8,85.2,26.8,,,7.0,感稻瘟病,5.0,中感白叶枯病,9.0,抽穗期耐热性3级,,68.4,3.2,10.0,14.0,77.0,3.1,,3.0,《食用稻品种品质》,False,福建省南平市农业科学研究所、福建君和生物科技有限公司、武夷山科力兴种业有限公司,468,Middle-Lower Yangtze,Single/Mid,Two-line hybrid,Joint,3,0.0,0.0,True,False,False
4609,豪两优729,国审稻20190109,2019.0,国审,,True,False,True,籼,中稻,长江中下游中籼迟熟组,625.28,3.94,丰两优四号,628.24,4.14,133.3,-1.7,122.7,16.1,23.9,178.5,84.3,27.3,,,7.0,感稻瘟病,3.0,中抗白叶枯病,9.0,抽穗期耐热性1级,,79.2,2.0,16.0,13.0,76.0,3.0,,3.0,《优质稻谷》,False,安徽国豪农业科技有限公司,463,Middle-Lower Yangtze,Single/Mid,Two-line hybrid,Enterprise,1,0.0,0.0,True,False,False
6027,瑞两优1578,国审稻20190111,2019.0,国审,,True,False,True,籼,中稻,长江中下游中籼迟熟组,659.36,5.64,丰两优四号,654.36,8.48,130.1,-2.3,118.9,17.4,24.6,197.1,86.2,23.6,,,5.0,中感稻瘟病,7.0,感白叶枯病,9.0,抽穗期耐热性3级,,64.4,2.0,12.0,12.9,79.7,3.3,,,,False,安徽国瑞种业有限公司,449,Middle-Lower Yangtze,Single/Mid,Two-line hybrid,Enterprise,1,,1.0,True,False,False
5935,谷优6866,国审稻20190112,2019.0,国审,,True,True,False,籼,中稻,长江中下游中籼迟熟组,644.14,3.71,丰两优四号,670.22,10.84,130.2,-2.2,126.8,16.5,26.0,172.6,86.5,28.5,,,5.0,中感稻瘟病,9.0,高感白叶枯病,9.0,抽穗期耐热性1级,,63.9,13.2,72.0,20.9,57.3,2.6,,,,False,福建禾丰种业股份有限公司,451,Middle-Lower Yangtze,Single/Mid,Three-line hybrid,Enterprise,1,,1.0,True,False,False
7337,欣两优二号,国审稻20190113,2019.0,国审,,True,False,True,籼,中稻,长江中下游中籼迟熟组,653.71,5.59,丰两优四号,662.16,9.77,130.4,-3.6,122.4,17.5,24.7,193.2,84.9,24.2,,,5.0,中感稻瘟病,5.0,中感白叶枯病,9.0,抽穗期耐热性3级,,64.7,2.7,15.0,12.8,75.3,3.3,,,,True,安徽荃银欣隆种业有限公司,451,Middle-Lower Yangtze,Single/Mid,Two-line hybrid,Enterprise,1,,1.0,True,False,False
7798,圳两优758,国审稻20190115,2019.0,国审,,True,False,True,籼,中稻,长江中下游中籼迟熟组,622.19,3.1,丰两优四号,615.45,3.69,136.6,0.9,130.5,15.7,27.7,195.5,80.1,27.8,,,9.0,高感稻瘟病,7.0,感白叶枯病,9.0,抽穗期耐热性5级,,57.6,3.5,11.0,13.4,86.0,3.4,,3.0,《食用稻品种品质》,False,长沙利诚种业有限公司,464,Middle-Lower Yangtze,Single/Mid,Two-line hybrid,Enterprise,1,0.0,0.0,True,False,False
7290,浙两优2714,国审稻20190116,2019.0,国审,,True,False,True,籼,中稻,长江中下游中籼迟熟组,621.14,3.23,丰两优四号,614.33,3.5,130.9,-4.7,119.0,14.7,24.4,258.4,79.8,23.7,,,7.0,感稻瘟病,7.0,感白叶枯病,9.0,抽穗期耐热性3级,,62.0,15.1,38.0,13.4,77.0,2.6,,,,False,浙江农科种业有限公司,450,Middle-Lower Yangtze,Single/Mid,Two-line hybrid,Enterprise,1,,0.0,True,False,False
5459,喜两优超占,国审稻20190117,2019.0,国审,,True,False,True,籼,中稻,长江中下游中籼迟熟组,653.57,5.86,丰两优四号,636.1,8.21,133.8,0.6,129.9,15.5,25.4,217.7,85.0,25.2,,,3.0,中抗稻瘟病,7.0,感白叶枯病,9.0,抽穗期耐热性3级,,66.9,1.3,4.0,13.5,80.0,3.2,,2.0,《食用稻品种品质》,False,安徽喜多收种业科技有限公司,466,Middle-Lower Yangtze,Single/Mid,Two-line hybrid,Enterprise,1,1.0,1.0,False,False,False
3370,九优粤禾丝苗,国审稻20190118,2019.0,国审,,True,True,False,籼,中稻,长江中下游中籼迟熟组,645.35,4.11,丰两优四号,615.03,4.62,129.9,-3.2,123.5,15.1,26.6,207.2,84.5,27.2,,,7.0,感稻瘟病,7.0,感白叶枯病,9.0,抽穗期耐热性5级,,58.1,0.7,5.0,14.0,76.0,3.2,,2.0,《食用稻品种品质》,True,安徽荃银超大种业有限公司,470,Middle-Lower Yangtze,Single/Mid,Three-line hybrid,Enterprise,1,1.0,0.0,True,False,False
7757,创两优新华粘,国审稻20190119,2019.0,国审,,True,False,True,籼,中稻,长江中下游中籼迟熟组,639.6,5.2,丰两优四号,645.1,6.2,128.3,-3.4,114.9,19.0,22.9,203.1,83.0,22.1,,,5.0,中感稻瘟病,5.0,中感白叶枯病,9.0,抽穗期耐热性5级,,60.4,1.2,10.0,14.7,79.0,3.2,,,,False,湖南永益农业科技发展有限公司,437,Middle-Lower Yangtze,Single/Mid,Two-line hybrid,Enterprise,1,,1.0,True,False,False
5401,春两优534,国审稻20190123,2019.0,国审,,True,False,True,籼,中稻,长江中下游中籼迟熟组,653.43,5.09,丰两优4号,641.68,6.21,130.6,0.8,122.8,17.0,24.1,196.7,84.6,24.7,,,3.0,中抗稻瘟病,7.0,感白叶枯病,9.0,抽穗期耐热性3级,,70.7,6.6,23.0,15.3,70.0,3.4,,3.0,《优质稻谷》,False,中国农业科学院深圳农业基因组研究所,847,Middle-Lower Yangtze,Single/Mid,Two-line hybrid,Public,1,0.0,1.0,False,False,False
6510,深两优837,国审稻20190125,2019.0,国审,,True,False,True,籼,中稻,长江中下游中籼迟熟组,640.91,5.5,丰两优四号,626.99,2.1,136.1,2.2,117.1,17.0,27.0,191.0,83.4,26.1,,,7.0,中感稻瘟病,7.0,感白叶枯病,9.0,抽穗期耐热性3级,,44.5,6.7,24.0,13.3,70.0,3.2,,,,False,湖南广阔天地科技有限公司,436,Middle-Lower Yangtze,Single/Mid,Two-line hybrid,Enterprise,1,,0.0,True,False,False
6084,深两优475,国审稻20190126,2019.0,国审,,True,False,True,籼,中稻,长江中下游中籼迟熟组,644.52,6.1,丰两优四号,637.65,3.8,134.3,0.4,122.3,16.1,26.5,195.0,85.4,25.4,,,5.0,中抗稻瘟病,7.0,感白叶枯病,9.0,抽穗期耐热性3级,,67.6,3.5,17.0,13.5,71.0,3.3,,3.0,《食用稻品种品质》,False,湖南恒德种业科技有限公司,461,Middle-Lower Yangtze,Single/Mid,Two-line hybrid,Enterprise,1,0.0,1.0,False,False,False
7438,恒两优新华粘,国审稻20190127,2019.0,国审,,True,False,True,籼,中稻,长江中下游中籼迟熟组,639.29,5.2,丰两优四号,641.65,4.5,130.5,-2.8,123.8,16.8,25.9,183.0,89.2,24.7,,,3.0,中抗稻瘟病,5.0,中感白叶枯病,9.0,抽穗期耐热性3级,,65.3,5.3,19.0,14.0,71.0,3.2,,,,False,湖南恒德种业科技有限公司,439,Middle-Lower Yangtze,Single/Mid,Two-line hybrid,Enterprise,1,,1.0,False,False,False
6605,创两优25,国审稻20190129,2019.0,国审,,True,False,True,籼,中稻,长江中下游中籼迟熟组,653.08,7.5,丰两优四号,635.19,4.1,131.9,2.0,120.3,17.4,25.2,194.9,84.2,24.2,,,5.0,中感稻瘟病,7.0,感白叶枯病,9.0,抽穗期耐热性5级,,52.9,5.9,23.0,12.7,81.0,3.4,,,,False,湖南垦惠商业化育种有限责任公司,438,Middle-Lower Yangtze,Single/Mid,Two-line hybrid,Enterprise,1,,1.0,True,False,False
6645,利两优808,国审稻20190130,2019.0,国审,,True,False,True,籼,中稻,长江中下游中籼迟熟组,647.44,6.6,丰两优四号,625.96,1.9,137.1,3.2,127.8,15.5,25.7,186.5,83.7,27.9,,,7.0,感稻瘟病,7.0,感白叶枯病,9.0,抽穗期耐热性3级,,60.2,10.6,37.0,12.7,84.0,3.3,,,,False,湖南垦惠商业化育种有限责任公司,440,Middle-Lower Yangtze,Single/Mid,Two-line hybrid,Enterprise,1,,0.0,True,False,False
6984,淳丰优6377,国审稻20190132,2019.0,国审,,True,True,False,籼,中稻,长江中下游中籼迟熟组,632.02,5.92,丰两优四号,634.94,6.62,133.5,,129.4,17.0,26.3,187.8,85.2,25.1,,,5.0,中感稻瘟病,7.0,感白叶枯病,9.0,抽穗期耐热性3级,,54.2,1.2,9.0,15.1,80.0,3.1,,3.0,《食用稻品种品质》,False,安陆市兆农育种创新中心,463,Middle-Lower Yangtze,Single/Mid,Three-line hybrid,Unknown,1,0.0,1.0,True,False,False
5555,济优6587,国审稻20190133,2019.0,国审,,True,True,False,籼,中稻,长江中下游中籼迟熟组,626.75,5.04,丰两优四号,634.06,6.47,128.0,-5.5,116.6,16.9,25.0,157.8,83.7,31.2,,,7.0,感稻瘟病,7.0,感白叶枯病,9.0,抽穗期耐热性3级,,58.0,1.5,8.0,15.2,86.0,3.4,,2.0,《食用稻品种品质》,False,安陆市兆农育种创新中心,463,Middle-Lower Yangtze,Single/Mid,Three-line hybrid,Unknown,1,1.0,0.0,True,False,False
4813,泰优068,国审稻20190135,2019.0,国审,,True,True,False,籼,双季,长江中下游晚籼早熟组,595.0,3.0,五优308,590.2,1.1,121.0,-0.1,110.1,22.1,23.0,146.0,80.1,24.3,,,7.0,感稻瘟病,5.0,中感白叶枯病,7.0,,耐冷性7级,52.3,3.8,13.0,14.4,70.0,4.1,,3.0,《食用稻品种品质》,False,湖北康农种业股份有限公司,445,Middle-Lower Yangtze,Late,Three-line hybrid,Enterprise,1,0.0,0.0,True,False,False
3834,万象优982,国审稻20190136,2019.0,国审,,True,True,False,籼,双季,长江中下游晚籼早熟组,577.52,3.83,五优308,585.4,3.5,118.1,,105.3,21.6,24.0,150.7,79.0,25.1,,,9.0,高感稻瘟病,5.0,中感白叶枯病,5.0,,耐冷性7级,48.9,1.2,7.0,15.9,72.0,3.7,,,,False,江西红一种业科技股份有限公司,437,Middle-Lower Yangtze,Late,Three-line hybrid,Enterprise,1,,0.0,True,False,False
5608,早优259,国审稻20190139,2019.0,国审,,True,True,False,籼,双季,长江中下游晚籼早熟组,593.08,3.13,五优308,600.84,1.76,116.8,-1.5,99.5,21.5,21.3,152.2,83.5,23.7,,,5.0,中感稻瘟病,9.0,高感白叶枯病,9.0,,耐冷性5级,65.7,3.9,17.0,17.4,55.0,3.3,,3.0,《食用稻品种品质》,False,湖南金色农华种业科技有限公司,460,Middle-Lower Yangtze,Late,Three-line hybrid,Enterprise,1,0.0,1.0,True,False,False
5795,济优6377,国审稻20190143,2019.0,国审,,True,True,False,籼,双季,长江中下游晚籼早熟组,602.98,6.12,五优308,530.84,4.63,117.7,,109.9,20.8,22.5,153.9,81.3,25.1,,,5.0,中感稻瘟病,5.0,中感白叶枯病,9.0,,耐冷性5级,55.1,1.4,9.0,15.0,83.0,3.3,,2.0,《食用稻品种品质》,False,安陆市兆农育种创新中心,456,Middle-Lower Yangtze,Late,Three-line hybrid,Unknown,1,1.0,1.0,True,False,False
4827,济优1127,国审稻20190146,2019.0,国审,,True,True,False,籼,双季,长江中下游晚籼早熟组,598.76,5.54,五优308,523.41,3.17,112.0,-5.7,103.5,21.1,22.2,139.7,83.6,26.2,,,7.0,感稻瘟病,7.0,感白叶枯病,9.0,,耐冷性5级,57.6,1.7,6.0,13.2,79.0,3.4,,2.0,《食用稻品种品质》,False,安陆市兆农育种创新中心,457,Middle-Lower Yangtze,Late,Three-line hybrid,Unknown,1,1.0,0.0,True,False,False
7003,广和优香丝苗,国审稻20190148,2019.0,国审,,True,True,False,籼,双季,长江中下游晚籼中迟熟组,557.22,3.34,天优华占,606.39,3.25,119.5,-0.3,113.1,19.9,23.5,159.0,78.8,24.8,,,5.0,中感稻瘟病,5.0,中感白叶枯病,9.0,,耐冷性9级,53.3,4.4,15.0,15.5,53.0,3.5,,3.0,《食用稻品种品质》,False,成都市锦江区蓉育农作物研究所,452,Middle-Lower Yangtze,Late,Three-line hybrid,Public,1,0.0,1.0,True,False,False
6937,浙粳165,国审稻20190150,2019.0,国审,,False,False,False,粳,晚稻,长江中下游单季晚粳组,611.6,1.2,嘉优5号,582.7,0.1,163.7,,97.6,19.5,15.5,141.2,87.6,24.7,,,5.0,中感稻瘟病,3.0,中抗白叶枯病,9.0,,,66.9,1.5,10.0,9.8,67.0,1.8,,,,False,浙江省农业科学院作物与核技术利用研究所,442,Middle-Lower Yangtze,Late,Inbred/Other,Public,1,,1.0,True,False,False
5224,嘉禾优5号,国审稻20190151,2019.0,国审,,True,True,False,粳,晚稻,长江中下游单季晚粳组,692.0,16.4,嘉优5号,610.5,4.8,147.7,-11.8,127.7,13.5,24.9,265.8,87.9,25.7,,,5.0,中感稻瘟病,7.0,感白叶枯病,9.0,,,63.9,3.2,16.0,13.2,70.0,2.7,,3.0,《食用稻品种品质》,False,中国水稻研究所,460,Middle-Lower Yangtze,Late,Three-line hybrid,Public,1,0.0,1.0,True,False,False
5248,春优161,国审稻20190152,2019.0,国审,,True,True,False,粳,晚稻,长江中下游单季晚粳组,692.4,16.4,嘉优5号,656.4,12.7,157.9,-1.5,117.5,13.9,19.7,286.7,85.0,23.4,,,5.0,中感稻瘟病,5.0,中感白叶枯病,9.0,,,71.0,2.6,16.0,15.0,71.0,2.1,,,,False,浙江勿忘农种业股份有限公司,437,Middle-Lower Yangtze,Late,Three-line hybrid,Enterprise,1,,1.0,True,False,False
6337,春两优华占,国审稻20190154,2019.0,国审,,True,False,True,籼,双季,华南感光晚籼组,503.73,7.99,博优998,530.51,8.0,112.1,-0.1,108.3,15.7,23.4,166.4,81.6,25.8,,,3.0,中抗稻瘟病,5.0,中感白叶枯病,7.0,,,63.1,1.3,11.7,15.4,82.7,3.1,,3.0,《优质稻谷》,False,中国农业科学院深圳农业基因组研究所,438,South China,Late,Two-line hybrid,Public,1,0.0,1.0,False,False,False
7229,新稻89,国审稻20190161,2019.0,国审,,False,False,False,粳,,黄淮粳稻组,663.1,4.2,徐稻3号,655.3,5.4,154.6,-3.7,110.3,22.2,17.1,133.0,89.9,26.3,,,5.0,中感稻瘟病,,中感白叶枯病,,,,67.7,3.9,20.0,15.0,70.0,1.8,,,,False,河南省新乡市农业科学院,412,North/Huanghuai,Single/Mid,Inbred/Other,Public,1,,1.0,True,False,False
7737,泗稻18号,国审稻20190162,2019.0,国审,,False,False,False,粳,,黄淮粳稻组,684.3,6.4,徐稻3号,660.2,6.1,154.3,-0.4,96.8,20.5,17.1,157.8,86.4,26.0,,,5.0,中感稻瘟病,,,,,,72.6,3.0,15.0,14.8,71.0,1.8,,2.0,《食用稻品种品质》,False,江苏省农业科学院宿迁农科所,419,North/Huanghuai,Single/Mid,Inbred/Other,Public,1,1.0,1.0,True,False,False
5286,绿秀19,国审稻20190164,2019.0,国审,,False,False,False,粳,,黄淮粳稻组,658.66,4.31,徐稻3号,645.81,4.4,156.5,2.0,86.6,21.3,14.6,142.8,86.9,25.4,,,5.0,中感稻瘟病,,,,,,68.6,7.5,27.0,14.5,70.0,1.8,,,,False,安徽绿亿种业有限公司,399,North/Huanghuai,Single/Mid,Inbred/Other,Enterprise,1,,1.0,True,False,False
7439,皖垦津清,国审稻20190165,2019.0,国审,,False,False,False,粳,,黄淮粳稻组,654.3,6.9,徐稻3号,657.9,6.0,143.8,,90.1,21.3,16.8,130.8,89.9,27.6,,,5.0,中感稻瘟病,,,,,,72.2,2.4,26.0,17.3,79.0,1.8,,2.0,《食用稻品种品质》,False,安徽皖垦种业股份有限公司,422,North/Huanghuai,Single/Mid,Inbred/Other,Enterprise,1,1.0,1.0,True,False,False
7758,梦两优华占,国审稻20196002,2019.0,国审,,True,False,True,籼,双季,华南早籼组,571.52,3.97,天优华占,554.98,3.85,129.0,5.5,112.9,19.9,23.0,163.4,83.4,22.8,,,3.0,中抗稻瘟病,5.0,中感白叶枯病,9.0,,,59.2,8.8,25.0,12.1,89.0,3.1,,,,False,袁隆平农业高科技股份有限公司,789,South China,Early,Two-line hybrid,Enterprise,1,,1.0,False,False,False
7035,K两优22,国审稻20196004,2019.0,国审,,True,False,True,籼,双季,长江中下游晚籼早熟组,550.62,8.2,中早35,537.9,7.54,109.2,-0.4,87.7,22.6,19.4,129.4,82.1,25.7,,,,感稻瘟病,7.0,感白叶枯病,,,,58.0,5.7,20.0,18.1,3.0,2.5,,,,False,湖南桃花源农业科技股份有限公司,418,Middle-Lower Yangtze,Late,Two-line hybrid,Enterprise,1,,,True,False,False
6952,中佳早52,国审稻20196005,2019.0,国审,,False,False,False,籼,双季,长江中下游早籼早中熟组,538.51,5.02,中早35,535.47,2.89,109.5,-2.6,88.4,19.6,18.8,140.9,83.5,25.8,,,7.0,感稻瘟病,9.0,高感白叶枯病,,,,58.7,25.4,87.0,23.2,39.0,2.3,,,,False,湖北省种子集团有限公司,421,Middle-Lower Yangtze,Early,Inbred/Other,Enterprise,1,,0.0,True,False,False
6345,两优152,国审稻20196006,2019.0,国审,,True,False,True,籼,双季,长江中下游早籼早中熟组,539.78,5.27,中早35,537.43,3.26,109.9,-2.2,85.0,22.4,19.4,126.0,82.6,25.1,,,,中感稻瘟病,9.0,高感白叶枯病,,,,57.0,6.0,21.0,19.8,38.0,3.7,,,,False,湖北省种子集团有限公司,423,Middle-Lower Yangtze,Early,Two-line hybrid,Enterprise,1,,,True,False,False
3763,韵两优332,国审稻20196008,2019.0,国审,,True,False,True,籼,中稻,长江上游中籼迟熟组,616.77,-1.01,F优498,631.22,3.76,154.6,4.9,111.5,15.1,25.4,201.0,80.2,26.4,,,5.0,中感稻瘟病,5.0,中感白叶枯病,9.0,抽穗期耐热性5级,耐冷性5级,71.3,2.6,12.0,15.0,62.0,2.8,,2.0,《食用稻品种品质》,False,袁隆平农业高科技股份有限公司、湖南民生种业科技有限公司,1273,Upper Yangtze,Single/Mid,Two-line hybrid,Enterprise,2,1.0,1.0,True,False,False
7860,晶两优5348,国审稻20196009,2019.0,国审,,True,False,True,籼,中稻,长江上游中籼迟熟组,635.14,2.03,F优498,629.42,3.46,153.6,3.9,116.5,15.3,25.6,207.9,81.2,25.8,,,5.0,中感稻瘟病,,,9.0,抽穗期耐热性3级,耐冷性7级,78.7,4.3,20.0,15.7,68.0,3.0,,3.0,《食用稻品种品质》,False,袁隆平农业高科技股份有限公司,462,Upper Yangtze,Single/Mid,Two-line hybrid,Enterprise,1,0.0,1.0,True,False,False
7338,隆两优1319,国审稻20196012,2019.0,国审,,True,False,True,籼,中稻,长江上游中籼迟熟组,655.97,3.43,F优498,632.98,1.25,154.5,4.2,117.7,16.3,24.6,196.6,84.8,25.3,,,5.0,中感稻瘟病,,,9.0,抽穗期耐热性1级,耐冷性3级,64.9,2.7,11.0,15.5,72.0,3.0,,3.0,《食用稻品种品质》,False,袁隆平农业高科技股份有限公司,460,Upper Yangtze,Single/Mid,Two-line hybrid,Enterprise,1,0.0,1.0,True,False,False
7835,隆两优1212,国审稻20196013,2019.0,国审,,True,False,True,籼,中稻,长江上游中籼迟熟组,646.5,1.94,F优498,623.88,1.09,154.6,4.3,112.5,23.5,23.5,186.5,86.5,26.1,,,5.0,中感稻瘟病,5.0,中感白叶枯病,9.0,抽穗期耐热性3级,耐冷性3级,60.8,1.6,10.0,19.4,62.0,3.0,,2.0,《食用稻品种品质》,False,袁隆平农业高科技股份有限公司,868,Upper Yangtze,Single/Mid,Two-line hybrid,Enterprise,1,1.0,1.0,True,False,False
6812,隆晶优1212,国审稻20196015,2019.0,国审,,True,True,False,籼,中稻,长江上游中籼迟熟组,615.74,-2.07,F优498,609.49,0.92,146.3,-3.5,101.5,16.1,23.1,175.0,88.0,26.0,,,5.0,中感稻瘟病,,,9.0,抽穗期耐热性3级,耐冷性3级,62.4,2.3,10.0,15.0,68.0,3.2,,2.0,《食用稻品种品质》,False,袁隆平农业高科技股份有限公司,462,Upper Yangtze,Single/Mid,Three-line hybrid,Enterprise,1,1.0,1.0,True,False,False
7635,隆两优黄占,国审稻20196018,2019.0,国审,,True,False,True,籼,中稻,长江上游中籼迟熟组,673.49,0.92,F优498,618.55,0.38,154.6,3.4,116.6,17.3,23.6,196.1,85.0,24.5,,,7.0,感稻瘟病,5.0,中感白叶枯病,9.0,抽穗期耐热性1级,耐冷性5级,67.0,2.9,14.0,15.7,78.0,3.1,,2.0,《食用稻品种品质》,False,袁隆平农业高科技股份有限公司,858,Upper Yangtze,Single/Mid,Two-line hybrid,Enterprise,1,1.0,0.0,True,False,False
6879,隆8优华占,国审稻20196020,2019.0,国审,,True,True,False,籼,双季,华南早籼组,554.5,5.77,天优华占,548.68,6.18,126.2,3.2,109.0,18.9,23.3,169.5,83.9,24.2,,,7.0,中感稻瘟病,7.0,感白叶枯病,9.0,抽穗期耐热性3级,耐冷性7级,52.1,1.6,11.0,14.7,75.0,3.1,,3.0,《食用稻品种品质》,False,湖南民生种业科技有限公司，袁隆平农业高科技股份有限公司,829,South China,Early,Three-line hybrid,Enterprise,2,0.0,0.0,True,False,False
3951,韵两优丝苗,国审稻20196021,2019.0,国审,,True,False,True,籼,中稻,长江上游中籼迟熟组,630.76,-4.65,F优498,593.65,3.66,149.6,-1.1,104.9,16.5,24.5,198.1,86.1,24.1,,,5.0,中感稻瘟病,7.0,感白叶枯病,9.0,抽穗期耐热性3级,耐冷性5级,58.1,2.7,11.0,16.1,64.0,3.0,,2.0,《食用稻品种品质》,False,袁隆平农业高科技股份有限公司,861,Upper Yangtze,Single/Mid,Two-line hybrid,Enterprise,1,1.0,1.0,True,False,False
4890,奥富优287,国审稻20196022,2019.0,国审,,True,True,False,籼,中稻,长江上游中籼迟熟组,628.34,3.37,F优498,613.0,4.96,152.0,1.4,122.3,12.7,25.5,256.0,81.6,26.1,,,,感稻瘟病,,,9.0,抽穗期耐热性5级,耐冷性5级,67.7,2.7,9.0,16.0,60.0,3.0,,2.0,《食用稻品种品质》,False,湖南奥谱隆科技股份有限公司,453,Upper Yangtze,Single/Mid,Three-line hybrid,Enterprise,1,1.0,,True,False,False
5650,黔丰优990,国审稻20196024,2019.0,国审,,True,True,False,籼,中稻,长江上游中籼迟熟组,629.78,3.61,F优498,620.02,6.16,151.8,1.2,117.7,13.4,25.9,221.2,84.0,27.7,,,,感稻瘟病,,,9.0,抽穗期耐热性5级,耐冷性3级,54.5,3.0,8.0,14.7,72.0,3.7,,2.0,《食用稻品种品质》,False,湖南奥谱隆科技股份有限公司,458,Upper Yangtze,Single/Mid,Three-line hybrid,Enterprise,1,1.0,,True,False,False
6911,深两优3956,国审稻20196025,2019.0,国审,,True,False,True,籼,中稻,长江上游中籼迟熟组,620.08,3.13,F优498,614.22,3.68,153.5,3.8,110.6,13.8,23.8,234.7,82.5,25.0,,,5.0,中感稻瘟病,,,9.0,抽穗期耐热性7级,耐冷性5级,63.8,1.2,6.0,14.3,72.0,3.5,,2.0,《食用稻品种品质》,False,湖南科裕隆种业有限公司,620,Upper Yangtze,Single/Mid,Two-line hybrid,Enterprise,1,1.0,1.0,True,False,False
4766,科两优407,国审稻20196026,2019.0,国审,,True,False,True,籼,中稻,长江上游中籼迟熟组,623.56,3.69,F优498,603.48,3.33,153.1,3.4,108.0,14.0,25.2,227.8,83.3,25.0,,,5.0,中感稻瘟病,7.0,感白叶枯病,9.0,抽穗期耐热性5级,耐冷性中等,66.2,0.8,5.0,14.2,80.0,3.0,,2.0,《食用稻品种品质》,False,湖南科裕隆种业有限公司,1277,Upper Yangtze,Single/Mid,Two-line hybrid,Enterprise,1,1.0,1.0,True,False,False
6785,科两优1168,国审稻20196028,2019.0,国审,,True,False,True,籼,中稻,长江上游中籼迟熟组,625.6,4.64,F优498,634.79,7.16,151.5,0.4,110.5,15.5,24.4,201.3,83.8,27.9,,,7.0,感稻瘟病,,感白叶枯病,9.0,抽穗期耐热性3级,耐冷性5级,66.8,2.8,8.0,15.1,70.0,3.3,,2.0,《食用稻品种品质》,False,湖南科裕隆种业有限公司,873,Upper Yangtze,Single/Mid,Two-line hybrid,Enterprise,1,1.0,0.0,True,False,False
6421,源两优8000,国审稻20196029,2019.0,国审,,True,False,True,籼,中稻,长江上游中籼迟熟组,636.82,3.7,F优498,599.5,2.8,152.4,2.9,112.9,15.2,25.7,181.4,84.0,27.5,,,7.0,感稻瘟病,9.0,高感白叶枯病,9.0,抽穗期耐热性3级,耐冷性5级,58.9,3.9,25.0,15.7,65.0,3.2,,3.0,《食用稻品种品质》,False,湖南桃花源农业科技股份有限公司,876,Upper Yangtze,Single/Mid,Two-line hybrid,Enterprise,1,0.0,0.0,True,False,False
3625,桃湘优莉晶,国审稻20196030,2019.0,国审,,True,True,False,籼,中稻,长江上游中籼迟熟组,619.78,3.0,F优498,589.8,1.4,147.1,-2.0,117.7,17.3,25.0,180.7,83.5,24.1,,,7.0,感稻瘟病,7.0,感白叶枯病,9.0,抽穗期耐热性5级,耐冷性5级,63.0,0.9,4.0,15.1,65.0,4.1,,2.0,《食用稻品种品质》,False,湖南桃花源农业科技股份有限公司,1268,Upper Yangtze,Single/Mid,Three-line hybrid,Enterprise,1,1.0,0.0,True,False,False
7664,海香优902,国审稻20196032,2019.0,国审,,True,True,False,籼,中稻,长江上游中籼迟熟组,642.18,4.2,F优498,602.3,2.1,152.9,2.5,124.1,14.5,26.8,200.4,83.4,29.0,,,5.0,中感稻瘟病,,,9.0,抽穗期耐热性7级,耐冷性5级,54.5,3.5,10.0,15.3,60.0,3.8,,3.0,《食用稻品种品质》,False,湖南桃花源农业科技股份有限公司,454,Upper Yangtze,Single/Mid,Three-line hybrid,Enterprise,1,0.0,1.0,True,False,False
6438,川康优612,国审稻20196034,2019.0,国审,,True,True,False,籼,中稻,长江上游中籼迟熟组,644.7,4.2,F优498,624.7,5.2,151.9,1.5,116.2,15.4,25.8,180.3,81.2,28.8,,,3.0,中抗稻瘟病,,,9.0,抽穗期耐热性5级,耐冷性3级,59.8,2.8,10.0,16.0,60.0,3.3,,2.0,《食用稻品种品质》,False,湖南桃花源农业科技股份有限公司,456,Upper Yangtze,Single/Mid,Three-line hybrid,Enterprise,1,1.0,1.0,False,False,False
5681,蜀香优636,国审稻20196035,2019.0,国审,,True,True,False,籼,中稻,长江上游中籼迟熟组,653.16,6.98,F优498,614.26,7.23,151.3,0.7,125.4,13.5,26.8,194.9,85.5,30.3,,,7.0,感稻瘟病,,,9.0,抽穗期耐热性5级,耐冷性7级,63.6,3.0,27.0,16.0,74.0,2.8,,2.0,《食用稻品种品质》,False,湖南希望种业科技股份有限公司,458,Upper Yangtze,Single/Mid,Three-line hybrid,Enterprise,1,1.0,0.0,True,False,False
6125,B两优029,国审稻20196037,2019.0,国审,,True,False,True,籼,中稻,长江上游中籼迟熟组,644.68,5.59,F优498,602.29,5.14,153.0,2.4,113.1,14.9,24.6,192.2,82.6,26.9,,,5.0,中感稻瘟病,,,9.0,抽穗期耐热性3级,耐冷性5级,58.1,3.0,24.0,20.7,79.0,3.3,,3.0,《食用稻品种品质》,False,湖南希望种业科技股份有限公司,460,Upper Yangtze,Single/Mid,Two-line hybrid,Enterprise,1,0.0,1.0,True,False,False
5711,C两优919,国审稻20196038,2019.0,国审,,True,False,True,籼,中稻,长江上游中籼迟熟组,644.6,6.38,F优498,629.6,5.16,150.6,0.4,110.1,17.3,23.1,190.6,87.3,25.4,,,7.0,感稻瘟病,,,9.0,抽穗期耐热性3级,耐冷性5级,63.1,2.3,20.5,15.5,71.0,3.1,,2.0,《食用稻品种品质》,False,合肥丰乐种业股份有限公司、湖南农大金农种业有公司,461,Upper Yangtze,Single/Mid,Two-line hybrid,Enterprise,2,1.0,0.0,True,False,False
6721,川优670,国审稻20196039,2019.0,国审,,True,True,False,籼,中稻,长江上游中籼迟熟组,613.9,3.72,F优498,611.4,2.12,153.5,2.4,121.5,14.2,28.0,188.2,82.6,28.7,,,5.0,中感稻瘟病,,,9.0,抽穗期耐热性5级,耐冷性5级,54.2,2.8,23.0,17.7,80.0,3.5,,3.0,《食用稻品种品质》,False,合肥丰乐种业股份有限公司、西南科技大学、四川省农业科学院作物研究所,460,Upper Yangtze,Single/Mid,Three-line hybrid,Joint,3,0.0,1.0,True,False,False
7440,蓉优506,国审稻20196045,2019.0,国审,,True,True,False,籼,中稻,长江上游中籼迟熟组,660.3,3.3,F优498,646.3,2.6,152.0,2.5,124.1,14.8,27.8,186.7,84.4,26.9,,,5.0,中感稻瘟病,,,9.0,抽穗期耐热性1级,耐冷性5级,68.3,2.3,13.0,15.4,80.0,3.5,,3.0,《食用稻品种品质》,False,四川国豪种业股份有限公司,452,Upper Yangtze,Single/Mid,Three-line hybrid,Enterprise,1,0.0,1.0,True,False,False
5827,荟丰优713,国审稻20196047,2019.0,国审,,True,True,False,籼,中稻,长江上游中籼迟熟组,627.43,5.05,F优498,632.25,2.52,148.9,1.9,109.6,15.3,21.8,205.6,83.0,26.2,,,7.0,感稻瘟病,,,9.0,抽穗期耐热性5级,耐冷性7级,61.0,2.7,13.7,14.4,87.0,3.2,,2.0,《食用稻品种品质》,False,科荟种业股份有限公司,459,Upper Yangtze,Single/Mid,Three-line hybrid,Enterprise,1,1.0,0.0,True,False,False
7456,福农优3301,国审稻20196048,2019.0,国审,,True,True,False,籼,中稻,长江上游中籼迟熟组,634.75,6.27,F优498,640.15,3.8,148.2,1.2,117.1,15.6,24.9,201.9,82.9,27.3,,,7.0,感稻瘟病,,,9.0,抽穗期耐热性3级,耐冷性7级,70.6,1.2,6.7,14.6,69.0,3.2,,2.0,《食用稻品种品质》,False,科荟种业股份有限公司,459,Upper Yangtze,Single/Mid,Three-line hybrid,Enterprise,1,1.0,0.0,True,False,False
6830,蓉优丝苗,国审稻20196049,2019.0,国审,,True,True,False,籼,中稻,长江上游中籼迟熟组,652.2,2.3,F优498,637.3,0.8,157.7,4.4,116.8,16.3,26.3,215.5,83.2,24.8,,,7.0,感稻瘟病,,,9.0,抽穗期耐热性5级,耐冷性5级,64.2,0.7,5.0,15.9,78.0,3.6,,2.0,《优质稻谷》,True,四川国豪种业股份有限公司、广东省农业科学院水稻研究所、仲衍种业股份有限公司、安徽荃银高科种业股份有限公司,447,Upper Yangtze,Single/Mid,Three-line hybrid,Joint,4,1.0,0.0,True,False,False
5143,隆两优5438,国审稻20196050,2019.0,国审,,True,False,True,籼,中稻,长江中下游中籼迟熟组,640.66,5.61,丰两优四号,646.27,6.43,134.0,2.3,128.7,15.9,25.3,260.3,85.3,26.2,,,5.0,中感稻瘟病,9.0,高感白叶枯病,9.0,抽穗期耐热性3级,,62.4,2.8,15.0,14.8,88.0,3.1,,,,False,袁隆平农业高科技股份有限公司,446,Middle-Lower Yangtze,Single/Mid,Two-line hybrid,Enterprise,1,,1.0,True,False,False
6245,晶两优8612,国审稻20196051,2019.0,国审,,True,False,True,籼,中稻,长江中下游中籼迟熟组,631.43,4.07,丰两优四号,653.95,5.94,134.0,2.3,124.0,16.0,26.3,267.3,85.1,24.8,,,5.0,中感稻瘟病,7.0,感白叶枯病,9.0,抽穗期耐热性3级,,62.8,1.8,11.0,15.0,88.0,3.0,,3.0,《食用稻品种品质》,False,袁隆平农业高科技股份有限公司,463,Middle-Lower Yangtze,Single/Mid,Two-line hybrid,Enterprise,1,0.0,1.0,True,False,False
6422,晶两优绿丝苗,国审稻20196052,2019.0,国审,,True,False,True,籼,中稻,长江中下游中籼迟熟组,601.95,-0.79,丰两优四号,610.77,0.59,133.8,2.1,127.8,16.7,25.7,262.4,83.8,23.3,,,3.0,中抗稻瘟病,7.0,感白叶枯病,9.0,抽穗期耐热性3级,,63.1,4.9,22.0,14.2,84.0,3.1,,3.0,《食用稻品种品质》,False,袁隆平农业高科技股份有限公司,462,Middle-Lower Yangtze,Single/Mid,Two-line hybrid,Enterprise,1,0.0,1.0,False,False,False
4942,和两优1177,国审稻20196055,2019.0,国审,,True,False,True,籼,中稻,长江中下游中籼迟熟组,600.58,0.46,丰两优四号,615.46,4.59,134.9,1.3,117.4,18.2,25.1,202.1,85.3,25.8,,,5.0,中感稻瘟病,5.0,中感白叶枯病,9.0,抽穗期耐热性3级,,66.0,4.9,23.0,13.9,74.0,3.2,,3.0,《食用稻品种品质》,False,袁隆平农业高科技股份有限公司,464,Middle-Lower Yangtze,Single/Mid,Two-line hybrid,Enterprise,1,0.0,1.0,True,False,False
7099,隆两优1019,国审稻20196060,2019.0,国审,,True,False,True,籼,中稻,长江中下游中籼迟熟组,663.43,7.45,丰两优四号,634.08,6.9,135.4,3.0,127.3,16.5,25.2,236.4,87.2,27.0,,,3.0,中抗稻瘟病,5.0,中感白叶枯病,9.0,抽穗期耐热性1级,,68.9,4.3,17.0,13.9,72.0,3.1,,3.0,《食用稻品种品质》,False,袁隆平农业高科技股份有限公司,463,Middle-Lower Yangtze,Single/Mid,Two-line hybrid,Enterprise,1,0.0,1.0,False,False,False
4135,玮两优1273,国审稻20196061,2019.0,国审,,True,False,True,籼,中稻,长江中下游中籼迟熟组,649.11,2.03,丰两优四号,623.3,5.08,133.6,2.4,122.7,16.3,25.3,224.0,87.6,27.6,,,3.0,中抗稻瘟病,7.0,感白叶枯病,9.0,抽穗期耐热性3级,,59.8,5.4,21.0,14.3,77.0,3.2,,,,False,袁隆平农业高科技股份有限公司,447,Middle-Lower Yangtze,Single/Mid,Two-line hybrid,Enterprise,1,,1.0,False,False,False
7799,晶两优1252,国审稻20196063,2019.0,国审,,True,False,True,籼,中稻,长江中下游中籼迟熟组,644.88,1.37,丰两优四号,648.44,3.45,133.3,2.1,120.8,17.4,26.0,251.4,85.7,23.5,,,3.0,中抗稻瘟病,7.0,感白叶枯病,9.0,抽穗期耐热性3级,,62.7,1.9,10.0,14.7,72.0,3.1,,3.0,《食用稻品种品质》,False,袁隆平农业高科技股份有限公司,463,Middle-Lower Yangtze,Single/Mid,Two-line hybrid,Enterprise,1,0.0,1.0,False,False,False
6520,D两优8612,国审稻20196065,2019.0,国审,,True,False,True,籼,中稻,长江中下游中籼迟熟组,638.48,1.91,丰两优四号,654.13,3.83,129.3,-2.2,125.1,16.4,25.6,251.5,87.0,24.8,,,5.0,中感稻瘟病,9.0,高感白叶枯病,9.0,抽穗期耐热性5级,,57.0,4.5,19.0,13.8,79.0,3.3,,3.0,《食用稻品种品质》,False,袁隆平农业高科技股份有限公司,465,Middle-Lower Yangtze,Single/Mid,Two-line hybrid,Enterprise,1,0.0,1.0,True,False,False
6172,隆8优534,国审稻20196068,2019.0,国审,,True,True,False,籼,中稻,长江中下游中籼迟熟组,643.94,2.77,丰两优四号,660.17,4.79,128.3,-3.2,111.3,17.9,24.5,250.3,84.5,24.1,,,5.0,中感稻瘟病,7.0,感白叶枯病,9.0,抽穗期耐热性3级,,57.9,4.1,22.0,14.6,70.0,3.4,,3.0,《食用稻品种品质》,False,袁隆平农业高科技股份有限公司,460,Middle-Lower Yangtze,Single/Mid,Three-line hybrid,Enterprise,1,0.0,1.0,True,False,False
6331,隆8优丝苗,国审稻20196076,2019.0,国审,,True,True,False,籼,中稻,长江中下游中籼迟熟组,651.46,4.43,丰两优四号,628.28,3.86,127.8,-3.7,113.6,16.5,24.9,207.1,81.5,24.4,,,7.0,感稻瘟病,7.0,感白叶枯病,9.0,抽穗期耐热性3级,,55.9,10.7,35.0,13.4,73.0,3.3,,,,False,袁隆平农业高科技股份有限公司,439,Middle-Lower Yangtze,Single/Mid,Three-line hybrid,Enterprise,1,,0.0,True,False,False
6786,强两优698,国审稻20196081,2019.0,国审,,True,False,True,籼,中稻,,635.61,4.4,丰两优四号,645.53,5.71,134.5,-2.0,125.7,15.2,27.6,212.2,81.9,26.2,,,7.0,感稻瘟病,7.0,感白叶枯病,7.0,抽穗期耐热性3级,,58.3,0.7,4.0,15.9,50.0,3.7,,3.0,《食用稻品种品质》,False,湖南奥谱隆科技股份有限公司,456,Other/Unspecified,Single/Mid,Two-line hybrid,Enterprise,1,0.0,0.0,True,False,False
6382,强两优雄占,国审稻20196082,2019.0,国审,,True,False,True,籼,中稻,长江中下游中籼迟熟组,644.23,5.74,丰两优四号,633.4,3.73,135.3,-1.2,127.4,14.6,24.4,224.3,82.9,26.6,,,7.0,感稻瘟病,5.0,中感白叶枯病,9.0,抽穗期耐热性5级,,56.6,1.3,6.0,15.2,60.0,3.2,,2.0,《食用稻品种品质》,False,湖南奥谱隆科技股份有限公司,458,Middle-Lower Yangtze,Single/Mid,Two-line hybrid,Enterprise,1,1.0,0.0,True,False,False
6649,天两优218,国审稻20196083,2019.0,国审,,True,False,True,籼,中稻,,637.21,4.65,丰两优四号,647.37,6.01,131.5,-5.0,121.8,14.9,26.4,205.7,83.5,26.6,,,7.0,感稻瘟病,7.0,感白叶枯病,9.0,抽穗期耐热性3级,,61.9,4.4,18.0,15.3,60.0,3.6,,3.0,《食用稻品种品质》,False,湖南奥谱隆科技股份有限公司,460,Other/Unspecified,Single/Mid,Two-line hybrid,Enterprise,1,0.0,0.0,True,False,False
3962,源两优600,国审稻20196084,2019.0,国审,,True,False,True,籼,中稻,长江中下游中籼迟熟组,679.0,4.92,丰两优四号,613.6,2.9,132.2,-2.8,120.5,16.5,26.0,228.1,84.5,23.2,,,9.0,高感稻瘟病,7.0,感白叶枯病,9.0,抽穗期耐热性3级,,66.9,2.1,11.0,13.7,76.0,3.1,,2.0,《食用稻品种品质》,False,湖南桃花源农业科技股份有限公司,461,Middle-Lower Yangtze,Single/Mid,Two-line hybrid,Enterprise,1,1.0,0.0,True,False,False
6126,蓉18优2348,国审稻20196086,2019.0,国审,,True,True,False,籼,中稻,长江中下游中籼迟熟组,705.5,8.97,丰两优四号,651.5,11.8,135.3,0.5,126.9,16.0,26.5,249.5,80.4,25.3,,,5.0,中感稻瘟病,9.0,高感白叶枯病,9.0,抽穗期耐热性3级,,59.5,2.5,8.0,15.5,78.0,2.9,,3.0,《食用稻品种品质》,False,湖南桃花源农业科技股份有限公司,460,Middle-Lower Yangtze,Single/Mid,Three-line hybrid,Enterprise,1,0.0,1.0,True,False,False
7036,源两优1568,国审稻20196088,2019.0,国审,,True,False,True,籼,中稻,长江中下游中籼迟熟组,660.8,3.93,丰两优四号,624.6,3.0,138.0,0.8,116.0,15.5,26.8,188.8,82.9,29.5,,,3.0,中抗稻瘟病,9.0,高感白叶枯病,9.0,抽穗期耐热性1级,,55.4,5.2,18.0,14.6,70.0,3.2,,,,False,湖南桃花源农业科技股份有限公司,442,Middle-Lower Yangtze,Single/Mid,Two-line hybrid,Enterprise,1,,1.0,False,False,False
5712,N两优018,国审稻20196090,2019.0,国审,,True,False,True,籼,中稻,长江中下游中籼迟熟组,645.09,4.93,丰两优四号,685.96,5.48,136.2,1.8,117.8,16.9,26.7,209.7,83.7,23.6,,,7.0,感稻瘟病,5.0,中感白叶枯病,9.0,抽穗期耐热性3级,,63.3,0.2,3.0,15.4,77.0,3.4,,2.0,《食用稻品种品质》,False,湖南希望种业科技股份有限公司,462,Middle-Lower Yangtze,Single/Mid,Two-line hybrid,Enterprise,1,1.0,0.0,True,False,False
6962,希两优028,国审稻20196091,2019.0,国审,,True,False,True,籼,中稻,长江中下游中籼迟熟组,643.29,4.79,丰两优四号,684.79,5.3,135.6,1.6,121.8,15.8,27.8,218.8,82.8,24.2,,,7.0,感稻瘟病,5.0,中感白叶枯病,9.0,抽穗期耐热性3级,,60.0,2.3,14.0,15.1,74.0,3.1,,2.0,《食用稻品种品质》,False,湖南希望种业科技股份有限公司,460,Middle-Lower Yangtze,Single/Mid,Two-line hybrid,Enterprise,1,1.0,0.0,True,False,False
6102,N两优028,国审稻20196093,2019.0,国审,,True,False,True,籼,中稻,长江中下游中籼迟熟组,649.89,5.64,丰两优四号,692.61,6.47,138.5,4.1,116.5,16.8,26.8,216.6,81.7,23.9,,,9.0,高感稻瘟病,5.0,中感白叶枯病,9.0,抽穗期耐热性3级,,62.7,0.8,4.0,14.5,72.0,3.3,,1.0,《食用稻品种品质》,False,湖南希望种业科技股份有限公司,463,Middle-Lower Yangtze,Single/Mid,Two-line hybrid,Enterprise,1,1.0,0.0,True,False,False
4980,希两优019,国审稻20196094,2019.0,国审,,True,False,True,籼,中稻,长江中下游中籼迟熟组,641.42,4.26,丰两优四号,675.36,3.81,135.1,0.7,122.4,15.7,27.9,215.5,84.3,24.4,,,7.0,感稻瘟病,5.0,中感白叶枯病,9.0,抽穗期耐热性3级,,59.2,0.4,4.0,15.3,78.0,3.5,,2.0,《食用稻品种品质》,False,湖南希望种业科技股份有限公司,459,Middle-Lower Yangtze,Single/Mid,Two-line hybrid,Enterprise,1,1.0,0.0,True,False,False
7325,N两优6号,国审稻20196095,2019.0,国审,,True,False,True,籼,中稻,长江中下游中籼迟熟组,666.39,8.1,丰两优四号,690.09,6.36,136.7,2.2,124.1,16.9,26.8,186.6,85.1,26.5,,,7.0,感稻瘟病,7.0,感白叶枯病,9.0,抽穗期耐热性3级,,59.4,0.3,3.0,15.5,75.0,3.5,,2.0,《食用稻品种品质》,False,湖南希望种业科技股份有限公司,461,Middle-Lower Yangtze,Single/Mid,Two-line hybrid,Enterprise,1,1.0,0.0,True,False,False
7569,N两优345,国审稻20196096,2019.0,国审,,True,False,True,籼,中稻,长江中下游中籼迟熟组,641.89,4.13,丰两优四号,674.75,4.0,130.8,-3.7,112.7,19.3,26.2,189.3,85.0,21.8,,,5.0,中感稻瘟病,7.0,感白叶枯病,9.0,抽穗期耐热性3级,,59.3,0.7,3.0,15.6,78.0,3.5,,2.0,《食用稻品种品质》,False,湖南希望种业科技股份有限公司,462,Middle-Lower Yangtze,Single/Mid,Two-line hybrid,Enterprise,1,1.0,1.0,True,False,False
5682,望两优301,国审稻20196097,2019.0,国审,,True,False,True,籼,中稻,长江中下游中籼迟熟组,645.98,4.94,丰两优四号,685.76,4.61,132.1,-2.1,116.4,17.8,26.4,197.0,84.7,23.5,,,7.0,感稻瘟病,7.0,感白叶枯病,9.0,抽穗期耐热性3级,,64.6,0.2,2.0,15.8,74.0,3.4,,1.0,《食用稻品种品质》,False,湖南希望种业科技股份有限公司,458,Middle-Lower Yangtze,Single/Mid,Two-line hybrid,Enterprise,1,1.0,0.0,True,False,False
5392,望两优029,国审稻20196098,2019.0,国审,,True,False,True,籼,中稻,长江中下游中籼迟熟组,645.27,4.6,丰两优四号,680.55,5.31,138.3,3.8,118.5,16.6,26.6,214.6,82.2,23.5,,,7.0,感稻瘟病,5.0,中感白叶枯病,9.0,抽穗期耐热性3级,,62.6,1.1,6.0,15.1,74.0,3.3,,2.0,《食用稻品种品质》,False,湖南希望种业科技股份有限公司,459,Middle-Lower Yangtze,Single/Mid,Two-line hybrid,Enterprise,1,1.0,0.0,True,False,False
4871,N两优029,国审稻20196099,2019.0,国审,,True,False,True,籼,中稻,长江中下游中籼迟熟组,645.18,4.97,丰两优四号,676.5,3.76,136.6,2.2,118.5,17.0,26.9,212.7,82.7,23.4,,,9.0,高感稻瘟病,5.0,中感白叶枯病,9.0,抽穗期耐热性3级,,59.5,0.3,4.0,14.8,69.0,3.6,,2.0,《食用稻品种品质》,False,湖南希望种业科技股份有限公司,463,Middle-Lower Yangtze,Single/Mid,Two-line hybrid,Enterprise,1,1.0,0.0,True,False,False
6544,N两优012,国审稻20196100,2019.0,国审,,True,False,True,籼,中稻,长江中下游中籼迟熟组,650.2,5.56,丰两优四号,673.54,3.3,131.5,-3.2,116.6,18.4,27.3,196.3,85.2,22.8,,,5.0,中感稻瘟病,7.0,感白叶枯病,9.0,抽穗期耐热性1级,,62.6,0.8,8.0,15.1,74.0,3.5,,2.0,《食用稻品种品质》,False,湖南希望种业科技股份有限公司,461,Middle-Lower Yangtze,Single/Mid,Two-line hybrid,Enterprise,1,1.0,1.0,True,False,False
5598,卓两优1998,国审稻20196101,2019.0,国审,,True,False,True,籼,中稻,长江中下游中籼迟熟组,642.24,4.49,丰两优四号,684.28,5.04,136.6,2.1,119.9,16.1,26.6,255.1,79.6,22.2,,,7.0,感稻瘟病,7.0,感白叶枯病,9.0,抽穗期耐热性5级,,71.2,0.1,1.0,17.4,79.0,3.2,,1.0,《食用稻品种品质》,False,湖南希望种业科技股份有限公司,462,Middle-Lower Yangtze,Single/Mid,Two-line hybrid,Enterprise,1,1.0,0.0,True,False,False
6864,南两优1998,国审稻20196102,2019.0,国审,,True,False,True,籼,中稻,长江中下游中籼迟熟组,641.75,4.41,丰两优四号,684.89,5.14,132.8,-1.7,119.8,15.2,24.9,229.1,81.4,24.2,,,9.0,高感稻瘟病,7.0,感白叶枯病,9.0,抽穗期耐热性5级,,61.1,2.0,15.0,15.1,76.0,3.2,,2.0,《食用稻品种品质》,False,湖南希望种业科技股份有限公司,465,Middle-Lower Yangtze,Single/Mid,Two-line hybrid,Enterprise,1,1.0,0.0,True,False,False
5700,卓两优141,国审稻20196103,2019.0,国审,,True,False,True,籼,中稻,长江中下游中籼迟熟组,642.93,4.38,丰两优四号,685.15,5.18,138.0,3.3,118.5,16.5,26.0,241.5,78.4,23.0,,,7.0,感稻瘟病,5.0,中感白叶枯病,9.0,抽穗期耐热性5级,,62.6,1.0,8.0,18.7,63.0,3.1,,2.0,《食用稻品种品质》,False,湖南希望种业科技股份有限公司,462,Middle-Lower Yangtze,Single/Mid,Two-line hybrid,Enterprise,1,1.0,0.0,True,False,False
5772,两优5078,国审稻20196104,2019.0,国审,,True,False,True,籼,中籼,,668.7,8.9,丰两优四号,649.9,6.1,133.9,0.6,120.5,18.0,24.4,193.7,83.4,24.2,,,3.0,中抗稻瘟病,5.0,中感白叶枯病,7.0,抽穗期耐热性3级,,62.2,2.5,19.0,13.2,68.0,3.3,,3.0,《食用稻品种品质》,False,合肥丰乐种业股份有限公司,438,Other/Unspecified,Single/Mid,Two-line hybrid,Enterprise,1,0.0,1.0,False,False,False
5521,丰两优华占,国审稻20196105,2019.0,国审,,True,False,True,籼,中稻,长江中下游中籼迟熟组,638.7,4.8,丰两优四号,634.5,3.6,132.5,-0.4,119.9,18.5,24.4,190.9,83.3,23.1,,,3.0,中抗稻瘟病,5.0,中感白叶枯病,7.0,,,64.7,2.9,24.7,20.6,85.3,,,3.0,《食用稻品种品质》,False,合肥丰乐种业股份有限公司,431,Middle-Lower Yangtze,Single/Mid,Two-line hybrid,Enterprise,1,0.0,1.0,False,False,False
6912,丰两优3305,国审稻20196106,2019.0,国审,,True,False,True,籼,中稻,长江中下游中籼迟熟组,628.5,3.2,丰两优四号,634.0,3.2,129.8,-3.1,130.5,16.1,25.8,193.2,83.7,26.3,,,5.0,中感稻瘟病,7.0,感白叶枯病,9.0,抽穗期耐热性3级,,60.7,2.3,20.0,13.3,65.7,3.1,,2.0,《食用稻品种品质》,False,合肥丰乐种业股份有限公司,455,Middle-Lower Yangtze,Single/Mid,Two-line hybrid,Enterprise,1,1.0,1.0,True,False,False
5034,六两优香11,国审稻20196107,2019.0,国审,,True,False,True,籼,中稻,,633.6,4.0,丰两优四号,647.2,5.6,129.4,-3.5,127.0,15.9,24.8,178.2,84.1,26.7,,,3.0,中抗稻瘟病,7.0,感白叶枯病,7.0,抽穗期耐热性5级,,52.2,1.6,12.8,12.8,72.7,3.1,,,,False,合肥丰乐种业股份有限公司,433,Other/Unspecified,Single/Mid,Two-line hybrid,Enterprise,1,,1.0,False,False,False
4084,Q两优丝苗,国审稻20196109,2019.0,国审,,True,False,True,籼,中稻,,634.83,4.23,丰两优四号,646.9,5.69,132.0,-1.0,116.5,17.1,25.4,212.6,78.5,23.0,,,3.0,中抗稻瘟病,7.0,感白叶枯病,9.0,抽穗期耐热性3级,,63.6,0.8,,16.3,76.0,3.1,,3.0,《食用稻品种品质》,True,安徽荃银高科种业股份有限公司,452,Other/Unspecified,Single/Mid,Two-line hybrid,Enterprise,1,0.0,1.0,False,False,False
3253,荃两优851,国审稻20196110,2019.0,国审,,True,False,True,籼,中稻,,650.87,6.85,丰两优四号,642.7,5.27,132.2,-0.7,123.1,16.1,23.9,212.6,82.4,24.3,,,5.0,中感稻瘟病,7.0,感白叶枯病,9.0,抽穗期耐热性3级,,68.9,1.8,,16.2,69.0,3.1,,2.0,《食用稻品种品质》,True,安徽荃银高科种业股份有限公司,455,Other/Unspecified,Single/Mid,Two-line hybrid,Enterprise,1,1.0,1.0,True,False,False
4328,Q两优851,国审稻20196111,2019.0,国审,,True,False,True,籼,中稻,,634.39,5.44,丰两优四号,640.62,5.23,133.0,0.4,114.8,16.8,25.3,223.7,78.4,23.3,,,3.0,中抗稻瘟病,7.0,感白叶枯病,9.0,抽穗期耐热性5级,,64.5,2.8,,13.7,71.0,3.3,,3.0,《食用稻品种品质》,True,安徽荃银高科种业股份有限公司,456,Other/Unspecified,Single/Mid,Two-line hybrid,Enterprise,1,0.0,1.0,False,False,False
5120,两优106,国审稻20196113,2019.0,国审,,True,False,True,籼,中稻,,647.6,7.8,丰两优四号,638.6,7.8,130.9,-2.2,116.6,17.6,24.7,202.4,84.7,23.6,,,5.0,中感稻瘟病,7.0,感白叶枯病,9.0,抽穗期耐热性1级,,56.7,1.5,7.3,15.7,69.3,3.2,,3.0,《食用稻品种品质》,False,江苏红旗种业股份有限公司,457,Other/Unspecified,Single/Mid,Two-line hybrid,Enterprise,1,0.0,1.0,True,False,False
6064,徽两优8061,国审稻20196114,2019.0,国审,,True,False,True,籼,中稻,长江中下游中籼迟熟组,629.9,7.5,丰两优四号,615.6,3.6,133.9,-1.8,113.8,15.1,25.5,210.2,81.7,25.3,,,9.0,高感稻瘟病,5.0,中感白叶枯病,9.0,抽穗期耐热性1级,,65.9,1.9,11.0,13.3,73.3,3.2,,3.0,《食用稻品种品质》,False,江苏红旗种业股份有限公司,457,Middle-Lower Yangtze,Single/Mid,Two-line hybrid,Enterprise,1,0.0,0.0,True,False,False
7064,荃优220,国审稻20196117,2019.0,国审,,True,True,False,籼,中稻,,628.34,4.12,丰两优四号,624.27,3.26,133.2,0.6,128.2,14.4,25.7,191.7,80.6,28.5,,,3.0,中抗稻瘟病,9.0,高感白叶枯病,9.0,抽穗期耐热性5级,,66.3,3.1,,16.1,81.0,2.8,,3.0,《食用稻品种品质》,True,江苏中江种业股份有限公司,458,Other/Unspecified,Single/Mid,Three-line hybrid,Enterprise,1,0.0,1.0,False,False,False
5182,中浙优H7,国审稻20196119,2019.0,国审,,True,True,False,籼,中稻,,601.1,5.5,丰两优四号,655.74,3.82,137.5,5.1,128.8,14.2,26.6,205.0,81.9,27.0,,,9.0,高感稻瘟病,7.0,感白叶枯病,9.0,抽穗期耐热性3级,,55.0,2.0,12.0,15.0,66.0,3.5,,2.0,《食用稻品种品质》,False,浙江勿忘农种业股份有限公司,455,Other/Unspecified,Single/Mid,Three-line hybrid,Enterprise,1,1.0,0.0,True,False,False
6953,中浙优华湘占,国审稻20196120,2019.0,国审,,True,True,False,籼,中稻,,614.27,4.09,丰两优四号,661.88,4.79,136.5,4.6,131.0,17.4,27.9,186.6,81.6,24.9,,,9.0,高感稻瘟病,7.0,感白叶枯病,9.0,抽穗期耐热性5级,,56.1,2.5,14.0,14.9,66.0,3.6,,2.0,《食用稻品种品质》,False,浙江勿忘农种业股份有限公司,457,Other/Unspecified,Single/Mid,Three-line hybrid,Enterprise,1,1.0,0.0,True,False,False
4996,C两优粤农丝苗,国审稻20196122,2019.0,国审,,True,False,True,籼,中稻,,642.82,3.35,丰两优四号,660.03,5.3,133.5,1.0,119.2,17.7,24.9,192.1,83.5,24.5,,,5.0,中感稻瘟病,5.0,中感白叶枯病,9.0,抽穗期耐热性3级,,68.4,2.7,8.0,15.2,72.0,3.2,,2.0,《食用稻品种品质》,False,北京金色农华种业科技股份有限公司,459,Other/Unspecified,Single/Mid,Two-line hybrid,Enterprise,1,1.0,1.0,True,False,False
3534,徽两优粤农丝苗,国审稻20196123,2019.0,国审,,True,False,True,籼,中稻,,647.52,4.11,丰两优四号,645.36,2.96,132.1,-0.5,117.2,16.7,24.4,196.7,86.0,24.0,,,5.0,中感稻瘟病,7.0,感白叶枯病,9.0,抽穗期耐热性5级,,67.9,2.8,10.0,14.6,80.0,3.4,,2.0,《食用稻品种品质》,False,北京金色农华种业科技股份有限公司,461,Other/Unspecified,Single/Mid,Two-line hybrid,Enterprise,1,1.0,1.0,True,False,False
6569,深两优168,国审稻20196124,2019.0,国审,,True,False,True,籼,中稻,,650.89,4.89,丰两优四号,633.69,2.92,135.4,1.9,127.6,16.5,26.7,203.4,86.6,24.8,,,7.0,感稻瘟病,7.0,感白叶枯病,9.0,抽穗期耐热性3级,,64.0,3.8,18.0,15.0,68.0,2.8,,3.0,《食用稻品种品质》,False,湖北省种子集团有限公司,459,Other/Unspecified,Single/Mid,Two-line hybrid,Enterprise,1,0.0,0.0,True,False,False
5780,荃优510,国审稻20196125,2019.0,国审,,True,True,False,籼,中稻,,664.84,7.14,丰两优四号,645.37,4.82,132.1,-1.4,122.1,16.7,25.4,197.9,86.3,25.4,,,5.0,中感稻瘟病,5.0,中感白叶枯病,9.0,抽穗期耐热性3级,,62.6,3.8,9.0,14.9,78.0,3.1,,3.0,《食用稻品种品质》,True,湖北省种子集团有限公司,462,Other/Unspecified,Single/Mid,Three-line hybrid,Enterprise,1,0.0,1.0,True,False,False
7138,神9优28,国审稻20196131,2019.0,国审,,True,True,False,籼,中稻,长江中下游中籼迟熟组,612.09,4.18,丰两优四号,664.09,5.66,127.9,-6.8,121.6,17.0,25.3,196.1,83.8,23.9,,,7.0,感稻瘟病,9.0,高感白叶枯病,9.0,抽穗期耐热性3级,,66.7,0.7,8.0,16.1,82.0,3.2,,1.0,《食用稻品种品质》,False,重庆中一种业有限公司,459,Middle-Lower Yangtze,Single/Mid,Three-line hybrid,Enterprise,1,1.0,0.0,True,False,False
5805,冈8优316,国审稻20196134,2019.0,国审,,True,True,False,籼,中稻,长江中下游中籼迟熟组,666.38,7.31,丰两优四号,662.32,6.54,132.8,-1.4,125.1,14.2,26.0,216.6,85.0,28.1,,,9.0,高感稻瘟病,9.0,高感白叶枯病,9.0,抽穗期耐热性3级,,65.4,12.1,61.3,23.4,35.0,2.6,,,,False,科荟种业股份有限公司,446,Middle-Lower Yangtze,Single/Mid,Three-line hybrid,Enterprise,1,,0.0,True,False,False
248,昌两优8号,国审稻20196135,2019.0,国审,,True,False,True,籼,中稻,长江中下游中籼迟熟组,637.29,5.82,丰两优四号,618.89,2.29,137.0,4.4,120.2,17.9,26.7,182.4,84.0,23.6,,,5.0,中感稻瘟病,7.0,感白叶枯病,9.0,抽穗期耐热性3级,,69.7,0.8,12.0,17.3,69.0,3.1,,2.0,《食用稻品种品质》,False,广西恒茂农业科技有限公司,463,Middle-Lower Yangtze,Single/Mid,Two-line hybrid,Enterprise,1,1.0,1.0,True,False,False
6680,泷两优713,国审稻20196136,2019.0,国审,,True,False,True,籼,中稻,,608.43,3.56,丰两优四号,690.55,9.88,133.7,-1.0,130.3,16.7,28.7,206.5,81.1,25.2,,,5.0,中感稻瘟病,5.0,中感白叶枯病,9.0,抽穗期耐热性3级,,60.4,2.9,24.0,14.1,85.0,3.4,,2.0,《食用稻品种品质》,False,海南神农基因科技股份有限公司,458,Other/Unspecified,Single/Mid,Two-line hybrid,Enterprise,1,1.0,1.0,True,False,False
7550,兆优6319,国审稻20196138,2019.0,国审,,True,True,False,籼,中稻,,629.0,-0.01,丰两优四号,587.8,0.14,143.6,6.5,128.3,15.3,28.4,178.7,79.8,28.6,,,9.0,高感稻瘟病,5.0,中感白叶枯病,9.0,抽穗期耐热性3级,,67.7,0.8,11.0,16.0,76.0,3.4,,2.0,《优质稻谷》,False,仲衍种业股份有限公司、四川国豪种业股份有限公司、深圳市兆农农业科技有限公司,453,Other/Unspecified,Single/Mid,Three-line hybrid,Enterprise,3,1.0,0.0,True,False,False
5471,玖两优1212,国审稻20196140,2019.0,国审,,True,False,True,籼,双季,长江中下游晚籼早熟组,623.74,4.1,五优308,571.41,5.2,116.5,-1.4,99.2,20.2,22.3,156.5,83.7,23.9,,,5.0,中感稻瘟病,7.0,感白叶枯病,9.0,,耐冷性3级,68.4,4.4,14.0,19.6,50.0,3.1,,3.0,《食用稻品种品质》,False,袁隆平农业高科技股份有限公司,454,Middle-Lower Yangtze,Late,Two-line hybrid,Enterprise,1,0.0,1.0,True,False,False
5931,玖两优5208,国审稻20196141,2019.0,国审,,True,False,True,籼,双季,长江中下游晚籼早熟组,622.11,2.67,五优308,620.66,3.78,116.5,-1.0,102.9,19.7,22.4,161.9,84.7,24.9,,,5.0,中感稻瘟病,7.0,感白叶枯病,9.0,,耐冷性9级,69.1,4.1,15.0,20.1,50.0,3.0,,3.0,《食用稻品种品质》,False,袁隆平农业高科技股份有限公司,454,Middle-Lower Yangtze,Late,Two-line hybrid,Enterprise,1,0.0,1.0,True,False,False
7738,天两优55,国审稻20196144,2019.0,国审,,True,False,True,籼,双季,长江中下游晚籼早熟组,592.56,4.59,五优308,642.35,4.75,113.8,-2.6,102.4,17.2,23.1,160.0,83.8,28.5,,,7.0,感稻瘟病,5.0,中感白叶枯病,9.0,,耐冷性5级,66.0,1.8,6.0,16.0,60.0,3.3,,2.0,《食用稻品种品质》,False,湖南奥谱隆科技股份有限公司,447,Middle-Lower Yangtze,Late,Two-line hybrid,Enterprise,1,1.0,0.0,True,False,False
7004,奥富优826,国审稻20196145,2019.0,国审,,True,True,False,籼,双季,长江中下游晚籼早熟组,589.41,4.05,五优308,611.46,1.54,109.2,-7.2,98.8,19.2,21.9,152.3,86.6,25.6,,,5.0,中感稻瘟病,9.0,高感白叶枯病,9.0,,耐冷性5级,61.8,0.8,5.0,15.0,60.0,3.4,,2.0,《食用稻品种品质》,False,湖南奥谱隆科技股份有限公司,452,Middle-Lower Yangtze,Late,Three-line hybrid,Enterprise,1,1.0,1.0,True,False,False
6366,岳优1016,国审稻20196146,2019.0,国审,,True,True,False,籼,双季,长江中下游晚籼早熟组,598.4,3.37,五优308,616.49,2.39,115.2,-1.2,101.6,22.5,24.7,134.2,81.7,26.5,,,7.0,感稻瘟病,7.0,感白叶枯病,9.0,,耐冷性7级,66.3,4.0,19.0,15.7,65.0,3.6,,3.0,《食用稻品种品质》,False,湖南桃花源农业科技股份有限公司,453,Middle-Lower Yangtze,Late,Three-line hybrid,Enterprise,1,0.0,0.0,True,False,False
4834,桃湘优188,国审稻20196148,2019.0,国审,,True,True,False,籼,双季,长江中下游晚籼早熟组,603.0,4.1,五优308,625.88,4.0,116.0,-0.4,108.0,19.1,20.6,186.8,80.4,22.5,,,5.0,中感稻瘟病,7.0,感白叶枯病,9.0,,耐冷性5级,55.7,1.1,4.0,15.1,65.0,3.7,,2.0,《食用稻品种品质》,False,湖南桃花源农业科技股份有限公司,452,Middle-Lower Yangtze,Late,Three-line hybrid,Enterprise,1,1.0,1.0,True,False,False
5773,桃湘优美晶,国审稻20196149,2019.0,国审,,True,True,False,籼,双季,长江中下游晚籼早熟组,591.3,1.75,五优308,610.3,1.08,115.9,-0.6,109.3,20.9,24.1,154.2,82.0,24.6,,,7.0,感稻瘟病,9.0,高感白叶枯病,9.0,,耐冷性7级,56.8,2.7,12.0,16.1,60.0,3.9,,2.0,《食用稻品种品质》,False,湖南桃花源农业科技股份有限公司,452,Middle-Lower Yangtze,Late,Three-line hybrid,Enterprise,1,1.0,0.0,True,False,False
5486,A两优336,国审稻20196150,2019.0,国审,,True,False,True,籼,双季,长江中下游晚籼早熟组,613.66,5.14,五优308,613.7,1.62,114.3,-1.5,104.3,19.7,23.6,162.1,82.5,25.9,,,5.0,中感稻瘟病,7.0,感白叶枯病,9.0,,耐冷性5级,55.5,0.9,4.0,14.3,73.0,4.2,,2.0,《食用稻品种品质》,False,湖南桃花源农业科技股份有限公司,455,Middle-Lower Yangtze,Late,Two-line hybrid,Enterprise,1,1.0,1.0,True,False,False
5538,桃秀优华占,国审稻20196151,2019.0,国审,,True,True,False,籼,双季,长江中下游晚籼早熟组,613.58,5.09,五优308,611.8,1.34,114.4,-1.4,104.9,22.0,22.6,159.6,80.8,20.8,,,9.0,高感稻瘟病,7.0,感白叶枯病,9.0,,耐冷性5级,64.5,3.3,15.0,20.8,50.0,3.6,,3.0,《食用稻品种品质》,False,湖南桃花源农业科技股份有限公司,451,Middle-Lower Yangtze,Late,Three-line hybrid,Enterprise,1,0.0,0.0,True,False,False
7219,丰两优916,国审稻20196156,2019.0,国审,,True,False,True,籼,双季,长江中下游晚籼早熟组,610.4,3.3,五优308,631.2,2.9,119.3,-0.7,107.2,20.6,22.8,159.9,81.7,24.2,,,5.0,中感稻瘟病,5.0,中感白叶枯病,9.0,,耐冷性5级,65.4,1.5,13.7,15.8,73.3,3.3,,2.0,《食用稻品种品质》,False,合肥丰乐种业股份有限公司,454,Middle-Lower Yangtze,Late,Two-line hybrid,Enterprise,1,1.0,1.0,True,False,False
5132,银两优851,国审稻20196157,2019.0,国审,,True,False,True,籼,双季,长江中下游晚籼早熟组,578.97,2.89,五优308,565.44,2.64,117.9,-0.4,100.6,21.1,22.1,159.2,79.3,23.7,,,5.0,中感稻瘟病,5.0,中感白叶枯病,9.0,,耐冷性5级,63.5,0.5,,16.9,69.5,3.3,,1.0,《食用稻品种品质》,True,安徽荃银高科种业股份有限公司,452,Middle-Lower Yangtze,Late,Two-line hybrid,Enterprise,1,1.0,1.0,True,False,False
5971,桃优粤农丝苗,国审稻20196158,2019.0,国审,,True,True,False,籼,双季,长江中下游晚籼早熟组,573.32,0.41,五优308,576.63,1.68,115.6,-1.7,103.6,20.2,23.3,131.7,85.6,27.4,,,7.0,感稻瘟病,7.0,感白叶枯病,9.0,,耐冷性5级,64.3,1.2,6.0,14.4,69.0,3.5,,2.0,《食用稻品种品质》,False,北京金色农华种业科技股份有限公司,453,Middle-Lower Yangtze,Late,Three-line hybrid,Enterprise,1,1.0,0.0,True,False,False
4415,广泰优粤农丝苗,国审稻20196161,2019.0,国审,,True,True,False,籼,双季,长江中下游晚籼早熟组,579.18,1.43,五优308,586.41,3.41,116.5,-0.8,104.0,20.8,21.1,145.6,81.1,25.6,,,7.0,感稻瘟病,5.0,中感白叶枯病,9.0,,耐冷性7级,65.4,1.6,7.0,15.2,61.0,3.3,,2.0,《食用稻品种品质》,False,北京金色农华种业科技股份有限公司,453,Middle-Lower Yangtze,Late,Three-line hybrid,Enterprise,1,1.0,0.0,True,False,False
7739,川浙优丝苗,国审稻20196163,2019.0,国审,,True,True,False,籼,双季,长江中下游晚籼早熟组,597.3,5.47,五优308,591.1,6.12,114.2,-2.8,106.5,21.8,23.5,159.7,81.9,23.6,,,7.0,感稻瘟病,5.0,中感白叶枯病,9.0,,耐冷性5级,65.9,2.8,12.7,14.7,73.0,3.2,,2.0,《食用稻品种品质》,True,科荟种业股份有限公司,456,Middle-Lower Yangtze,Late,Three-line hybrid,Enterprise,1,1.0,0.0,True,False,False
5932,恒丰优粤农丝苗,国审稻20196165,2019.0,国审,,True,True,False,籼,双季,长江中下游晚籼中迟熟组,582.57,1.48,天优华占,594.33,2.15,116.5,-2.8,107.6,19.1,22.5,162.9,85.4,24.3,,,5.0,中感稻瘟病,7.0,感白叶枯病,9.0,,耐冷性5级,63.6,2.4,9.0,14.8,65.0,3.5,,3.0,《食用稻品种品质》,False,北京金色农华种业科技股份有限公司,449,Middle-Lower Yangtze,Late,Three-line hybrid,Enterprise,1,0.0,1.0,True,False,False
5242,隆晶优570,国审稻20196167,2019.0,国审,,True,True,False,籼,双季,长江中下游晚籼中迟熟组,568.12,-2.21,天优华占,563.91,1.03,121.4,1.2,114.1,20.9,23.5,148.3,81.1,25.0,,,5.0,中感稻瘟病,5.0,中感白叶枯病,9.0,,耐冷性7级,56.6,1.8,9.0,15.7,65.0,3.6,,2.0,《食用稻品种品质》,False,袁隆平农业高科技股份有限公司,454,Middle-Lower Yangtze,Late,Three-line hybrid,Enterprise,1,1.0,1.0,True,False,False
7618,亮两优534,国审稻20196168,2019.0,国审,,True,False,True,籼,双季,长江中下游晚籼中迟熟组,580.99,-0.04,天优华占,571.47,0.3,122.5,2.3,107.0,20.8,24.0,157.6,80.5,24.1,,,5.0,中感稻瘟病,5.0,中感白叶枯病,9.0,,耐冷性5级,63.2,2.8,11.0,16.4,60.0,3.5,,2.0,《食用稻品种品质》,False,袁隆平农业高科技股份有限公司,450,Middle-Lower Yangtze,Late,Two-line hybrid,Enterprise,1,1.0,1.0,True,False,False
5580,宁香粳11,国审稻20196173,2019.0,国审,,False,False,False,粳,单季,长江中下游单季晚粳组,589.87,-4.57,嘉优5号,650.29,0.18,146.3,-8.1,95.9,18.6,17.9,161.8,86.6,24.5,,,,中感稻瘟病,5.0,中感白叶枯病,9.0,,,71.8,2.1,22.0,17.5,72.0,1.9,,2.0,《食用稻品种品质》,False,袁隆平农业高科技股份有限公司,439,Middle-Lower Yangtze,Late,Inbred/Other,Enterprise,1,1.0,,True,False,False
7457,云两优2118,国审稻20196198,2019.0,国审,,True,False,True,籼,双季,华南感光晚籼组,472.35,4.21,博优998,491.08,9.78,117.5,1.7,102.9,15.1,24.7,165.6,80.5,25.3,,,7.0,感稻瘟病,7.0,感白叶枯病,9.0,,,66.0,0.3,3.0,14.0,73.0,3.4,,2.0,《食用稻品种品质》,False,湖南奥谱隆科技股份有限公司,434,South China,Late,Two-line hybrid,Enterprise,1,1.0,0.0,True,False,False
7469,深两优248,国审稻20196202,2019.0,国审,,True,False,True,籼,双季,华南感光晚籼组,453.0,3.7,博优998,447.6,4.2,113.4,-0.2,107.0,15.1,24.8,168.6,78.3,26.5,,,7.0,感稻瘟病,7.0,感白叶枯病,9.0,,,61.7,0.8,6.3,15.7,79.3,3.2,,1.0,《食用稻品种品质》,False,合肥丰乐种业股份有限公司,433,South China,Late,Two-line hybrid,Enterprise,1,1.0,0.0,True,False,False
4872,荃优丝苗,国审稻20196203,2019.0,国审,,True,True,False,籼,双季,华南早籼组,538.06,2.55,天优华占,542.31,5.2,128.6,5.6,116.3,16.2,25.2,175.9,82.7,26.1,,,,中感稻瘟病,7.0,感白叶枯病,,,,65.1,0.8,5.3,15.7,85.0,3.0,,2.0,《食用稻品种品质》,True,安徽荃银高科种业股份有限公司,435,South China,Early,Three-line hybrid,Enterprise,1,1.0,,True,False,False
5251,荃优华占,国审稻20196204,2019.0,国审,,True,True,False,籼,双季,华南早籼组,541.19,3.14,天优华占,540.12,4.62,128.7,5.7,115.2,17.5,24.8,173.9,83.0,25.5,,,,中抗稻瘟病,9.0,高感白叶枯病,,,,62.9,1.2,10.0,14.6,80.0,3.0,,3.0,《食用稻品种品质》,True,安徽荃银高科种业股份有限公司、湖北荃银高科种业有限公司,436,South China,Early,Three-line hybrid,Enterprise,2,0.0,,False,False,False
3942,荃优822,国审稻20196205,2019.0,国审,,True,True,False,籼,双季,华南感光晚籼组,462.92,2.15,博优998,458.91,5.59,117.8,2.0,103.4,16.0,23.7,147.5,80.0,27.5,,,3.0,中抗稻瘟病,5.0,中感白叶枯病,9.0,,,58.2,2.0,8.0,14.9,71.0,3.2,,2.0,《食用稻品种品质》,True,安徽荃银高科种业股份有限公司,441,South China,Late,Three-line hybrid,Enterprise,1,1.0,1.0,False,False,False
7037,明香粳813,国审稻20196206,2019.0,国审,,False,False,False,粳,,,660.8,5.2,徐稻3号,663.83,5.1,148.5,-4.7,94.5,21.1,16.8,148.8,87.7,26.1,,,5.0,中感稻瘟病,,,,,,68.9,4.0,16.0,14.4,75.0,1.9,,3.0,《优质稻谷》,False,江苏明天种业科技股份有限公司,409,Other/Unspecified,Unspecified,Inbred/Other,Enterprise,1,0.0,1.0,True,False,False
6173,黄广华占1号,国审稻20200001,2020.0,国审,,False,False,False,籼,双季,华南早籼组,504.78,-3.8,天优华占,519.59,1.56,127.7,,112.6,16.3,23.1,167.8,86.4,24.7,,,1.0,中抗稻瘟病,5.0,中感白叶枯病,9.0,,,58.4,2.1,,14.5,83.3,2.9,6.2,2.0,《食用稻品种品质》,False,广东省农业科学院水稻研究所,446,South China,Early,Inbred/Other,Public,1,1.0,1.0,False,False,False
7326,南桂占,国审稻20200002,2020.0,国审,,False,False,False,籼,双季,华南早籼组,512.28,-2.28,天优华占,533.44,2.3,127.1,,110.7,18.4,23.4,171.0,84.1,21.4,,,,中抗稻瘟病,5.0,中感白叶枯病,9.0,,,59.5,0.5,,16.1,66.0,3.4,6.8,1.0,《食用稻品种品质》,False,广东省农业科学院水稻研究所,450,South China,Early,Inbred/Other,Public,1,1.0,,False,False,False
6554,神农优422,国审稻20200003,2020.0,国审,,True,True,False,籼,中稻,长江上游中籼迟熟组,632.51,0.33,F优498,584.79,3.55,151.6,,113.0,15.9,23.1,209.4,81.7,24.3,,,7.0,感稻瘟病,,,9.0,抽穗期耐热性较强,耐冷性一般,62.8,1.3,,16.2,71.0,3.2,6.8,2.0,《食用稻品种品质》,False,重庆中一种业有限公司,443,Upper Yangtze,Single/Mid,Three-line hybrid,Enterprise,1,1.0,0.0,True,False,False
6728,旺两优959,国审稻20200004,2020.0,国审,,True,False,True,籼,中稻,长江上游中籼迟熟组,655.02,3.9,F优498,571.55,1.21,150.8,,103.2,16.4,24.0,197.7,80.3,25.8,,,7.0,感稻瘟病,,,9.0,抽穗期耐热性较弱,耐冷性一般,66.2,1.1,,21.9,70.0,2.9,6.9,3.0,《食用稻品种品质》,False,湖南袁创超级稻技术有限公司,445,Upper Yangtze,Single/Mid,Two-line hybrid,Enterprise,1,0.0,0.0,True,False,False
7406,蜀优938,国审稻20200005,2020.0,国审,,True,True,False,籼,中稻,长江上游中籼迟熟组,653.83,4.4,F优498,586.88,5.15,154.5,,123.3,13.6,25.8,209.2,79.2,31.6,,,7.0,感稻瘟病,,,9.0,抽穗期耐热性较强,耐冷性一般,58.7,7.8,,22.3,76.0,3.0,6.3,,,False,四川农业大学,424,Upper Yangtze,Single/Mid,Three-line hybrid,Public,1,,0.0,True,False,False
7537,川优1787,国审稻20200006,2020.0,国审,,True,True,False,籼,中稻,长江上游中籼迟熟组,647.66,2.39,F优498,589.02,7.88,153.7,,118.4,15.4,24.7,194.7,76.7,29.8,,,5.0,中感稻瘟病,,,9.0,抽穗期耐热性较强,耐冷性中等,54.5,2.9,,17.8,81.0,3.1,5.3,3.0,《食用稻品种品质》,False,四川省农业科学院水稻高粱研究所,447,Upper Yangtze,Single/Mid,Three-line hybrid,Public,1,0.0,1.0,True,False,False
6209,赣73优明占,国审稻20200007,2020.0,国审,,True,True,False,籼,中稻,长江上游中籼迟熟组,663.47,4.89,F优498,566.76,3.8,152.9,,121.2,15.5,24.8,200.4,83.3,27.1,,,7.0,感稻瘟病,,,9.0,抽穗期耐热性较强,耐冷性较强,62.1,1.6,,15.9,68.0,3.1,6.7,2.0,《食用稻品种品质》,False,三明市农业科学研究院、福建六三种业有限责任公司、江西省农业科学院水稻研究所,443,Upper Yangtze,Single/Mid,Three-line hybrid,Joint,3,1.0,0.0,True,False,False
5854,神农优452,国审稻20200008,2020.0,国审,,True,True,False,籼,中稻,长江上游中籼迟熟组,635.01,2.17,F优498,594.3,5.24,153.0,,118.0,15.2,24.3,207.0,81.7,26.0,,,5.0,中感稻瘟病,,,9.0,抽穗期耐热性较强,耐冷性较强,59.4,1.1,,18.7,71.0,3.0,6.9,2.0,《食用稻品种品质》,False,重庆中一种业有限公司,444,Upper Yangtze,Single/Mid,Three-line hybrid,Enterprise,1,1.0,1.0,True,False,False
3471,宜优1611,国审稻20200009,2020.0,国审,,True,True,False,籼,中稻,长江上游中籼迟熟组,646.68,3.87,F优498,568.95,1.94,152.8,,117.5,15.4,26.3,194.0,81.7,27.7,,,7.0,感稻瘟病,,,9.0,抽穗期耐热性较强,耐冷性一般,66.5,1.0,,16.5,71.0,3.1,6.8,1.0,《食用稻品种品质》,False,蒙自和顺农业科技开发有限公司,443,Upper Yangtze,Single/Mid,Three-line hybrid,Enterprise,1,1.0,0.0,True,False,False
5257,晶两优1377,国审稻20200010,2020.0,国审,,True,False,True,籼,中稻,武陵山区中籼组,633.08,2.92,瑞优399,576.68,3.62,146.8,,113.7,17.0,25.1,192.7,83.2,23.8,,,3.0,中抗稻瘟病,,,,,耐冷性敏感,61.6,4.3,,15.2,77.0,3.0,6.0,3.0,《食用稻品种品质》,False,广汉泰利隆农作物研究所,443,Wuling Mountains,Single/Mid,Two-line hybrid,Public,1,0.0,1.0,False,False,False
5866,中早51,国审稻20200011,2020.0,国审,,False,False,False,籼,双季,长江中下游早籼迟熟组,530.52,2.64,陆两优996,530.38,2.88,111.0,,92.1,18.5,19.0,151.3,81.0,27.1,,,5.0,中感稻瘟病,7.0,感白叶枯病,9.0,,,52.3,17.0,,25.3,81.0,2.2,5.1,,,False,中国水稻研究所,443,Middle-Lower Yangtze,Early,Inbred/Other,Public,1,,1.0,True,False,False
4231,中早48,国审稻20200012,2020.0,国审,,False,False,False,籼,双季,长江中下游早籼迟熟组,533.46,3.21,陆两优996,525.68,1.97,110.7,,97.2,19.0,17.2,157.2,82.6,25.0,,,5.0,中感稻瘟病,7.0,感白叶枯病,9.0,,,58.8,14.4,,24.8,73.7,2.0,5.1,,,False,中国水稻研究所,443,Middle-Lower Yangtze,Early,Inbred/Other,Public,1,,1.0,True,False,False
7104,中禾优1号,国审稻20200013,2020.0,国审,,True,True,False,籼,中稻,长江中下游中籼迟熟组,635.07,5.65,丰两优四号,667.46,10.15,136.8,,130.6,14.1,25.1,249.2,80.2,25.4,,,5.0,中感稻瘟病,5.0,中感白叶枯病,9.0,抽穗期耐热性强,,60.7,1.1,,13.5,78.0,2.7,5.5,3.0,《食用稻品种品质》,False,嘉兴市农业科学研究院,459,Middle-Lower Yangtze,Single/Mid,Three-line hybrid,Unknown,1,0.0,1.0,True,False,False
6489,荃9优535,国审稻20200014,2020.0,国审,,True,True,False,籼,中稻,长江中下游中籼迟熟组,642.81,6.96,丰两优四号,662.05,5.83,133.9,,128.1,15.5,24.4,196.5,81.4,27.2,,,9.0,高感稻瘟病,3.0,中抗白叶枯病,9.0,抽穗期耐热性强,,52.3,2.6,16.7,14.4,73.0,3.0,5.0,3.0,《食用稻品种品质》,True,江苏沿海地区农业科学研究所、中国科学院遗传与发育生物学研究所、安徽荃银高科种业股份有限公司,496,Middle-Lower Yangtze,Single/Mid,Three-line hybrid,Joint,3,0.0,0.0,True,False,False
4734,萍两优雅占,国审稻20200015,2020.0,国审,,True,False,True,籼,中稻,长江中下游中籼迟熟组,646.11,7.48,丰两优四号,685.02,6.48,134.3,,119.5,17.1,24.3,217.1,81.3,22.8,,,5.0,中感稻瘟病,7.0,感白叶枯病,9.0,抽穗期耐热性较强,,53.7,0.7,,13.6,77.0,3.2,3.9,,,False,江西天涯种业有限公司,429,Middle-Lower Yangtze,Single/Mid,Two-line hybrid,Enterprise,1,,1.0,True,False,False
7781,宇两优332,国审稻20200016,2020.0,国审,,True,False,True,籼,中稻,长江中下游中籼迟熟组,645.16,6.02,丰两优四号,602.22,4.5,140.2,,123.5,17.2,25.3,194.5,82.0,24.7,,,5.0,中感稻瘟病,5.0,中感白叶枯病,9.0,抽穗期耐热性一般,,60.7,0.4,,13.0,76.0,3.3,5.1,3.0,《食用稻品种品质》,False,湖南兴隆种业有限公司,455,Middle-Lower Yangtze,Single/Mid,Two-line hybrid,Enterprise,1,0.0,1.0,True,False,False
7429,荃优软占,国审稻20200017,2020.0,国审,,True,True,False,籼,中稻,长江中下游中籼迟熟组,630.23,3.57,丰两优四号,580.46,0.52,138.3,,133.8,15.8,25.1,204.1,78.8,26.3,,,,高感稻瘟病,7.0,感白叶枯病,9.0,抽穗期耐热性一般,,60.8,1.5,,16.3,72.0,3.1,6.3,2.0,《食用稻品种品质》,True,江西科为农作物研究所、广州市金粤生物科技有限公司,454,Middle-Lower Yangtze,Single/Mid,Three-line hybrid,Joint,2,1.0,,True,False,False
6407,E两优1453,国审稻20200018,2020.0,国审,,True,False,True,籼,中稻,长江中下游中籼迟熟组,602.44,0.04,丰两优4号,600.53,0.7,134.8,,127.3,15.9,26.3,169.7,82.3,29.9,,,3.0,中抗稻瘟病,3.0,中抗白叶枯病,5.0,抽穗期耐热性较强,,55.8,2.4,,15.4,73.0,3.2,6.4,2.0,《食用稻品种品质》,False,武汉隆福康农业发展有限公司,456,Middle-Lower Yangtze,Single/Mid,Two-line hybrid,Enterprise,1,1.0,1.0,False,False,False
6671,梦两优丝苗,国审稻20200019,2020.0,国审,,True,False,True,籼,中稻,长江中下游中籼迟熟组,645.81,5.23,丰两优四号,652.78,5.61,135.0,,123.3,17.4,24.6,206.2,83.4,22.6,,,7.0,感稻瘟病,5.0,中感白叶枯病,9.0,抽穗期耐热性较强,,58.2,0.9,,13.7,76.0,3.3,5.4,3.0,《食用稻品种品质》,False,广汉泰利隆农作物研究所,451,Middle-Lower Yangtze,Single/Mid,Two-line hybrid,Public,1,0.0,0.0,True,False,False
4968,徽两优福星占,国审稻20200020,2020.0,国审,,True,False,True,籼,中稻,长江中下游中籼迟熟组,636.84,4.84,丰两优四号,654.24,8.33,132.0,-2.9,115.4,16.9,22.7,211.2,,23.0,,,5.0,中感稻瘟病,,感白叶枯病,,抽穗期耐热性较强,,,,,,,2.9,4.2,,,False,湖北华田农业科技股份有限公司、荆州市田野种业有限公司,471,Middle-Lower Yangtze,Single/Mid,Two-line hybrid,Enterprise,2,,1.0,True,False,False
3091,吨两优900,国审稻20200021,2020.0,国审,,True,False,True,籼,中稻,长江中下游中籼迟熟组,674.65,8.26,丰两优四号,642.38,6.22,135.3,,119.5,15.8,25.3,229.0,84.8,23.4,,,7.0,感稻瘟病,7.0,感白叶枯病,9.0,抽穗期耐热性较强,,69.3,0.9,,13.8,79.0,3.1,4.1,,,False,湖南袁创超级稻技术有限公司,430,Middle-Lower Yangtze,Single/Mid,Two-line hybrid,Enterprise,1,,0.0,True,False,False
5740,荆两优1189,国审稻20200022,2020.0,国审,,True,False,True,籼,中稻,长江中下游中籼迟熟组,659.18,5.78,丰两优四号,630.21,4.21,131.6,,118.3,18.7,25.4,193.4,82.7,22.7,,,,中抗稻瘟病,5.0,中感白叶枯病,9.0,抽穗期耐热性较强,,63.0,1.1,,14.1,74.0,3.4,6.3,2.0,《食用稻品种品质》,False,湖北荆楚种业科技有限公司,452,Middle-Lower Yangtze,Single/Mid,Two-line hybrid,Enterprise,1,1.0,,False,False,False
5229,两优5077,国审稻20200023,2020.0,国审,,True,False,True,籼,中稻,长江中下游中籼迟熟组,675.17,7.56,丰两优四号,647.54,6.86,133.8,,116.7,17.6,26.3,197.9,86.3,22.9,,,7.0,感稻瘟病,7.0,感白叶枯病,9.0,抽穗期耐热性强,,67.9,0.9,,16.3,73.0,3.3,6.6,2.0,《食用稻品种品质》,False,安徽省农业科学院水稻研究所,451,Middle-Lower Yangtze,Single/Mid,Two-line hybrid,Public,1,1.0,0.0,True,False,False
5410,钢两优雅占,国审稻20200024,2020.0,国审,,True,False,True,籼,中稻,长江中下游中籼迟熟组,674.49,7.45,丰两优四号,654.53,8.02,137.4,,122.7,17.3,24.4,214.0,82.3,23.2,,,3.0,中抗稻瘟病,7.0,感白叶枯病,9.0,抽穗期耐热性强,,67.7,0.6,,14.5,82.0,3.2,4.0,,,False,江西天涯种业有限公司,426,Middle-Lower Yangtze,Single/Mid,Two-line hybrid,Enterprise,1,,1.0,False,False,False
5006,旺两优911,国审稻20200025,2020.0,国审,,True,False,True,籼,双季,长江中下游麦茬籼稻组,689.57,6.3,五优308,702.43,6.7,123.6,,111.7,18.5,25.8,,83.4,23.2,,,7.0,感稻瘟病,5.0,中感白叶枯病,9.0,,耐冷性一般,66.4,0.1,,15.8,81.0,3.1,7.0,2.0,《食用稻品种品质》,False,湖南袁创超级稻技术有限公司,856,Middle-Lower Yangtze,Single/Mid,Two-line hybrid,Enterprise,1,1.0,0.0,True,False,False
5683,两优6378,国审稻20200026,2020.0,国审,,True,False,True,籼,,长江中下游麦茬籼稻组,682.53,5.22,五优308,693.02,5.27,126.2,,110.4,19.8,22.5,,81.3,23.7,,,5.0,中感稻瘟病,5.0,中感白叶枯病,9.0,,,56.3,0.6,,16.1,76.0,3.2,6.5,2.0,《食用稻品种品质》,False,安徽省农业科学院水稻研究所,440,Middle-Lower Yangtze,Single/Mid,Two-line hybrid,Public,1,1.0,1.0,True,False,False
6651,腾两优1818,国审稻20200027,2020.0,国审,,True,False,True,籼,双季,长江中下游晚籼早熟组,620.51,4.79,五优308,600.6,4.49,116.0,,109.9,21.7,22.6,149.6,87.7,24.4,,,7.0,感稻瘟病,7.0,感白叶枯病,9.0,,耐冷性一般,53.2,0.9,,15.2,75.0,3.7,6.1,3.0,《食用稻品种品质》,False,湖南大农种业科技有限公司,871,Middle-Lower Yangtze,Late,Two-line hybrid,Enterprise,1,0.0,0.0,True,False,False
6532,隆香优晶占,国审稻20200028,2020.0,国审,,True,True,False,籼,双季,长江中下游晚籼早熟组,647.06,4.51,五优308,583.02,1.85,117.2,,104.2,21.6,22.3,174.2,84.1,24.0,,,7.0,感稻瘟病,5.0,中感白叶枯病,9.0,,耐冷性较弱,61.4,0.4,,17.0,73.0,3.4,5.3,3.0,《食用稻品种品质》,False,广州市金粤生物科技有限公司,448,Middle-Lower Yangtze,Late,Three-line hybrid,Enterprise,1,0.0,0.0,True,False,False
7836,广泰优226,国审稻20200029,2020.0,国审,,True,True,False,籼,双季,长江中下游晚籼早熟组,630.43,1.83,五优308,608.39,6.28,118.6,,108.3,20.8,22.7,168.3,79.5,25.9,,,5.0,中感稻瘟病,7.0,感白叶枯病,9.0,,耐冷性中等,66.0,0.7,,19.3,70.0,3.3,7.0,2.0,《食用稻品种品质》,False,江西科源种业有限公司、广东省农业科学院水稻研究所,447,Middle-Lower Yangtze,Late,Three-line hybrid,Joint,2,1.0,1.0,True,False,False
5407,济优6553,国审稻20200030,2020.0,国审,,True,True,False,籼,双季,长江中下游晚籼早熟组,641.56,3.62,五优308,590.53,3.16,120.2,,105.5,22.0,23.0,170.2,82.3,24.1,,,7.0,感稻瘟病,5.0,中感白叶枯病,9.0,,耐冷性一般,66.0,0.2,,18.4,72.0,3.7,7.0,2.0,《食用稻品种品质》,False,深圳市兆农农业科技有限公司,445,Middle-Lower Yangtze,Late,Three-line hybrid,Enterprise,1,1.0,0.0,True,False,False
6457,荃优美占,国审稻20200031,2020.0,国审,,True,True,False,籼,双季,华南感光晚籼组,479.53,3.2,博优998,490.57,11.19,115.0,,108.0,16.5,24.1,168.5,80.6,27.3,,,5.0,中感稻瘟病,5.0,中感白叶枯病,9.0,,,65.8,0.6,,16.3,72.0,3.2,6.9,1.0,《食用稻品种品质》,True,广州市金粤生物科技有限公司,439,South China,Late,Three-line hybrid,Enterprise,1,1.0,1.0,True,False,False
5570,荃优金10,国审稻20200032,2020.0,国审,,True,True,False,籼,双季,华南感光晚籼组,490.63,6.38,博优998,471.88,11.24,114.6,,106.0,16.1,24.0,162.9,81.4,27.6,,,3.0,中抗稻瘟病,7.0,感白叶枯病,9.0,,,68.3,0.7,,17.8,75.0,3.1,6.7,1.0,《食用稻品种品质》,True,安徽荃银高科种业股份有限公司,442,South China,Late,Three-line hybrid,Enterprise,1,1.0,1.0,False,False,False
6765,中嘉8号,国审稻20200034,2020.0,国审,,False,False,False,粳,晚稻,长江中下游单季晚粳组,638.15,1.11,嘉优5号,685.52,1.35,158.7,,108.1,18.6,20.3,155.5,82.1,31.3,,,7.0,感稻瘟病,,感白叶枯病,,,,65.2,1.2,13.0,15.9,73.0,,7.0,,国标,False,中国水稻研究所 育种者：中国水稻研究所、浙江省嘉兴市农业科学研究院（所）,455,Middle-Lower Yangtze,Late,Inbred/Other,Public,2,,0.0,True,False,False
7742,武粳2181,国审稻20200036,2020.0,国审,,False,False,False,粳,,北方黄淮粳稻组,634.93,5.47,徐稻3号,648.18,5.81,152.5,,98.0,21.4,16.5,143.6,85.7,26.8,,,5.0,中感稻瘟病,,,,,,65.0,6.2,,14.6,78.0,1.8,6.9,,,False,安徽皖垦种业股份有限公司、中国农业大学农学院、江苏（武进）水稻研究所,390,North/Huanghuai,Single/Mid,Inbred/Other,Joint,3,,1.0,True,False,False
5460,中种香糯,国审稻20200037,2020.0,国审,,False,False,False,粳,,北方黄淮粳稻组,638.6,6.11,徐稻3号,669.98,9.37,155.1,,100.6,22.7,16.0,141.7,85.1,25.3,,,5.0,中感稻瘟病,,,,,,70.9,,,1.2,100.0,1.7,7.0,2.0,《食用稻品种品质》,False,中国种子集团有限公司,407,North/Huanghuai,Single/Mid,Inbred/Other,Enterprise,1,1.0,1.0,True,False,False
7038,津粳优2186,国审稻20200038,2020.0,国审,,True,True,False,粳,,北方黄淮粳稻组,678.06,12.41,徐稻3号,678.68,9.63,148.9,,120.2,18.2,19.7,208.6,83.6,23.7,,,5.0,中感稻瘟病,,,,,,68.7,7.9,,13.8,72.0,2.2,4.0,,,False,江苏省金地种业科技有限公司、天津市农作物研究所,391,North/Huanghuai,Single/Mid,Three-line hybrid,Joint,2,,1.0,True,False,False
6914,中垦稻100,国审稻20200042,2020.0,国审,,False,False,False,粳,,北方黄淮粳稻组,661.08,6.24,徐稻3号,710.23,8.02,150.0,,93.7,20.4,17.0,152.8,87.0,25.9,,,5.0,中感稻瘟病,,,,,,65.2,4.7,,15.9,60.0,1.8,6.8,3.0,《食用稻品种品质》,False,安徽源隆生态农业有限公司,411,North/Huanghuai,Single/Mid,Inbred/Other,Enterprise,1,0.0,1.0,True,False,False
5617,新丰6号,国审稻20200043,2020.0,国审,,False,False,False,粳,,北方黄淮粳稻组,666.67,7.17,徐稻3号,670.25,4.26,153.8,,103.5,21.4,16.9,150.2,86.8,25.7,,,5.0,中感稻瘟病,,,,,,68.4,6.6,24.7,17.0,81.0,1.9,6.1,,,False,河南丰源种子有限公司,399,North/Huanghuai,Single/Mid,Inbred/Other,Enterprise,1,,1.0,True,False,False
4401,金稻919,国审稻20200047,2020.0,国审,,False,False,False,粳,,京津唐粳稻组,673.9,6.79,津原45,651.05,5.93,175.8,,110.0,23.3,20.6,113.0,93.0,26.3,,,5.0,中感稻瘟病,,,,,,71.6,1.0,,16.4,71.0,1.9,7.0,1.0,《食用稻品种品质》,False,天津市水稻研究所,418,North/Huanghuai,Single/Mid,Inbred/Other,Public,1,1.0,1.0,True,False,False
6709,吉农大673,国审稻20200057,2020.0,国审,,False,False,False,粳,,早粳晚熟组,633.74,9.04,吉玉粳,645.21,9.92,151.4,,111.2,23.3,19.1,142.3,84.3,22.4,,,5.0,中感稻瘟病,,,,,,74.1,1.4,,15.4,72.0,1.7,7.0,2.0,《食用稻品种品质》,False,吉林农业大学,387,Other/Unspecified,Early,Inbred/Other,Public,1,1.0,1.0,True,False,False
3322,北作1,国审稻20200060,2020.0,国审,,False,False,False,粳,,北方早粳中熟组,544.92,0.25,龙稻20,592.15,9.01,139.2,,92.1,24.9,15.5,111.0,93.1,26.4,,,5.0,中感稻瘟病,,,,,,67.3,3.0,,14.6,78.0,1.7,7.0,2.0,《食用稻品种品质》,False,梅河口吉洋种业有限责任公司、吉林省吉阳农业科学研究院,406,North/Huanghuai,Early,Inbred/Other,Enterprise,2,1.0,1.0,True,False,False
4271,中科发8号,国审稻20200061,2020.0,国审,,False,False,False,粳,,北方早粳中熟组,573.98,5.9,龙稻20,583.67,7.45,146.9,,99.0,29.8,17.7,121.1,80.0,27.2,,,5.0,中感稻瘟病,,,,,,66.1,1.0,,16.5,71.0,2.7,7.0,2.0,《食用稻品种品质》,False,中国科学院遗传与发育生物学研究所、中国水稻研究所、中国科学院北方粳稻分子育种联合研究中心,394,North/Huanghuai,Early,Inbred/Other,Public,3,1.0,1.0,True,False,False
5266,晶两优5438,国审稻20200063,2020.0,国审,,True,False,True,籼,双季,华南早籼组,535.68,6.14,天优华占,549.1,6.78,125.0,,114.3,17.4,24.5,181.3,80.0,24.8,,,5.0,中感稻瘟病,7.0,感白叶枯病,9.0,抽穗期耐热性3级,耐冷性5级,41.3,7.5,27.0,14.3,71.0,3.1,3.5,2.0,《食用稻品种品质》,False,广汉泰利隆农作物研究所,885,South China,Early,Two-line hybrid,Public,1,1.0,1.0,True,False,False
5581,深两优1133,国审稻20200065,2020.0,国审,,True,False,True,籼,双季,华南早籼组,572.05,6.43,天优华占,558.7,7.59,120.3,,115.4,17.7,24.7,163.5,84.2,27.0,,,3.0,中抗稻瘟病,5.0,中感白叶枯病,9.0,抽穗期耐热性强,,62.6,0.7,,14.5,76.0,3.3,6.7,1.0,《食用稻品种品质》,False,湖南金健种业科技有限公司,878,South China,Early,Two-line hybrid,Enterprise,1,1.0,1.0,False,False,False
7743,Y两优257,国审稻20200067,2020.0,国审,,True,False,True,籼,中稻,长江上游中籼迟熟组,634.44,3.7,F优498,654.37,5.0,153.2,,112.4,14.2,26.1,208.2,82.8,27.8,,,5.0,中感稻瘟病,,,9.0,抽穗期耐热性一般,耐冷性一般,59.8,4.6,,13.9,72.0,2.9,5.5,3.0,《食用稻品种品质》,False,四川邡牌种业有限公司,448,Upper Yangtze,Single/Mid,Two-line hybrid,Enterprise,1,0.0,1.0,True,False,False
7393,裕优2288,国审稻20200071,2020.0,国审,,True,True,False,籼,中稻,长江上游中籼迟熟组,632.77,4.54,F优498,646.0,6.84,150.0,,124.2,15.12,27.6,172.6,83.3,30.6,,,7.0,感稻瘟病,,,7.0,抽穗期耐热性一般,耐冷性一般,61.8,1.1,,16.2,78.0,3.3,5.3,3.0,《食用稻品种品质》,False,四川双丰农业科学技术研究所,450,Upper Yangtze,Single/Mid,Three-line hybrid,Public,1,0.0,0.0,True,False,False
7020,友优788,国审稻20200072,2020.0,国审,,True,True,False,籼,中稻,长江上游中籼迟熟组,632.4,5.7,F优498,638.2,9.5,153.0,,117.7,15.8,28.24,312.05,89.09,28.79,,,5.0,中感稻瘟病,,,9.0,抽穗期耐热性较弱,耐冷性一般,53.4,6.0,,13.4,78.0,3.1,3.5,,,False,贵州友禾种业有限公司,426,Upper Yangtze,Single/Mid,Three-line hybrid,Enterprise,1,,1.0,True,False,False
4300,泰两优5808,国审稻20200073,2020.0,国审,,True,False,True,籼,中稻,长江上游中籼迟熟组,616.7,4.32,F优498,630.0,7.4,153.4,,109.0,14.9,24.6,205.6,82.3,26.7,,,5.0,中感稻瘟病,9.0,高感白叶枯病,9.0,抽穗期耐热性强,耐冷性一般,59.5,3.7,,14.7,75.0,3.4,5.7,3.0,《食用稻品种品质》,False,四川泰隆汇智生物科技有限公司,870,Upper Yangtze,Single/Mid,Two-line hybrid,Enterprise,1,0.0,1.0,True,False,False
3168,蓉7优808,国审稻20200074,2020.0,国审,,True,True,False,籼,中稻,长江上游中籼迟熟组,621.26,6.31,F优498,620.7,5.8,152.2,,113.8,14.5,24.3,212.3,84.2,27.0,,,7.0,感稻瘟病,,,9.0,抽穗期耐热性较强,耐冷性较弱,58.2,2.5,,14.5,70.0,3.1,6.0,2.0,《食用稻品种品质》,False,四川泰隆汇智生物科技有限公司,442,Upper Yangtze,Single/Mid,Three-line hybrid,Enterprise,1,1.0,0.0,True,False,False
3462,泰两优5187,国审稻20200077,2020.0,国审,,True,False,True,籼,中稻,长江上游中籼迟熟组,601.04,2.85,F优498,610.4,3.9,153.5,,114.8,13.7,27.0,230.9,80.3,25.3,,,5.0,中感稻瘟病,9.0,高感白叶枯病,9.0,抽穗期耐热性较强,耐冷性较强,56.4,1.9,,15.2,71.0,3.0,6.0,2.0,《食用稻品种品质》,False,四川泰隆汇智生物科技有限公司,864,Upper Yangtze,Single/Mid,Two-line hybrid,Enterprise,1,1.0,1.0,True,False,False
6276,欣两优一号,国审稻20200078,2020.0,国审,,True,False,True,籼,中稻,长江上游中籼迟熟组,607.56,3.97,F优498,615.3,4.9,152.1,,107.7,16.0,22.6,192.8,85.0,26.2,,,5.0,中感稻瘟病,5.0,中感白叶枯病,9.0,抽穗期耐热性较强,耐冷性一般,55.6,3.2,,14.6,72.0,3.1,5.1,3.0,《食用稻品种品质》,True,安徽荃银欣隆种业有限公司,851,Upper Yangtze,Single/Mid,Two-line hybrid,Enterprise,1,0.0,1.0,True,False,False
6683,B优2928,国审稻20200079,2020.0,国审,,True,True,False,籼,中稻,长江上游中籼迟熟组,645.76,3.55,F优498,617.58,3.31,152.0,,117.3,13.4,24.2,214.8,84.1,27.5,,,5.0,中感稻瘟病,,,9.0,抽穗期耐热性较强,耐冷性一般,58.4,4.5,,21.6,73.0,2.8,6.1,3.0,《食用稻品种品质》,False,西南科技大学,449,Upper Yangtze,Single/Mid,Three-line hybrid,Public,1,0.0,1.0,True,False,False
7719,蓉7优505,国审稻20200081,2020.0,国审,,True,True,False,籼,中稻,长江上游中籼迟熟组,667.26,7.1,F优498,624.45,4.46,148.9,,114.0,14.3,23.6,198.7,88.9,27.9,,,7.0,感稻瘟病,,,9.0,抽穗期耐热性较强,耐冷性较强,62.8,3.5,,15.8,72.0,2.9,5.4,3.0,《食用稻品种品质》,False,四川福糠农业科技有限公司,463,Upper Yangtze,Single/Mid,Three-line hybrid,Enterprise,1,0.0,0.0,True,False,False
3971,荃两优华占,国审稻20200083,2020.0,国审,,True,False,True,籼,中稻,长江上游中籼迟熟组,622.82,-0.16,,607.45,2.12,150.2,,108.3,15.8,22.0,195.4,82.7,25.8,,,7.0,感稻瘟病,,,9.0,抽穗期耐热性较强,耐冷性较弱,67.1,2.2,,14.8,70.0,3.0,6.0,2.0,《食用稻品种品质》,True,四川荃银种业有限公司,457,Upper Yangtze,Single/Mid,Two-line hybrid,Enterprise,1,1.0,0.0,True,False,False
7302,富优华占,国审稻20200085,2020.0,国审,,True,True,False,籼,中稻,长江上游中籼迟熟组,646.5,7.55,F优498,636.7,6.5,152.3,,113.6,15.7,25.25,209.1,81.2,27.05,,,5.0,中感稻瘟病,,,9.0,抽穗期耐热性较差,耐冷性敏感型,45.0,0.6,,18.1,53.2,3.6,6.3,,,False,四川中正科技有限公司,426,Upper Yangtze,Single/Mid,Three-line hybrid,Enterprise,1,,1.0,True,False,False
4525,春两优华占,国审稻20200086,2020.0,国审,,True,False,True,籼,中稻,长江上游中籼迟熟组,656.64,4.05,F优498,662.05,6.17,152.7,,85.9,15.9,23.4,190.6,83.0,26.6,,,5.0,中感稻瘟病,7.0,感白叶枯病,9.0,抽穗期耐热性较强,耐冷性较强,61.2,4.9,,14.0,81.0,3.2,5.0,3.0,《食用稻品种品质》,False,四川仲帮种业有限公司,835,Upper Yangtze,Single/Mid,Two-line hybrid,Enterprise,1,0.0,1.0,True,False,False
6127,清香优168,国审稻20200087,2020.0,国审,,True,True,False,籼,中稻,长江上游中籼迟熟组,632.13,6.46,F优498,635.53,5.11,150.1,,118.5,13.95,24.9,189.2,81.0,31.1,,,7.0,感稻瘟病,,,9.0,抽穗期耐热性一般,耐冷性较强,54.0,3.0,,16.5,77.0,2.8,5.6,3.0,《食用稻品种品质》,False,四川裕丰种业有限责任公司,445,Upper Yangtze,Single/Mid,Three-line hybrid,Enterprise,1,0.0,0.0,True,False,False
5848,蜀优975,国审稻20200089,2020.0,国审,,True,True,False,籼,中稻,长江上游中籼迟熟组,640.09,7.8,F优498,649.19,7.37,150.4,,120.7,14.6,24.9,190.4,86.4,28.8,,,5.0,中感稻瘟病,,,9.0,抽穗期耐热性较弱,耐冷性为中间型,61.7,0.7,,16.9,77.0,3.5,6.3,1.0,《食用稻品种品质》,False,四川金安特农业股份有限公司,467,Upper Yangtze,Single/Mid,Three-line hybrid,Enterprise,1,1.0,1.0,True,False,False
7122,瑞优727,国审稻20200090,2020.0,国审,,True,True,False,籼,中稻,长江上游中籼迟熟组,656.62,4.27,F优498,639.48,4.79,149.5,,115.0,15.6,25.0,166.3,88.2,30.1,,,7.0,感稻瘟病,,,9.0,抽穗期耐热性较强,耐冷性较强,59.2,1.2,,17.1,60.0,3.8,6.8,2.0,《食用稻品种品质》,False,成都科瑞农业研究中心,445,Upper Yangtze,Single/Mid,Three-line hybrid,Public,1,1.0,0.0,True,False,False
4743,川康优727,国审稻20200091,2020.0,国审,,True,True,False,籼,中稻,长江上游中籼迟熟组,652.51,4.57,F优498,637.19,4.85,150.8,,111.8,15.7,23.9,166.6,85.8,30.3,,,7.0,感稻瘟病,,,9.0,抽穗期耐热性较强,耐冷性较强,67.7,1.0,,16.9,61.0,3.2,6.9,1.0,《食用稻品种品质》,False,成都科瑞农业研究中心,449,Upper Yangtze,Single/Mid,Three-line hybrid,Public,1,1.0,0.0,True,False,False
5107,瑞优2117,国审稻20200093,2020.0,国审,,True,True,False,籼,中稻,长江上游中籼迟熟组,658.59,5.54,F优498,641.16,5.51,150.4,,118.5,15.2,26.3,193.3,86.1,27.7,,,5.0,中感稻瘟病,,,9.0,抽穗期耐热性较强,耐冷性较强,62.9,1.1,,16.0,61.0,4.0,6.8,2.0,《食用稻品种品质》,False,成都科瑞农业研究中心,449,Upper Yangtze,Single/Mid,Three-line hybrid,Public,1,1.0,1.0,True,False,False
5987,玮两优5438,国审稻20200094,2020.0,国审,,True,False,True,籼,中稻,长江上游中籼迟熟组,668.13,7.07,F优498,653.27,7.5,152.3,,111.0,15.9,23.3,195.6,84.4,26.6,,,5.0,中感稻瘟病,,,9.0,抽穗期耐热性较强,耐冷性中等,66.9,1.6,11.0,14.7,88.0,3.1,3.2,,,False,广汉泰利隆农作物研究所,443,Upper Yangtze,Single/Mid,Two-line hybrid,Public,1,,1.0,True,False,False
3965,深两优1177,国审稻20200095,2020.0,国审,,True,False,True,籼,中稻,长江上游中籼迟熟组,655.7,5.08,F优498,644.55,5.62,153.1,,109.3,17.5,23.8,172.5,88.3,26.7,,,5.0,中感稻瘟病,,,9.0,抽穗期耐热性3级,耐冷性3级,66.4,1.0,5.0,16.1,70.0,3.0,6.5,1.0,《食用稻品种品质》,False,四川泰谷农业科技有限公司,476,Upper Yangtze,Single/Mid,Two-line hybrid,Enterprise,1,1.0,1.0,True,False,False
4486,广8优龙丝苗,国审稻20200100,2020.0,国审,,True,True,False,籼,中稻,长江上游中籼迟熟组,612.01,5.57,F优498,577.84,3.85,150.7,,110.5,16.2,23.8,201.8,84.0,22.9,,,7.0,感稻瘟病,5.0,中感白叶枯病,9.0,抽穗期耐热性较强,耐冷性较强,62.7,2.9,,16.8,62.0,4.0,6.4,2.0,《食用稻品种品质》,False,海南广陵高科实业有限公司,862,Upper Yangtze,Single/Mid,Three-line hybrid,Enterprise,1,1.0,0.0,True,False,False
7039,恒丰优3341,国审稻20200101,2020.0,国审,,True,True,False,籼,中稻,长江上游中籼迟熟组,615.35,6.2,F优498,591.4,6.29,149.9,,105.2,16.2,22.9,194.5,85.3,25.1,,,7.0,感稻瘟病,7.0,感白叶枯病,9.0,抽穗期耐热性较弱,耐冷性一般,53.1,0.9,,17.8,63.0,3.8,6.0,3.0,《食用稻品种品质》,False,广西兆和种业有限公司,852,Upper Yangtze,Single/Mid,Three-line hybrid,Enterprise,1,0.0,0.0,True,False,False
6010,望两优1133,国审稻20200102,2020.0,国审,,True,False,True,籼,中稻,长江上游中籼迟熟组,672.43,6.78,F优498,665.7,4.4,154.2,,110.5,16.2,25.2,201.1,82.9,27.2,,,7.0,感稻瘟病,,,,抽穗期耐热性3级,耐冷性5级,50.2,3.6,,16.6,78.0,,4.3,,,False,安徽锦色秀华农业科技有限公司,435,Upper Yangtze,Single/Mid,Two-line hybrid,Enterprise,1,,0.0,True,False,False
6511,川优553,国审稻20200104,2020.0,国审,,True,True,False,籼,中稻,长江上游中籼迟熟组,674.92,6.21,F优498,667.32,4.74,154.5,,110.8,16.4,23.5,211.7,79.6,25.6,,,7.0,感稻瘟病,,,9.0,抽穗期耐热性7级,耐冷性5级,58.9,1.0,,15.9,71.0,3.3,6.9,1.0,《食用稻品种品质》,False,湖南金健种业科技有限公司,463,Upper Yangtze,Single/Mid,Three-line hybrid,Enterprise,1,1.0,0.0,True,False,False
918,华浙优261,国审稻20200107,2020.0,国审,,True,True,False,籼,中稻,长江上游中籼迟熟组,670.1,7.02,F优498,639.9,3.0,148.9,,113.3,17.6,22.1,196.0,86.0,23.4,,,7.0,感稻瘟病,,,9.0,抽穗期耐热性强,耐冷性中等,58.9,0.3,,16.2,69.0,3.4,6.9,1.0,《食用稻品种品质》,False,中国水稻研究所,452,Upper Yangtze,Single/Mid,Three-line hybrid,Public,1,1.0,0.0,True,False,False
3372,荃优280,国审稻20200108,2020.0,国审,,True,True,False,籼,中稻,长江上游中籼迟熟组,663.92,6.05,F优498,652.7,2.5,155.4,,113.8,15.3,24.2,203.2,83.1,27.7,,,7.0,感稻瘟病,,,9.0,抽穗期耐热性较强,耐冷性中等,63.6,0.8,,16.3,77.0,3.1,6.6,1.0,《食用稻品种品质》,True,安徽华安种业有限责任公司,610,Upper Yangtze,Single/Mid,Three-line hybrid,Enterprise,1,1.0,0.0,True,False,False
6018,鄂优华宝占,国审稻20200110,2020.0,国审,,True,True,False,籼,中稻,长江上游中籼迟熟组,645.91,3.2,F优498,650.78,2.7,146.6,,104.2,15.3,22.9,188.3,84.2,25.6,,,7.0,感稻瘟病,,,9.0,抽穗期耐热性较强,耐冷性较强,63.1,4.5,,15.7,72.0,3.9,6.1,3.0,《食用稻品种品质》,False,湖南恒德种业科技有限公司,441,Upper Yangtze,Single/Mid,Three-line hybrid,Enterprise,1,0.0,0.0,True,False,False
5374,乾两优8号,国审稻20200111,2020.0,国审,,True,False,True,籼,中稻,长江上游中籼迟熟组,657.08,4.4,F优498,610.9,3.1,154.7,,110.6,17.9,23.2,192.4,85.8,23.6,,,5.0,中感稻瘟病,,,7.0,抽穗期耐热性较强,耐冷性一般,67.4,1.2,,17.0,62.0,3.0,7.0,2.0,《食用稻品种品质》,False,广西恒茂农业科技有限公司,438,Upper Yangtze,Single/Mid,Two-line hybrid,Enterprise,1,1.0,1.0,True,False,False
5212,星两优华占,国审稻20200112,2020.0,国审,,True,False,True,籼,中稻,长江上游中籼迟熟组,656.98,4.4,F优498,618.5,4.4,155.7,,109.3,17.4,23.4,199.8,84.4,23.4,,,5.0,中感稻瘟病,,,9.0,抽穗期耐热性强,耐冷性中等,64.3,1.3,,15.5,70.0,3.1,6.6,3.0,《食用稻品种品质》,False,安徽袁粮种业科学研究院,439,Upper Yangtze,Single/Mid,Two-line hybrid,Enterprise,1,0.0,1.0,True,False,False
6494,泰优3216,国审稻20200114,2020.0,国审,,True,True,False,籼,中稻,长江上游中籼迟熟组,667.01,6.2,F优498,630.1,6.3,153.6,,116.6,15.5,26.0,180.4,85.6,30.0,,,7.0,感稻瘟病,,,9.0,抽穗期耐热性一般,耐冷性较强,67.3,2.4,,16.5,72.0,3.5,7.0,2.0,《食用稻品种品质》,False,泸州泰丰居里隆夫水稻育种有限公司,439,Upper Yangtze,Single/Mid,Three-line hybrid,Enterprise,1,1.0,0.0,True,False,False
6318,国泰香优龙晶,国审稻20200115,2020.0,国审,,True,True,False,籼,中稻,长江上游中籼迟熟组,624.0,4.72,F优498,622.3,6.77,151.6,,116.7,15.6,23.6,196.4,85.6,26.1,,,7.0,感稻瘟病,,,9.0,抽穗期耐热性一般,耐冷性较强,56.2,2.0,,15.6,60.0,3.6,6.5,3.0,《食用稻品种品质》,False,四川众智种业科技有限公司,443,Upper Yangtze,Single/Mid,Three-line hybrid,Enterprise,1,0.0,0.0,True,False,False
3764,野香优油丝,国审稻20200116,2020.0,国审,,True,True,False,籼,中稻,长江上游中籼迟熟组,598.86,0.53,F优498,593.1,1.76,149.0,,118.73,17.88,24.26,178.5,83.99,22.95,,,5.0,中感稻瘟病,,,9.0,抽穗期耐热性较弱,耐冷性较强,55.2,0.4,,16.3,77.0,4.1,6.9,2.0,《食用稻品种品质》,False,四川鼎盛和袖种业有限公司,448,Upper Yangtze,Single/Mid,Three-line hybrid,Enterprise,1,1.0,1.0,True,False,False
5108,泰优068,国审稻20200118,2020.0,国审,,True,True,False,籼,中稻,长江上游中籼迟熟组,637.3,5.9,F优498,647.9,11.2,152.0,,111.7,17.7,23.7,183.5,86.73,25.24,,,5.0,中感稻瘟病,,,9.0,抽穗期耐热性较强,耐冷性较强,58.21,0.3,,,70.0,3.7,5.4,3.0,《食用稻品种品质》,False,湖北康农种业股份有限公司,441,Upper Yangtze,Single/Mid,Three-line hybrid,Enterprise,1,0.0,1.0,True,False,False
4424,泰香优198,国审稻20200120,2020.0,国审,,True,True,False,籼,中稻,长江上游中籼迟熟组,614.89,3.73,F优498,599.7,2.9,149.2,,113.4,15.2,24.1,213.7,84.0,26.2,,,5.0,中感稻瘟病,,,9.0,抽穗期耐热性较强,耐冷性较强,66.0,0.2,,15.7,72.0,3.6,6.8,1.0,《食用稻品种品质》,False,四川奥力星农业科技有限公司,443,Upper Yangtze,Single/Mid,Three-line hybrid,Enterprise,1,1.0,1.0,True,False,False
5936,国泰香优龙丝,国审稻20200121,2020.0,国审,,True,True,False,籼,中稻,长江上游中籼迟熟组,622.2,3.93,F优498,635.0,9.0,150.6,,121.6,15.1,24.6,193.1,84.42,26.46,,,5.0,中感稻瘟病,,,9.0,抽穗期耐热性较强,耐冷性较强,59.5,0.3,,16.3,70.0,3.9,6.9,1.0,《食用稻品种品质》,False,四川众智种业科技有限公司,439,Upper Yangtze,Single/Mid,Three-line hybrid,Enterprise,1,1.0,1.0,True,False,False
4066,野香优959,国审稻20200122,2020.0,国审,,True,True,False,籼,中稻,长江上游中籼迟熟组,613.2,2.45,F优498,595.0,2.1,150.5,,118.3,14.6,24.9,204.5,82.13,28.12,,,5.0,中感稻瘟病,,,9.0,抽穗期耐热性一般,耐冷性较强,58.6,0.2,,16.7,69.0,3.9,7.0,1.0,《食用稻品种品质》,False,四川鼎盛和袖种业有限公司,442,Upper Yangtze,Single/Mid,Three-line hybrid,Enterprise,1,1.0,1.0,True,False,False
6845,川康优637,国审稻20200123,2020.0,国审,,True,True,False,籼,中稻,长江上游中籼迟熟组,634.5,3.3,F优498,672.9,5.9,150.0,,116.5,15.7,24.3,176.9,82.0,28.9,,,5.0,中感稻瘟病,,,9.0,抽穗期耐热性较差,耐冷性中等,63.1,1.4,,19.4,75.7,3.3,7.0,2.0,《食用稻品种品质》,False,四川省农业科学院作物研究所,443,Upper Yangtze,Single/Mid,Three-line hybrid,Public,1,1.0,1.0,True,False,False
6478,川优8213,国审稻20200124,2020.0,国审,,True,True,False,籼,中稻,长江上游中籼迟熟组,643.3,4.7,F优498,655.7,3.3,150.0,,122.7,14.9,25.6,173.1,84.0,31.2,,,5.0,中感稻瘟病,,,9.0,抽穗期耐热性较强,耐冷性较强,61.4,1.8,,18.0,75.7,3.2,7.0,2.0,《食用稻品种品质》,False,四川省农业科学院作物研究所,442,Upper Yangtze,Single/Mid,Three-line hybrid,Public,1,1.0,1.0,True,False,False
6846,内10优7185,国审稻20200127,2020.0,国审,,True,True,False,籼,中稻,长江上游中籼迟熟组,644.8,5.0,F优498,676.3,6.5,148.5,,124.2,14.1,25.0,185.0,84.1,30.6,,,7.0,感稻瘟病,,,9.0,抽穗期耐热性较强,耐冷性较强,62.4,2.7,,17.2,78.0,3.0,5.8,3.0,《食用稻品种品质》,False,内江杂交水稻科技开发中心,443,Upper Yangtze,Single/Mid,Three-line hybrid,Unknown,1,0.0,0.0,True,False,False
4275,宜优727,国审稻20200132,2020.0,国审,,True,True,False,籼,中稻,长江上游中籼迟熟组,657.46,5.05,F优498,637.45,4.55,149.5,,119.6,15.5,25.3,157.5,86.2,31.1,,,5.0,中感稻瘟病,,,9.0,抽穗期耐热性较强,耐冷性较强,60.7,1.6,,17.3,71.0,3.0,7.0,2.0,《食用稻品种品质》,False,宜宾市农业科学院,443,Upper Yangtze,Single/Mid,Three-line hybrid,Public,1,1.0,1.0,True,False,False
5424,泰两优1808,国审稻20200133,2020.0,国审,,True,False,True,籼,中稻,长江上游中籼迟熟组,635.84,4.64,F优498,609.7,3.8,152.7,,104.8,15.0,23.3,206.0,85.5,25.8,,,5.0,中感稻瘟病,,,9.0,抽穗期耐热性较强,耐冷性较强,60.5,3.8,,16.8,62.0,3.3,6.8,3.0,《食用稻品种品质》,False,四川泰隆汇智生物科技有限公司,445,Upper Yangtze,Single/Mid,Two-line hybrid,Enterprise,1,0.0,1.0,True,False,False
145,泰优808,国审稻20200134,2020.0,国审,,True,True,False,籼,中稻,长江上游中籼迟熟组,631.89,5.17,F优498,617.5,5.1,150.2,,113.5,14.1,24.1,212.6,83.3,27.4,,,5.0,中感稻瘟病,,,9.0,抽穗期耐热性较强,耐冷性一般,63.6,1.0,,17.1,61.0,3.2,6.8,1.0,《食用稻品种品质》,False,四川泰隆汇智生物科技有限公司,443,Upper Yangtze,Single/Mid,Three-line hybrid,Enterprise,1,1.0,1.0,True,False,False
7443,圳两优2018,国审稻20200135,2020.0,国审,,True,False,True,籼,中稻,长江上游中籼迟熟组,615.94,2.51,F优498,611.3,4.0,151.1,,109.1,16.1,23.1,189.1,86.9,24.7,,,5.0,中感稻瘟病,,,9.0,抽穗期耐热性较强,耐冷性较强,59.2,1.9,,14.8,64.0,3.1,6.0,2.0,《食用稻品种品质》,False,长沙利诚种业有限公司,442,Upper Yangtze,Single/Mid,Two-line hybrid,Enterprise,1,1.0,1.0,True,False,False
7875,德香优715,国审稻20200136,2020.0,国审,,True,True,False,籼,中稻,长江中下游中籼迟熟组,644.63,6.0,F优498,629.32,5.27,154.0,,123.8,14.4,25.8,171.8,82.9,33.0,,,7.0,感稻瘟病,,,9.0,抽穗期耐热性强,耐冷性较强,53.0,2.2,,17.1,74.0,2.9,7.0,3.0,《食用稻品种品质》,False,四川福糠农业科技有限公司、四川省农业科学院水稻高粱研究所,448,Middle-Lower Yangtze,Single/Mid,Three-line hybrid,Joint,2,0.0,0.0,True,False,False
7720,宜香优125,国审稻20200137,2020.0,国审,,True,True,False,籼,中稻,长江上游中籼迟熟组,630.07,2.96,F优498,614.05,3.23,153.1,,125.8,14.2,26.7,182.4,81.9,31.1,,,5.0,中感稻瘟病,,,9.0,抽穗期耐热性较强,耐冷性一般,55.7,2.9,,18.0,80.0,3.0,6.9,2.0,《食用稻品种品质》,False,四川省农业科学院水稻高粱研究所、宜宾市农业科学院,449,Upper Yangtze,Single/Mid,Three-line hybrid,Public,2,1.0,1.0,True,False,False
4054,九优粤禾丝苗,国审稻20200138,2020.0,国审,,True,True,False,籼,中稻,长江上游中籼迟熟组,617.25,0.66,,617.05,3.73,148.9,,106.9,13.7,23.9,196.4,85.9,28.4,,,5.0,中感稻瘟病,,,9.0,抽穗期耐热性较强,耐冷性强,62.1,1.3,,18.0,78.8,2.9,6.9,2.0,《食用稻品种品质》,True,四川荃银种业有限公司,460,Upper Yangtze,Single/Mid,Three-line hybrid,Enterprise,1,1.0,1.0,True,False,False
5768,文两优9号,国审稻20200139,2020.0,国审,,True,False,True,籼,中稻,长江上游中籼迟熟组,637.97,4.22,F优498,617.42,3.28,152.8,,112.4,15.2,26.5,217.8,84.7,24.0,,,5.0,中感稻瘟病,,,9.0,抽穗期耐热性较强,耐冷性较强,61.4,0.6,,15.8,71.0,3.4,6.0,2.0,《食用稻品种品质》,False,四川省格物慧至农业科技有限公司,448,Upper Yangtze,Single/Mid,Two-line hybrid,Enterprise,1,1.0,1.0,True,False,False
5961,恒丰优金丝占,国审稻20200141,2020.0,国审,,True,True,False,籼,中稻,长江上游中籼迟熟组,638.09,4.1,F优498,617.74,3.26,147.9,,106.9,16.8,23.4,204.3,86.5,24.1,,,5.0,中感稻瘟病,,,9.0,抽穗期耐热性较强,耐冷性一般,80.2,2.95,,17.8,68.0,3.0,6.0,2.0,《食用稻品种品质》,False,重庆大爱种业有限公司,444,Upper Yangtze,Single/Mid,Three-line hybrid,Enterprise,1,1.0,1.0,True,False,False
6631,两优1398,国审稻20200142,2020.0,国审,,True,False,True,籼,中稻,长江中下游中籼迟熟组,633.48,4.2,丰两优四号,640.53,5.2,129.9,,126.3,14.9,24.8,227.9,78.0,26.3,,,7.0,感稻瘟病,7.0,感白叶枯病,9.0,抽穗期耐热性一般,,54.5,4.7,,14.6,68.0,3.8,5.3,3.0,《食用稻品种品质》,False,湖北康农种业股份有限公司,450,Middle-Lower Yangtze,Single/Mid,Two-line hybrid,Enterprise,1,0.0,0.0,True,False,False
7587,华两优智占,国审稻20200143,2020.0,国审,,True,False,True,籼,中稻,长江中下游中籼迟熟组,645.9,5.84,丰两优4号,658.7,6.3,129.2,,116.0,18.8,24.4,180.0,85.0,24.9,,,5.0,中感稻瘟病,9.0,高感白叶枯病,9.0,抽穗期耐热性较强,,56.2,8.9,,19.8,35.0,3.4,6.5,,,False,江西金信种业有限公司,435,Middle-Lower Yangtze,Single/Mid,Two-line hybrid,Enterprise,1,,1.0,True,False,False
4137,利两优银丝,国审稻20200144,2020.0,国审,,True,False,True,籼,中稻,长江中下游中籼迟熟组,645.2,5.03,丰两优四号,676.3,9.12,135.0,,125.7,16.9,24.8,191.3,82.3,26.4,,,5.0,中感稻瘟病,7.0,感白叶枯病,9.0,抽穗期耐热性一般,,59.7,10.0,,17.5,41.0,3.2,3.7,,,False,安徽枝柳农业科技有限公司,433,Middle-Lower Yangtze,Single/Mid,Two-line hybrid,Enterprise,1,,1.0,True,False,False
7160,泰两优华占,国审稻20200145,2020.0,国审,,True,False,True,籼,中稻,长江中下游中籼迟熟组,648.09,5.51,丰两优四号,660.7,6.6,128.1,,115.4,19.8,24.4,182.8,85.7,22.8,,,5.0,中感稻瘟病,7.0,感白叶枯病,9.0,抽穗期耐热性较强,,64.8,13.3,,13.9,71.0,3.2,3.8,,,False,湖南兆和种业有限公司,433,Middle-Lower Yangtze,Single/Mid,Two-line hybrid,Enterprise,1,,1.0,True,False,False
6652,荆两优672,国审稻20200147,2020.0,国审,,True,False,True,籼,中稻,长江中下游中籼迟熟组,648.21,5.88,丰两优四号,633.9,4.2,135.7,,126.2,18.6,25.2,201.9,81.6,23.4,,,,中感稻瘟病,7.0,感白叶枯病,9.0,抽穗期耐热性较强,,64.2,0.4,,16.3,70.0,3.1,7.0,2.0,《食用稻品种品质》,False,湖北荆楚种业科技有限公司、荆州市瑞丰农业高科技研究所,454,Middle-Lower Yangtze,Single/Mid,Two-line hybrid,Joint,2,1.0,,True,False,False
7230,巨优3745,国审稻20200150,2020.0,国审,,True,True,False,籼,中稻,长江中下游中籼迟熟组,644.09,3.24,丰两优四号,699.43,5.94,135.7,,128.9,15.4,23.6,174.2,86.5,28.5,,,9.0,高感稻瘟病,3.0,中抗白叶枯病,,抽穗期耐热性较强,,53.0,3.1,,13.6,76.0,3.1,5.0,3.0,《食用稻品种品质》,False,武汉国英种业有限责任公司,452,Middle-Lower Yangtze,Single/Mid,Three-line hybrid,Enterprise,1,0.0,0.0,True,False,False
7849,茉两优7766,国审稻20200151,2020.0,国审,,True,False,True,籼,中稻,长江中下游中籼迟熟组,654.57,4.91,丰两优四号,696.1,5.44,136.1,,128.4,16.6,24.3,188.4,83.9,27.1,,,,中感稻瘟病,3.0,中抗白叶枯病,9.0,抽穗期耐热性较强,,67.7,13.0,,20.5,33.0,2.9,5.7,,,False,安徽未来种业有限公司,437,Middle-Lower Yangtze,Single/Mid,Two-line hybrid,Enterprise,1,,,True,False,False
5258,萍两优106,国审稻20200152,2020.0,国审,,True,False,True,籼,中稻,长江中下游中籼迟熟组,652.34,4.56,丰两优四号,660.6,6.8,133.1,,120.0,16.9,24.6,209.6,85.1,22.8,,,5.0,中感稻瘟病,7.0,感白叶枯病,9.0,抽穗期耐热性强,,66.7,6.9,,13.2,76.0,3.3,4.7,,,False,江西天涯种业有限公司,434,Middle-Lower Yangtze,Single/Mid,Two-line hybrid,Enterprise,1,,1.0,True,False,False
6813,荃优601,国审稻20200153,2020.0,国审,,True,True,False,籼,中稻,长江中下游中籼迟熟组,663.81,6.4,丰两优四号,652.93,5.56,133.1,,123.9,15.5,25.5,192.7,84.8,27.7,,,7.0,感稻瘟病,7.0,感白叶枯病,9.0,抽穗期耐热性强,,61.8,6.3,,15.1,84.0,3.1,4.6,,,True,江西天涯种业有限公司,437,Middle-Lower Yangtze,Single/Mid,Three-line hybrid,Enterprise,1,,0.0,True,False,False
5875,荃优雅占,国审稻20200154,2020.0,国审,,True,True,False,籼,中稻,长江中下游中籼迟熟组,668.95,5.24,丰两优四号,720.0,9.06,132.6,,124.9,15.8,26.0,210.3,82.3,25.8,,,5.0,中感稻瘟病,7.0,感白叶枯病,9.0,抽穗期耐热性强,,54.4,4.8,,14.5,88.0,3.3,5.1,3.0,《食用稻品种品质》,True,江西天涯种业有限公司,452,Middle-Lower Yangtze,Single/Mid,Three-line hybrid,Enterprise,1,0.0,1.0,True,False,False
6873,深两优五山丝苗,国审稻20200155,2020.0,国审,,True,False,True,籼,中稻,长江中下游中籼迟熟组,650.75,2.38,丰两优四号,639.94,3.46,135.0,,119.6,17.7,25.5,191.7,86.9,22.8,,,3.0,中抗稻瘟病,5.0,中感白叶枯病,7.0,抽穗期耐热性较强,,60.6,2.7,,14.7,59.0,3.4,5.8,3.0,《食用稻品种品质》,True,江西天涯种业有限公司,456,Middle-Lower Yangtze,Single/Mid,Two-line hybrid,Enterprise,1,0.0,1.0,False,False,False
5195,圳两优银丝,国审稻20200156,2020.0,国审,,True,False,True,籼,中稻,长江中下游中籼迟熟组,662.48,4.22,丰两优四号,721.19,9.24,135.6,,128.4,16.4,25.1,191.7,84.8,26.6,,,5.0,中感稻瘟病,7.0,感白叶枯病,9.0,抽穗期耐热性较强,,60.5,3.0,,13.4,81.0,3.4,5.0,3.0,《食用稻品种品质》,False,长沙利众农业科技有限公司,450,Middle-Lower Yangtze,Single/Mid,Two-line hybrid,Enterprise,1,0.0,1.0,True,False,False
5416,忠两优鄂丰丝苗,国审稻20200158,2020.0,国审,,True,False,True,籼,中稻,长江中下游中籼迟熟组,644.3,3.61,丰两优四号,642.55,5.45,135.3,,123.6,16.0,27.0,228.5,81.2,23.9,,,5.0,中感稻瘟病,7.0,感白叶枯病,9.0,抽穗期耐热性一般,,64.1,3.9,,13.7,83.0,3.4,6.7,3.0,《食用稻品种品质》,True,湖北荃银高科种业有限公司,457,Middle-Lower Yangtze,Single/Mid,Two-line hybrid,Enterprise,1,0.0,1.0,True,False,False
6632,徽两优鄂丰丝苗,国审稻20200159,2020.0,国审,,True,False,True,籼,中稻,长江中下游中籼迟熟组,645.0,4.05,丰两优四号,627.98,6.83,134.8,,118.7,16.6,25.6,216.2,82.9,24.1,,,5.0,中感稻瘟病,9.0,高感白叶枯病,9.0,抽穗期耐热性较强,,61.6,6.1,,12.6,76.0,3.4,4.6,,,True,湖北荃银高科种业有限公司,438,Middle-Lower Yangtze,Single/Mid,Two-line hybrid,Enterprise,1,,1.0,True,False,False
7394,全两优534,国审稻20200160,2020.0,国审,,True,False,True,籼,中稻,长江中下游中籼迟熟组,638.27,3.11,丰两优四号,678.0,9.0,131.5,,126.7,16.2,26.0,203.1,86.2,24.9,,,5.0,中感稻瘟病,5.0,中感白叶枯病,7.0,抽穗期耐热性较强,,65.3,4.6,,14.9,66.0,3.1,6.2,3.0,《食用稻品种品质》,True,湖北荃银高科种业有限公司,457,Middle-Lower Yangtze,Single/Mid,Two-line hybrid,Enterprise,1,0.0,1.0,True,False,False
4582,徽两优815,国审稻20200167,2020.0,国审,,True,False,True,籼,中稻,长江中下游中籼迟熟组,657.91,5.43,丰两优四号,660.6,9.51,131.1,,113.0,16.7,23.8,186.6,88.3,26.8,,,9.0,高感稻瘟病,9.0,高感白叶枯病,9.0,抽穗期耐热性较强,,63.4,3.3,,13.8,71.3,3.3,5.3,3.0,《食用稻品种品质》,False,湖南湘穗种业有限责任公司,460,Middle-Lower Yangtze,Single/Mid,Two-line hybrid,Enterprise,1,0.0,0.0,True,False,False
5243,济优1号,国审稻20200168,2020.0,国审,,True,True,False,籼,中稻,长江中下游中籼迟熟组,615.86,3.22,丰两优四号,650.79,1.28,129.2,,122.1,17.0,24.5,168.7,83.8,27.0,,,5.0,中感稻瘟病,5.0,中感白叶枯病,9.0,抽穗期耐热性较强,,60.8,0.5,,14.7,79.0,3.5,6.6,1.0,《食用稻品种品质》,False,安陆市兆农育种创新中心,456,Middle-Lower Yangtze,Single/Mid,Three-line hybrid,Unknown,1,1.0,1.0,True,False,False
6963,两优1189,国审稻20200169,2020.0,国审,,True,False,True,籼,中稻,长江中下游中籼迟熟组,644.6,5.3,丰两优四号,634.2,3.7,136.0,,128.1,17.6,27.4,180.1,85.0,27.2,,,7.0,感稻瘟病,7.0,感白叶枯病,9.0,抽穗期耐热性强,,65.6,5.0,,13.5,72.0,3.3,6.0,3.0,《食用稻品种品质》,False,湖南金源种业有限公司,444,Middle-Lower Yangtze,Single/Mid,Two-line hybrid,Enterprise,1,0.0,0.0,True,False,False
4988,红两优丝占,国审稻20200170,2020.0,国审,,True,False,True,籼,中稻,长江中下游中籼迟熟组,643.2,3.7,丰两优4号,630.7,5.7,135.0,,128.0,17.5,24.9,199.0,83.3,23.1,,,3.0,中抗稻瘟病,7.0,感白叶枯病,9.0,抽穗期耐热性强,,65.8,5.5,,13.1,79.0,3.3,4.3,,,False,合肥国丰农业科技有限公司,424,Middle-Lower Yangtze,Single/Mid,Two-line hybrid,Enterprise,1,,1.0,False,False,False
6801,君两优198,国审稻20200176,2020.0,国审,,True,False,True,籼,中稻,长江中下游中籼迟熟组,652.35,6.11,丰两优4号,602.58,4.02,135.0,,125.0,16.6,25.3,185.8,83.3,26.45,,,7.0,感稻瘟病,3.0,中抗白叶枯病,9.0,抽穗期耐热性强,,67.3,2.8,,14.1,74.0,3.0,6.0,2.0,《食用稻品种品质》,False,福建丰田种业有限公司、福建君和生物科技有限公司、武夷山科力兴种业有限公司,452,Middle-Lower Yangtze,Single/Mid,Two-line hybrid,Enterprise,3,1.0,0.0,True,False,False
7510,荃优164,国审稻20200178,2020.0,国审,,True,True,False,籼,中稻,长江中下游中籼迟熟组,663.94,6.48,丰两优四号,656.59,10.62,133.6,,127.8,15.3,25.9,211.5,81.8,28.8,,,,中感稻瘟病,7.0,感白叶枯病,7.0,抽穗期耐热性较强,,44.7,6.4,,15.1,70.0,2.7,4.8,,,True,福建六三种业有限责任公司,438,Middle-Lower Yangtze,Single/Mid,Three-line hybrid,Enterprise,1,,,True,False,False
7150,沪优61,国审稻20200180,2020.0,国审,,True,True,False,籼,中稻,长江中下游中籼迟熟组,633.54,3.43,丰两优四号,621.3,2.0,134.4,,130.4,16.9,24.7,193.1,78.7,26.9,,,3.0,中抗稻瘟病,5.0,中感白叶枯病,9.0,抽穗期耐热性一般,,55.4,2.8,,15.3,76.0,3.2,5.3,3.0,《食用稻品种品质》,False,中国水稻研究所,455,Middle-Lower Yangtze,Single/Mid,Three-line hybrid,Public,1,0.0,1.0,False,False,False
6376,泰优983,国审稻20200181,2020.0,国审,,True,True,False,籼,中稻,长江中下游中籼迟熟组,640.8,3.13,丰两优四号,635.96,4.39,133.9,,131.2,16.0,25.9,177.3,82.3,30.9,,,5.0,中感稻瘟病,9.0,高感白叶枯病,9.0,抽穗期耐热性一般,,63.3,3.7,,17.2,51.0,3.1,7.0,3.0,《食用稻品种品质》,False,泸州泰丰种业有限公司,456,Middle-Lower Yangtze,Single/Mid,Three-line hybrid,Enterprise,1,0.0,1.0,True,False,False
7638,凤两优464,国审稻20200182,2020.0,国审,,True,False,True,籼,中稻,长江中下游中籼迟熟组,646.62,3.55,丰两优四号,669.2,6.5,133.2,,121.8,17.8,24.0,185.4,82.7,25.0,,,5.0,中感稻瘟病,5.0,中感白叶枯病,9.0,抽穗期耐热性一般,,65.5,3.1,,19.0,35.0,3.4,4.5,,,False,岳阳市农业科学研究院,436,Middle-Lower Yangtze,Single/Mid,Two-line hybrid,Unknown,1,,1.0,True,False,False
7759,华两优2834,国审稻20200183,2020.0,国审,,True,False,True,籼,中稻,长江中下游中籼迟熟组,654.55,4.82,丰两优四号,670.48,6.85,138.2,,132.8,15.3,25.7,182.1,81.8,31.6,,,5.0,中感稻瘟病,3.0,中抗白叶枯病,9.0,抽穗期耐热性较强,,62.0,1.4,,17.9,68.0,3.3,6.8,2.0,《食用稻品种品质》,False,华中农业大学,460,Middle-Lower Yangtze,Single/Mid,Two-line hybrid,Public,1,1.0,1.0,True,False,False
4901,徽两优1133,国审稻20200185,2020.0,国审,,True,False,True,籼,中稻,长江中下游中籼迟熟组,666.41,4.73,丰两优四号,647.02,3.28,133.5,,121.4,15.9,25.6,202.4,86.0,28.7,,,,感稻瘟病,5.0,中感白叶枯病,9.0,抽穗期耐热性一般,,52.4,3.0,,15.6,70.0,3.4,6.5,3.0,《食用稻品种品质》,False,安徽锦健农业科技有限公司,457,Middle-Lower Yangtze,Single/Mid,Two-line hybrid,Enterprise,1,0.0,,True,False,False
4061,龙两优月牙丝苗,国审稻20200187,2020.0,国审,,True,False,True,籼,中稻,长江中下游中籼迟熟组,659.5,5.8,丰两优四号,624.5,2.4,130.8,,124.7,18.2,26.5,205.2,84.0,23.8,,,7.0,感稻瘟病,5.0,中感白叶枯病,9.0,抽穗期耐热性较弱,,57.3,2.2,,17.0,74.0,4.4,7.0,2.0,《食用稻品种品质》,False,垦丰长江种业科技有限公司,447,Middle-Lower Yangtze,Single/Mid,Two-line hybrid,Enterprise,1,1.0,0.0,True,False,False
5263,凤营丝苗,国审稻20200188,2020.0,国审,,False,False,False,籼,中稻,长江中下游中籼迟熟组,642.4,2.3,丰两优四号,651.5,5.11,127.7,,118.3,18.3,24.1,194.5,85.0,22.7,,,5.0,中感稻瘟病,5.0,中感白叶枯病,9.0,抽穗期耐热性较强,,66.8,3.6,,15.7,55.0,3.2,6.5,3.0,《食用稻品种品质》,False,信阳金誉农业科技有限公司、长沙利诚种业有限公司,448,Middle-Lower Yangtze,Single/Mid,Inbred/Other,Enterprise,2,0.0,1.0,True,False,False
6288,金信丝苗,国审稻20200189,2020.0,国审,,False,False,False,籼,中稻,长江中下游中籼迟熟组,648.1,3.15,丰两优4号,655.0,5.68,130.4,,120.0,19.7,23.8,188.4,84.8,22.0,,,5.0,中感稻瘟病,5.0,中感白叶枯病,9.0,抽穗期耐热性一般,,62.1,2.5,,14.0,69.0,3.6,6.2,2.0,《食用稻品种品质》,False,江西金信种业有限公司,459,Middle-Lower Yangtze,Single/Mid,Inbred/Other,Enterprise,1,1.0,1.0,True,False,False
6065,米岗油占,国审稻20200190,2020.0,国审,,False,False,False,籼,中稻,长江中下游中籼迟熟组,646.11,3.5,丰两优四号,636.4,2.7,126.4,,105.3,19.4,22.9,183.4,83.4,22.7,,,9.0,高感稻瘟病,7.0,感白叶枯病,9.0,抽穗期耐热性一般,,72.3,0.9,,17.1,63.0,3.2,6.7,2.0,《食用稻品种品质》,False,安徽枝柳农业科技有限公司,462,Middle-Lower Yangtze,Single/Mid,Inbred/Other,Enterprise,1,1.0,0.0,True,False,False
7588,巧两优1220,国审稻20200191,2020.0,国审,,True,False,True,籼,中稻,长江中下游中籼迟熟组,642.0,2.81,丰两优四号,669.2,8.0,136.9,,125.0,18.0,23.8,191.2,81.3,24.4,,,5.0,中感稻瘟病,5.0,中感白叶枯病,9.0,抽穗期耐热性强,,66.2,2.1,,16.5,64.0,3.2,6.6,2.0,《食用稻品种品质》,False,湖南兆和种业有限公司,455,Middle-Lower Yangtze,Single/Mid,Two-line hybrid,Enterprise,1,1.0,1.0,True,False,False
7161,五粤占3号,国审稻20200192,2020.0,国审,,False,False,False,籼,中稻,长江中下游中籼迟熟组,631.2,1.1,丰两优四号,625.5,1.0,126.4,,113.0,20.0,24.0,169.5,85.4,22.8,,,7.0,感稻瘟病,7.0,感白叶枯病,9.0,抽穗期耐热性一般,,68.8,1.3,,17.2,63.0,3.2,7.0,2.0,《食用稻品种品质》,False,信阳金誉农业科技有限公司,442,Middle-Lower Yangtze,Single/Mid,Inbred/Other,Enterprise,1,1.0,0.0,True,False,False
7782,登两优008,国审稻20200193,2020.0,国审,,True,False,True,籼,中稻,长江中下游中籼迟熟组,654.39,6.83,丰两优4号,644.44,5.16,131.0,,118.3,16.1,25.3,213.9,85.6,24.3,,,5.0,中感稻瘟病,7.0,感白叶枯病,9.0,抽穗期耐热性强,,62.6,6.7,,15.5,85.7,3.2,5.0,,,False,湖南天瑞农鑫种业有限公司,436,Middle-Lower Yangtze,Single/Mid,Two-line hybrid,Enterprise,1,,1.0,True,False,False
6192,登两优2108,国审稻20200194,2020.0,国审,,True,False,True,籼,中稻,长江中下游中籼迟熟组,654.07,7.6,丰两优4号,645.96,5.41,131.1,,119.2,17.0,25.1,220.2,83.9,22.7,,,5.0,中感稻瘟病,7.0,感白叶枯病,9.0,抽穗期耐热性强,,64.0,9.9,,14.8,84.3,3.3,3.4,,,False,湖南天瑞农鑫种业有限公司,437,Middle-Lower Yangtze,Single/Mid,Two-line hybrid,Enterprise,1,,1.0,True,False,False
6103,徽两优8966,国审稻20200195,2020.0,国审,,True,False,True,籼,中稻,长江中下游中籼迟熟组,662.77,8.03,丰两优4号,634.05,3.47,132.2,,113.6,16.4,24.2,206.5,87.0,24.8,,,,感稻瘟病,7.0,感白叶枯病,9.0,抽穗期耐热性较强,,62.3,8.4,,17.0,67.3,3.2,5.8,,,False,福建省福瑞华安种业科技有限公司,436,Middle-Lower Yangtze,Single/Mid,Two-line hybrid,Enterprise,1,,,True,False,False
4492,徽两优982,国审稻20200196,2020.0,国审,,True,False,True,籼,中稻,长江中下游中籼迟熟组,646.53,6.55,丰两优4号,632.53,3.22,130.1,,119.5,17.1,24.6,179.1,86.4,26.8,,,,中感稻瘟病,5.0,中感白叶枯病,9.0,抽穗期耐热性较强,,52.8,9.4,,14.6,81.0,3.2,4.0,,,False,安徽凯利种业有限公司,434,Middle-Lower Yangtze,Single/Mid,Two-line hybrid,Enterprise,1,,,True,False,False
4245,荃优5438,国审稻20200198,2020.0,国审,,True,True,False,籼,中稻,长江中下游中籼迟熟组,662.42,7.34,丰两优四号,663.32,6.85,133.3,,125.4,16.1,25.4,203.8,85.6,26.8,,,,感稻瘟病,9.0,高感白叶枯病,9.0,抽穗期耐热性3级,,57.7,5.4,22.0,13.7,79.0,3.2,4.0,,,True,广汉泰利隆农作物研究所,462,Middle-Lower Yangtze,Single/Mid,Three-line hybrid,Public,1,,,True,False,False
7341,荆两优833,国审稻20200200,2020.0,国审,,True,False,True,籼,中稻,长江中下游中籼迟熟组,658.65,5.61,丰两优四号,628.7,3.8,129.4,,118.5,18.7,24.7,188.6,84.5,24.0,,,,中抗稻瘟病,5.0,中感白叶枯病,9.0,抽穗期耐热性较强,,66.9,2.7,,16.4,60.0,3.3,6.9,2.0,《食用稻品种品质》,False,湖北荆楚种业科技有限公司、湖北龙稻种业科技有限公司,455,Middle-Lower Yangtze,Single/Mid,Two-line hybrid,Enterprise,2,1.0,,False,False,False
5164,庐两优1187,国审稻20200201,2020.0,国审,,True,False,True,籼,中稻,长江中下游中籼迟熟组,676.68,8.61,丰两优四号,652.6,7.6,132.2,,119.4,18.2,24.8,191.0,85.2,25.0,,,,中感稻瘟病,5.0,中感白叶枯病,9.0,抽穗期耐热性强,,60.9,1.4,,13.9,77.0,3.2,6.0,2.0,《食用稻品种品质》,False,安徽丰大种业股份有限公司,453,Middle-Lower Yangtze,Single/Mid,Two-line hybrid,Enterprise,1,1.0,,True,False,False
4955,E两优100,国审稻20200203,2020.0,国审,,True,False,True,籼,中稻,长江中下游中籼迟熟组,638.58,4.23,丰两优四号,629.75,6.75,133.4,,127.5,13.8,26.2,215.9,86.0,27.4,,,,感稻瘟病,7.0,感白叶枯病,9.0,抽穗期耐热性3级,,60.8,1.6,,17.5,60.0,3.1,6.0,2.0,《食用稻品种品质》,False,安徽正丰农业科技有限公司,461,Middle-Lower Yangtze,Single/Mid,Two-line hybrid,Enterprise,1,1.0,,True,False,False
6570,两优华晶占,国审稻20200204,2020.0,国审,,True,False,True,籼,中稻,长江中下游中籼迟熟组,681.62,7.0,丰两优四号,642.13,8.5,137.7,,115.5,16.9,25.1,200.4,84.3,25.6,,,5.0,中感稻瘟病,7.0,感白叶枯病,9.0,抽穗期耐热性较强,,65.5,8.2,,13.6,79.0,3.1,3.8,,,False,湖南中朗种业有限公司,434,Middle-Lower Yangtze,Single/Mid,Two-line hybrid,Enterprise,1,,1.0,True,False,False
4007,农两优998,国审稻20200205,2020.0,国审,,True,False,True,籼,中稻,长江中下游中籼迟熟组,682.04,7.1,丰两优四号,648.52,9.4,138.6,,125.9,16.6,25.6,193.6,86.3,26.8,,,3.0,中抗稻瘟病,9.0,高感白叶枯病,9.0,抽穗期耐热性强,,63.2,8.1,,13.8,77.0,3.1,3.5,,,False,湖南天丰农业科技有限公司,435,Middle-Lower Yangtze,Single/Mid,Two-line hybrid,Enterprise,1,,1.0,False,False,False
3177,佳两优1088,国审稻20200206,2020.0,国审,,True,False,True,籼,中稻,长江中下游中籼迟熟组,661.17,7.0,丰两优四号,635.65,5.6,141.5,,128.4,13.8,28.9,221.8,79.1,28.1,,,7.0,感稻瘟病,7.0,感白叶枯病,9.0,抽穗期耐热性一般,,61.2,8.5,,18.9,44.0,2.9,4.2,,,False,湖南恒德种业科技有限公司,437,Middle-Lower Yangtze,Single/Mid,Two-line hybrid,Enterprise,1,,0.0,True,False,False
5820,巧两优超占,国审稻20200208,2020.0,国审,,True,False,True,籼,中稻,长江中下游中籼迟熟组,678.36,5.14,丰两优四号,647.47,5.46,135.7,,127.2,16.8,23.5,207.6,84.5,24.3,,,,中感稻瘟病,5.0,中感白叶枯病,9.0,抽穗期耐热性较强,,67.7,1.1,,17.5,75.0,3.0,6.5,2.0,《食用稻品种品质》,False,安徽喜多收种业科技有限公司,455,Middle-Lower Yangtze,Single/Mid,Two-line hybrid,Enterprise,1,1.0,,True,False,False
4218,巧两优丝苗,国审稻20200209,2020.0,国审,,True,False,True,籼,中稻,长江中下游中籼迟熟组,675.18,4.84,丰两优四号,644.41,5.75,134.7,,123.1,16.7,23.8,203.1,86.5,24.4,,,3.0,中抗稻瘟病,5.0,中感白叶枯病,9.0,抽穗期耐热性较强,,68.2,0.9,,17.4,61.0,3.0,6.5,2.0,《食用稻品种品质》,True,安徽喜多收种业科技有限公司,459,Middle-Lower Yangtze,Single/Mid,Two-line hybrid,Enterprise,1,1.0,1.0,False,False,False
4186,荃两优069,国审稻20200210,2020.0,国审,,True,False,True,籼,中稻,长江中下游中籼迟熟组,675.11,4.63,丰两优四号,648.37,5.6,133.1,,121.5,16.4,24.0,202.5,85.2,25.7,,,,中感稻瘟病,7.0,感白叶枯病,9.0,抽穗期耐热性较强,,67.8,0.6,,14.6,68.7,3.2,6.7,2.0,《食用稻品种品质》,True,安徽荃银超大种业有限公司,459,Middle-Lower Yangtze,Single/Mid,Two-line hybrid,Enterprise,1,1.0,,True,False,False
3893,荃优全赢丝苗,国审稻20200211,2020.0,国审,,True,True,False,籼,中稻,长江中下游中籼迟熟组,676.81,5.9,丰两优四号,641.03,4.41,132.4,,122.6,15.9,26.5,214.2,85.0,25.1,,,3.0,中抗稻瘟病,5.0,中感白叶枯病,9.0,抽穗期耐热性较强,,56.4,2.9,,15.7,73.0,3.2,6.1,2.0,《食用稻品种品质》,True,湖北荃银高科种业有限公司,461,Middle-Lower Yangtze,Single/Mid,Three-line hybrid,Enterprise,1,1.0,1.0,False,False,False
4476,深两优粤禾丝苗,国审稻20200212,2020.0,国审,,True,False,True,籼,中稻,长江中下游中籼迟熟组,664.0,3.34,丰两优四号,650.2,6.7,131.2,,120.4,16.7,25.9,201.9,87.2,23.4,,,5.0,中感稻瘟病,7.0,感白叶枯病,9.0,抽穗期耐热性较强,,63.7,3.6,,17.7,50.7,3.0,6.8,3.0,《食用稻品种品质》,True,安徽荃银超大种业有限公司,458,Middle-Lower Yangtze,Single/Mid,Two-line hybrid,Enterprise,1,0.0,1.0,True,False,False
7007,喜两优丝苗,国审稻20200213,2020.0,国审,,True,False,True,籼,中稻,长江中下游中籼迟熟组,663.38,3.93,丰两优四号,666.14,7.09,131.8,,125.0,15.6,24.8,205.2,85.9,24.9,,,3.0,中抗稻瘟病,5.0,中感白叶枯病,9.0,抽穗期耐热性较强,,68.7,0.7,,14.5,72.0,3.2,6.2,2.0,《食用稻品种品质》,True,安徽喜多收种业科技有限公司,459,Middle-Lower Yangtze,Single/Mid,Two-line hybrid,Enterprise,1,1.0,1.0,False,False,False
6490,勇两优鄂晶丝苗,国审稻20200214,2020.0,国审,,True,False,True,籼,中稻,长江中下游中籼迟熟组,661.27,3.75,丰两优四号,646.26,3.9,131.6,,122.5,16.5,25.7,205.0,82.7,24.1,,,,中感稻瘟病,7.0,感白叶枯病,9.0,抽穗期耐热性一般,,52.2,2.6,,15.2,75.0,3.3,6.1,3.0,《食用稻品种品质》,True,湖北荃银高科种业有限公司,458,Middle-Lower Yangtze,Single/Mid,Two-line hybrid,Enterprise,1,0.0,,True,False,False
4145,徽两优719,国审稻20200215,2020.0,国审,,True,False,True,籼,中稻,长江中下游中籼迟熟组,649.69,4.68,丰两优四号,643.99,2.75,128.0,,120.1,16.5,24.1,190.6,85.5,25.8,,,,高感稻瘟病,7.0,感白叶枯病,9.0,抽穗期耐热性较强,,71.1,6.0,,20.5,70.0,2.8,5.7,,,False,安徽日辉生物科技有限公司,433,Middle-Lower Yangtze,Single/Mid,Two-line hybrid,Enterprise,1,,,True,False,False
4169,筑两优427,国审稻20200216,2020.0,国审,,True,False,True,籼,中稻,长江中下游中籼迟熟组,661.45,6.57,丰两优四号,661.8,5.6,131.5,,117.5,17.1,23.3,185.9,84.7,26.5,,,,中感稻瘟病,7.0,感白叶枯病,9.0,抽穗期耐热性较强,,72.1,2.9,,18.0,60.0,2.9,7.0,2.0,《食用稻品种品质》,True,安徽绿亿种业有限公司,449,Middle-Lower Yangtze,Single/Mid,Two-line hybrid,Enterprise,1,1.0,,True,False,False
5701,华两优美香新占,国审稻20200217,2020.0,国审,,True,False,True,籼,中稻,长江中下游中籼迟熟组,691.38,6.24,丰两优四号,671.96,7.26,135.1,,128.1,17.4,24.4,206.1,83.8,25.7,,,5.0,中感稻瘟病,5.0,中感白叶枯病,9.0,抽穗期耐热性较强,,61.3,7.0,,14.4,71.0,3.2,6.4,,,False,湖北华之夏种子有限责任公司、深圳市金谷美香实业有限公司,435,Middle-Lower Yangtze,Single/Mid,Two-line hybrid,Enterprise,2,,1.0,True,False,False
5523,金两优1800,国审稻20200218,2020.0,国审,,True,False,True,籼,中稻,长江中下游中籼迟熟组,674.31,3.78,丰两优四号,663.45,5.9,133.1,,125.2,18.0,24.8,202.5,86.2,23.8,,,3.0,中抗稻瘟病,5.0,中感白叶枯病,9.0,抽穗期耐热性一般,,59.5,0.5,,13.9,75.3,3.3,5.3,3.0,《食用稻品种品质》,False,合肥耕宇种业有限公司,459,Middle-Lower Yangtze,Single/Mid,Two-line hybrid,Enterprise,1,0.0,1.0,False,False,False
6938,谷优366,国审稻20200220,2020.0,国审,,True,True,False,籼,中稻,长江中下游中籼迟熟组,648.6,4.2,丰两优四号,633.17,8.48,130.5,,120.3,16.1,24.8,179.1,84.0,29.4,,,5.0,中感稻瘟病,9.0,高感白叶枯病,5.0,抽穗期耐热性较强,,52.1,4.7,,18.8,68.0,2.8,5.6,3.0,《食用稻品种品质》,False,福建旺穗种业有限公司,456,Middle-Lower Yangtze,Single/Mid,Three-line hybrid,Enterprise,1,0.0,1.0,True,False,False
6277,遂两优164,国审稻20200222,2020.0,国审,,True,False,True,籼,中稻,长江中下游中籼迟熟组,667.2,6.44,丰两优四号,629.41,7.84,135.2,,126.7,17.3,24.8,191.4,80.2,26.9,,,5.0,中感稻瘟病,7.0,感白叶枯病,9.0,抽穗期耐热性强,,55.9,2.0,,16.1,75.3,2.9,4.2,,,False,三明市茂丰农业科技开发有限公司,436,Middle-Lower Yangtze,Single/Mid,Two-line hybrid,Enterprise,1,,1.0,True,False,False
7193,旌优秱珍,国审稻20200223,2020.0,国审,,True,True,False,籼,中稻,长江中下游中籼迟熟组,648.23,5.75,丰两优四号,621.98,5.43,131.9,,124.8,15.8,26.3,207.4,81.4,28.0,,,7.0,感稻瘟病,5.0,中感白叶枯病,9.0,抽穗期耐热性较强,,64.4,5.2,,16.8,72.0,3.3,6.2,,,False,四川鑫源种业有限公司、四川省农业科学院水稻高粱研究所,436,Middle-Lower Yangtze,Single/Mid,Three-line hybrid,Joint,2,,0.0,True,False,False
7194,荃优982,国审稻20200225,2020.0,国审,,True,True,False,籼,中稻,长江中下游中籼迟熟组,655.38,4.53,丰两优4号,610.26,5.35,132.3,,129.1,15.0,25.5,204.6,84.0,29.6,,,9.0,高感稻瘟病,3.0,中抗白叶枯病,9.0,抽穗期耐热性较强,,57.3,4.4,,14.9,68.0,3.0,5.2,3.0,《食用稻品种品质》,True,江苏丘陵地区镇江农业科学研究所,459,Middle-Lower Yangtze,Single/Mid,Three-line hybrid,Public,1,0.0,0.0,True,False,False
6439,泰优9516,国审稻20200226,2020.0,国审,,True,True,False,籼,中稻,长江中下游中籼迟熟组,660.81,3.4,丰两优四号,653.54,4.32,136.0,,130.2,16.3,25.1,183.6,85.2,28.3,,,3.0,中抗稻瘟病,9.0,高感白叶枯病,9.0,抽穗期耐热性较强,,61.9,1.7,,14.8,90.0,3.1,6.5,2.0,《食用稻品种品质》,False,泸州泰丰种业有限公司,456,Middle-Lower Yangtze,Single/Mid,Three-line hybrid,Enterprise,1,1.0,1.0,False,False,False
4746,湘岳占,国审稻20200227,2020.0,国审,,False,False,False,籼,中稻,长江中下游中籼迟熟组,619.85,-3.0,丰两优四号,638.61,1.25,128.2,,117.5,17.6,23.6,177.7,86.2,24.3,,,5.0,中感稻瘟病,5.0,中感白叶枯病,9.0,抽穗期耐热性较弱,,66.8,0.9,,17.4,63.0,3.2,7.0,1.0,《食用稻品种品质》,False,湖南省岳阳市农业科学研究院,451,Middle-Lower Yangtze,Single/Mid,Inbred/Other,Unknown,1,1.0,1.0,True,False,False
5988,两优198,国审稻20200231,2020.0,国审,,True,False,True,籼,双季,长江中下游晚籼早熟组,593.87,6.78,五优308,614.1,8.3,115.2,,106.6,21.0,22.7,152.9,83.4,25.2,,,7.0,感稻瘟病,7.0,感白叶枯病,9.0,,耐冷性较强,56.3,1.7,,15.7,76.0,3.6,5.8,3.0,《食用稻品种品质》,False,安徽丰大种业股份有限公司,452,Middle-Lower Yangtze,Late,Two-line hybrid,Enterprise,1,0.0,0.0,True,False,False
6066,玖两优丝苗,国审稻20200233,2020.0,国审,,True,False,True,籼,双季,长江中下游晚籼早熟组,605.9,4.9,五优308,614.4,5.35,118.2,,106.8,20.6,23.1,176.6,80.8,23.0,,,7.0,感稻瘟病,5.0,中感白叶枯病,9.0,,耐冷性较强,60.4,3.2,,13.9,66.0,3.5,6.3,3.0,《食用稻品种品质》,False,江西农嘉种业有限公司,446,Middle-Lower Yangtze,Late,Two-line hybrid,Enterprise,1,0.0,0.0,True,False,False
5344,两优336,国审稻20200234,2020.0,国审,,True,False,True,籼,中稻,长江中下游中籼迟熟组,691.15,10.77,丰两优四号,658.48,8.61,130.8,,115.8,19.0,25.4,201.2,84.9,23.1,,,9.0,高感稻瘟病,7.0,感白叶枯病,9.0,抽穗期耐热性3级,,60.9,1.0,,15.7,79.0,3.5,5.6,3.0,《食用稻品种品质》,False,湖南金健种业科技有限公司,468,Middle-Lower Yangtze,Single/Mid,Two-line hybrid,Enterprise,1,0.0,0.0,True,False,False
6595,盛泰优997,国审稻20200236,2020.0,国审,,True,True,False,籼,双季,长江中下游晚籼早熟组,597.3,3.4,五优308,606.4,4.0,116.0,,103.6,21.8,25.9,138.0,78.7,24.3,,,7.0,感稻瘟病,9.0,高感白叶枯病,9.0,,耐冷性弱,56.7,3.9,,14.3,72.0,3.5,6.3,3.0,《食用稻品种品质》,False,垦丰长江种业科技有限公司,443,Middle-Lower Yangtze,Late,Three-line hybrid,Enterprise,1,0.0,0.0,True,False,False
6684,桃优919,国审稻20200237,2020.0,国审,,True,True,False,籼,双季,长江中下游晚籼早熟组,582.95,-0.23,五优308,584.45,1.23,115.6,,108.9,20.7,24.0,134.4,85.8,27.2,,,7.0,感稻瘟病,9.0,高感白叶枯病,9.0,,耐冷性较弱,67.1,1.8,,14.0,70.0,3.4,6.9,2.0,《食用稻品种品质》,False,湖南金耘水稻育种研究有限公司,454,Middle-Lower Yangtze,Late,Three-line hybrid,Enterprise,1,1.0,0.0,True,False,False
4639,科两优莉珍,国审稻20200242,2020.0,国审,,True,False,True,籼,双季,长江中下游晚籼早熟组,633.7,3.5,五优308,634.0,1.7,117.5,,113.1,22.8,24.1,173.3,82.2,23.5,,,5.0,中感稻瘟病,7.0,感白叶枯病,9.0,,耐冷性较弱,67.0,2.5,,18.0,61.0,3.8,6.8,2.0,《食用稻品种品质》,False,垦丰长江种业科技有限公司,438,Middle-Lower Yangtze,Late,Two-line hybrid,Enterprise,1,1.0,1.0,True,False,False
5921,瑞两优1053,国审稻20200245,2020.0,国审,,True,False,True,籼,双季,长江中下游晚籼早熟组,633.9,4.6,五优308,600.3,3.6,114.7,,121.5,15.8,23.9,,83.6,26.5,,,7.0,感稻瘟病,7.0,感白叶枯病,9.0,,耐冷性一般,52.7,4.2,,14.7,70.0,3.3,5.2,3.0,《食用稻品种品质》,False,信阳金誉农业科技有限公司,443,Middle-Lower Yangtze,Late,Two-line hybrid,Enterprise,1,0.0,0.0,True,False,False
5019,邦两优雅丝香,国审稻20200249,2020.0,国审,,True,False,True,籼,双季,长江中下游晚籼早熟组,608.17,4.01,五优308,596.61,2.2,116.3,,114.2,20.7,23.4,158.4,83.8,22.1,,,9.0,高感稻瘟病,3.0,中抗白叶枯病,9.0,,耐冷性一般,60.2,3.2,,15.4,62.0,4.3,6.3,3.0,《食用稻品种品质》,False,广西兆和种业有限公司,452,Middle-Lower Yangtze,Late,Two-line hybrid,Enterprise,1,0.0,0.0,True,False,False
5524,玖两优丝占,国审稻20200250,2020.0,国审,,True,False,True,籼,双季,长江中下游晚籼早熟组,618.42,6.53,五优308,622.05,8.11,115.4,,101.2,21.4,22.2,165.8,83.5,24.0,,,5.0,中感稻瘟病,7.0,感白叶枯病,9.0,,耐冷性中等,68.4,0.9,,21.6,51.0,3.0,7.0,3.0,《食用稻品种品质》,False,湖南金健种业科技有限公司,451,Middle-Lower Yangtze,Late,Two-line hybrid,Enterprise,1,0.0,1.0,True,False,False
7721,之两优534,国审稻20200251,2020.0,国审,,True,False,True,籼,双季,长江中下游晚籼早熟组,605.08,4.22,五优308,618.03,7.41,116.9,,102.9,21.4,22.5,169.6,79.4,24.4,,,5.0,中感稻瘟病,7.0,感白叶枯病,9.0,,耐冷性较强,65.7,0.7,,18.4,71.0,3.1,7.0,2.0,《食用稻品种品质》,True,"江西兴安种业有限公司,中国水稻研究所",452,Middle-Lower Yangtze,Late,Two-line hybrid,Joint,2,1.0,1.0,True,False,False
4501,万香丝苗,国审稻20200253,2020.0,国审,,False,False,False,籼,双季,长江中下游晚籼早熟组,617.32,1.36,五优308,596.67,2.4,114.0,,107.1,21.8,22.4,149.9,87.8,23.0,,,7.0,感稻瘟病,3.0,中抗白叶枯病,9.0,,耐冷性中等,63.4,2.2,,14.8,73.0,3.5,6.2,2.0,《食用稻品种品质》,False,江西翃壹农业科技有限公司,447,Middle-Lower Yangtze,Late,Inbred/Other,Enterprise,1,1.0,0.0,True,False,False
5618,泰优银华粘,国审稻20200254,2020.0,国审,,True,True,False,籼,双季,长江中下游晚籼早熟组,613.5,1.6,五优308,614.5,2.0,118.2,,104.7,23.2,21.5,154.0,81.8,23.1,,,5.0,中感稻瘟病,7.0,感白叶枯病,9.0,,耐冷性中等,60.8,0.5,,17.5,63.0,3.8,6.9,1.0,《食用稻品种品质》,False,湖南永益农业科技发展有限公司,445,Middle-Lower Yangtze,Late,Three-line hybrid,Enterprise,1,1.0,1.0,True,False,False
3231,美香两优晶丝,国审稻20200255,2020.0,国审,,True,False,True,籼,双季,长江中下游晚籼中迟熟组,559.22,3.7,天优华占,603.44,2.76,115.6,,109.5,19.7,22.0,,83.2,25.4,,,5.0,中感稻瘟病,5.0,中感白叶枯病,9.0,,耐冷性一般,60.5,0.7,,15.6,61.0,3.8,6.6,2.0,《食用稻品种品质》,False,安徽春禾种业有限公司,442,Middle-Lower Yangtze,Late,Two-line hybrid,Enterprise,1,1.0,1.0,True,False,False
5218,邦两优香丝苗,国审稻20200257,2020.0,国审,,True,False,True,籼,双季,长江中下游晚籼中迟熟组,595.7,3.92,天优华占,601.28,2.29,117.2,,109.7,21.2,22.7,,83.3,22.0,,,5.0,中感稻瘟病,5.0,中感白叶枯病,9.0,,耐冷性较弱,63.3,2.9,,17.5,63.0,4.1,6.9,2.0,《食用稻品种品质》,False,广西兆和种业有限公司,446,Middle-Lower Yangtze,Late,Two-line hybrid,Enterprise,1,1.0,1.0,True,False,False
6584,广泰优1002,国审稻20200260,2020.0,国审,,True,True,False,籼,双季,华南感光晚籼组,496.62,5.75,博优998,522.81,5.98,113.8,,107.3,16.75,21.6,155.8,80.7,26.35,,,7.0,感稻瘟病,7.0,感白叶枯病,9.0,,,55.5,1.2,,17.0,68.0,3.2,7.0,2.0,《食用稻品种品质》,False,广东省农业科学院水稻研究所,439,South China,Late,Three-line hybrid,Public,1,1.0,0.0,True,False,False
4232,诺两优6号,国审稻20200262,2020.0,国审,,True,False,True,籼,双季,华南感光晚籼组,513.64,6.88,博优998,539.89,9.87,118.0,,105.9,16.3,24.5,173.5,79.2,24.8,,,3.0,中抗稻瘟病,5.0,中感白叶枯病,9.0,,,66.9,3.0,,14.1,70.0,3.1,5.0,3.0,《食用稻品种品质》,False,福建科力种业有限公司,441,South China,Late,Two-line hybrid,Enterprise,1,0.0,1.0,False,False,False
3682,昌两优馥香占,国审稻20200263,2020.0,国审,,True,False,True,籼,双季,华南感光晚籼组,506.75,4.52,博优998,513.84,2.41,118.0,,105.4,15.7,25.7,184.0,79.1,23.8,,,5.0,中感稻瘟病,7.0,感白叶枯病,9.0,,,59.5,0.2,,16.6,63.0,3.8,7.0,1.0,《食用稻品种品质》,False,广西恒茂农业科技有限公司,436,South China,Late,Two-line hybrid,Enterprise,1,1.0,1.0,True,False,False
5821,常农粳14号,国审稻20200272,2020.0,国审,,False,False,False,粳,单季,,597.28,2.48,嘉优5号,664.2,2.47,152.9,,97.5,19.8,16.3,152.1,86.9,25.4,,,5.0,感稻瘟病,5.0,中感白叶枯病,9.0,,,75.0,0.9,,16.6,74.0,1.9,7.0,1.0,《食用稻品种品质》,False,常熟市农业科学研究所,437,Other/Unspecified,Single/Mid,Inbred/Other,Public,1,1.0,1.0,True,False,False
7850,皖粳1608,国审稻20200275,2020.0,国审,,False,False,False,粳,单季,,632.7,-2.6,嘉优5号,632.6,1.7,156.1,,92.4,19.6,16.6,145.3,88.9,25.7,,,5.0,中感稻瘟病,5.0,中感白叶枯病,9.0,,,75.7,0.7,,16.3,77.0,1.7,7.0,1.0,《食用稻品种品质》,False,安徽农业大学,436,Other/Unspecified,Single/Mid,Inbred/Other,Public,1,1.0,1.0,True,False,False
7008,苏秀1717,国审稻20200276,2020.0,国审,,False,False,False,粳,单季,,651.79,1.9,,646.1,2.98,152.4,,98.3,20.6,15.7,156.6,85.2,25.7,,,5.0,中感稻瘟病,5.0,中感白叶枯病,7.0,,,73.8,2.3,,15.6,73.0,1.9,7.0,2.0,《食用稻品种品质》,False,江苏苏乐种业科技有限公司,448,Other/Unspecified,Single/Mid,Inbred/Other,Enterprise,1,1.0,1.0,True,False,False
7683,禾香优1号,国审稻20200279,2020.0,国审,,True,True,False,粳,单季,,693.13,9.71,嘉优5号,711.94,7.41,154.3,,111.1,12.6,18.9,271.2,85.5,24.9,,,3.0,中抗稻瘟病,5.0,中感白叶枯病,9.0,,,72.6,1.3,,13.4,72.0,1.9,7.0,2.0,《食用稻品种品质》,False,浙江勿忘农种业股份有限公司,436,Other/Unspecified,Single/Mid,Three-line hybrid,Enterprise,1,1.0,1.0,False,False,False
6832,嘉禾优7号,国审稻20200280,2020.0,国审,,True,True,False,粳,单季,,692.69,9.51,嘉优5号,712.1,7.44,151.2,,125.0,14.0,23.9,261.3,88.3,25.8,,,5.0,中感稻瘟病,9.0,高感白叶枯病,9.0,,,67.7,0.5,,14.4,78.0,2.8,6.0,3.0,《食用稻品种品质》,False,中国水稻研究所,443,Other/Unspecified,Single/Mid,Three-line hybrid,Public,1,0.0,1.0,True,False,False
6447,浙粳优6号,国审稻20200281,2020.0,国审,,True,True,False,粳,单季,,686.63,8.62,嘉优5号,691.62,4.35,158.0,,125.6,15.2,23.5,232.0,82.4,26.0,,,5.0,中感稻瘟病,5.0,中感白叶枯病,9.0,,,67.2,,,11.0,80.0,2.2,6.2,,,False,浙江省农业科学院作物与核技术利用研究所、浙江勿忘农种业股份有限公司,421,Other/Unspecified,Single/Mid,Three-line hybrid,Joint,2,,1.0,True,False,False
7804,泰粳5241,国审稻20200282,2020.0,国审,,False,False,False,粳,,,640.8,7.02,徐稻3号,697.1,10.0,156.4,,95.3,18.8,17.1,184.4,79.5,25.0,,,,中感稻瘟病,,中感白叶枯病,,,,67.4,2.0,,14.4,72.0,1.7,,2.0,《食用稻品种品质》,False,江苏红旗种业股份有限公司,441,Other/Unspecified,Unspecified,Inbred/Other,Enterprise,1,1.0,,True,False,False
4802,连粳22号,国审稻20200283,2020.0,国审,,False,False,False,粳,,黄淮粳稻组,651.0,5.4,徐稻3号,705.9,6.6,152.7,,97.8,21.6,16.4,141.5,86.6,25.9,,,5.0,中感稻瘟病,7.0,感白叶枯病,,,,71.6,5.8,,14.7,78.0,1.7,6.5,,,False,江苏农发种业有限公司,403,North/Huanghuai,Single/Mid,Inbred/Other,Enterprise,1,,1.0,True,False,False
7684,金粳858,国审稻20200284,2020.0,国审,,False,False,False,粳,,黄淮粳稻组,659.0,6.77,徐稻3号,639.58,6.6,153.8,,95.0,21.9,16.4,157.5,83.3,25.3,,,5.0,中感稻瘟病,5.0,中感白叶枯病,,抽穗期耐热性一般,耐冷性中等,70.0,5.0,24.0,15.4,66.0,1.9,,3.0,《食用稻品种品质》,False,江苏金色农业股份有限公司,451,North/Huanghuai,Single/Mid,Inbred/Other,Enterprise,1,0.0,1.0,True,False,False
6607,中禾优3号,国审稻20200285,2020.0,国审,,True,True,False,粳,,黄淮粳稻组,750.7,22.6,徐稻3号,691.6,11.3,156.3,,114.6,17.3,21.3,269.2,77.6,23.7,,,5.0,中感稻瘟病,5.0,中感白叶枯病,,,,70.9,2.7,,14.8,72.0,2.3,6.1,3.0,《食用稻品种品质》,False,中国科学院遗传与发育生物学研究所、嘉兴市农业科学研究院、中国科学院合肥物质科学研究院,427,North/Huanghuai,Single/Mid,Three-line hybrid,Public,3,0.0,1.0,True,False,False
4519,皖垦糯5号,国审稻20200286,2020.0,国审,,False,False,False,粳,,黄淮粳稻组,661.1,8.0,徐稻3号,668.7,7.6,156.8,,100.5,19.8,15.7,179.3,83.2,25.7,,,5.0,中感稻瘟病,5.0,中感白叶枯病,,,耐冷性较强,69.0,,,1.0,100.0,1.7,7.0,2.0,《食用稻品种品质》,False,皖垦种业股份有限公司,426,North/Huanghuai,Single/Mid,Inbred/Other,Enterprise,1,1.0,1.0,True,False,False
3520,苏秀852,国审稻20200287,2020.0,国审,,False,False,False,粳,,黄淮粳稻组,656.41,5.26,徐稻3号,679.66,9.03,149.5,,92.2,20.7,15.5,141.3,88.9,27.3,,,5.0,中感稻瘟病,,,,,,67.8,3.0,,13.7,70.0,1.8,7.0,2.0,《食用稻品种品质》,False,江苏苏乐种业科技有限公司,419,North/Huanghuai,Single/Mid,Inbred/Other,Enterprise,1,1.0,1.0,True,False,False
4652,中研稻212,国审稻20200292,2020.0,国审,,False,False,False,粳,,黄淮粳稻组,663.54,5.04,,661.96,3.9,146.7,,85.8,23.6,15.2,120.2,91.6,27.1,,,3.0,中抗稻瘟病,,,,,,73.8,3.0,,15.8,72.0,1.7,7.0,2.0,《食用稻品种品质》,False,江苏苏乐种业科技有限公司,423,North/Huanghuai,Single/Mid,Inbred/Other,Enterprise,1,1.0,1.0,False,False,False
6086,华浙糯1号,国审稻20200293,2020.0,国审,,False,False,False,粳,,黄淮粳稻组,664.06,5.12,徐稻3号,669.3,5.1,151.0,,93.2,24.3,15.5,124.4,92.1,25.6,,,3.0,中抗稻瘟病,,,,,,72.5,,,1.2,100.0,1.7,7.0,1.0,《食用稻品种品质》,False,浙江勿忘农种业股份有限公司,411,North/Huanghuai,Single/Mid,Inbred/Other,Enterprise,1,1.0,1.0,False,False,False
6822,丰乐粳88,国审稻20200295,2020.0,国审,,False,False,False,粳,,黄淮粳稻组,680.6,4.92,徐稻3号,682.96,3.41,149.9,,93.4,22.8,16.3,140.2,86.6,26.4,,,3.0,中感稻瘟病,,,,,,69.7,3.8,,11.4,78.0,1.8,6.6,,,False,镇江润健农艺有限公司,402,North/Huanghuai,Single/Mid,Inbred/Other,Enterprise,1,,1.0,True,False,False
6040,九稻601,国审稻20200306,2020.0,国审,,False,False,False,粳,,,604.48,12.54,龙稻20,565.44,7.56,145.1,,94.5,23.0,19.6,129.9,94.2,26.7,,,5.0,中感稻瘟病,,,,,,72.3,1.3,,15.0,70.0,1.9,7.0,2.0,《食用稻品种品质》,False,吉林市农业科学院,430,Other/Unspecified,Unspecified,Inbred/Other,Public,1,1.0,1.0,True,False,False
6174,中科发7号,国审稻20200307,2020.0,国审,,False,False,False,粳,,,577.17,9.01,龙稻20,546.9,4.0,149.6,,106.9,25.3,17.1,117.7,83.5,25.3,,,3.0,中抗稻瘟病,,,,,,67.8,3.6,,14.2,72.0,2.1,3.7,,,False,中国科学院遗传与发育生物学研究所、中国科学院北方粳稻分子育种联合研究中心,396,Other/Unspecified,Unspecified,Inbred/Other,Public,2,,1.0,False,False,False
3132,旱优3015,国审稻20200312,2020.0,国审,,True,True,False,籼,,,549.29,4.47,旱优73,553.4,4.0,111.7,,106.8,21.2,23.2,146.2,85.8,26.2,,,7.0,感稻瘟病,7.0,感白叶枯病,9.0,抽穗期耐热性较强,,51.1,4.8,21.0,16.6,53.0,3.4,6.5,,,False,上海市农业生物基因中心,491,Other/Unspecified,Unspecified,Three-line hybrid,Unknown,1,,0.0,True,False,False
3633,旱优116,国审稻20200313,2020.0,国审,,True,True,False,籼,,,549.65,4.54,旱优73,546.9,2.8,114.6,,119.0,17.4,24.0,165.9,88.4,28.7,,,7.0,感稻瘟病,9.0,高感白叶枯病,9.0,抽穗期耐热性较强,,49.0,6.1,,15.1,69.0,3.3,4.1,,,False,上海天谷生物科技股份有限公司,480,Other/Unspecified,Unspecified,Three-line hybrid,Enterprise,1,,0.0,True,False,False
5515,晶两优1212,国审稻20206001,2020.0,国审,,True,False,True,籼,双季,华南早籼组,530.03,0.59,天优华占,517.51,0.83,128.3,,111.9,18.7,24.0,157.8,84.3,23.8,,,3.0,中抗稻瘟病,7.0,感白叶枯病,,,,65.1,2.1,,13.9,78.0,3.1,6.4,2.0,《食用稻品种品质》,False,袁隆平农业高科技股份有限公司,436,South China,Early,Two-line hybrid,Enterprise,1,1.0,1.0,False,False,False
7065,陵两优1116,国审稻20206003,2020.0,国审,,True,False,True,籼,双季,长江中下游早籼早中熟组,539.71,8.15,中早35,588.27,7.62,109.9,,90.5,21.2,20.8,126.7,82.3,27.9,,,7.0,感稻瘟病,5.0,中感白叶枯病,,,,49.1,13.7,,14.3,78.0,3.0,5.2,,,False,袁隆平农业高科技股份有限公司,425,Middle-Lower Yangtze,Early,Two-line hybrid,Enterprise,1,,0.0,True,False,False
6104,锦两优128,国审稻20206004,2020.0,国审,,True,False,True,籼,双季,长江中下游早籼早中熟组,548.1,8.08,中早35,587.58,7.49,110.4,,88.0,20.1,18.5,137.4,82.6,26.3,,,7.0,感稻瘟病,7.0,感白叶枯病,,,,58.6,37.2,,20.6,53.0,2.4,3.3,,,False,袁隆平农业高科技股份有限公司,424,Middle-Lower Yangtze,Early,Two-line hybrid,Enterprise,1,,0.0,True,False,False
6847,旌优312,国审稻20206010,2020.0,国审,,True,True,False,籼,中稻,长江上游中籼迟熟组,635.14,5.4,F优498,630.1,8.5,150.3,,117.5,14.8,25.9,216.2,83.5,24.8,,,5.0,中感稻瘟病,,,9.0,,耐冷性一般,55.0,2.0,,15.7,66.0,3.8,6.0,2.0,《食用稻品种品质》,False,湖南桃花源农业科技股份有限公司,426,Upper Yangtze,Single/Mid,Three-line hybrid,Enterprise,1,1.0,1.0,True,False,False
7744,旌优348,国审稻20206011,2020.0,国审,,True,True,False,籼,中稻,长江上游中籼迟熟组,635.99,5.7,F优498,630.4,8.5,150.5,,115.9,15.4,24.5,194.6,84.1,25.8,,,5.0,中感稻瘟病,,,9.0,,耐冷性一般,67.9,1.5,,13.8,80.0,4.2,5.0,3.0,《食用稻品种品质》,False,湖南桃花源农业科技股份有限公司,427,Upper Yangtze,Single/Mid,Three-line hybrid,Enterprise,1,0.0,1.0,True,False,False
6074,金龙优548,国审稻20206014,2020.0,国审,,True,True,False,籼,中稻,长江上游中籼迟熟组,658.48,5.17,F优498,661.14,4.77,150.9,,118.9,15.3,24.4,184.0,85.6,27.8,,,7.0,感稻瘟病,,,9.0,抽穗期耐热性较强,耐冷性较强,64.7,3.5,,14.5,66.0,3.3,5.0,3.0,《食用稻品种品质》,False,中国种子集团有限公司,443,Upper Yangtze,Single/Mid,Three-line hybrid,Enterprise,1,0.0,0.0,True,False,False
425,荃优1606,国审稻20206016,2020.0,国审,,True,True,False,籼,中稻,长江上游中籼迟熟组,658.46,5.0,F优498,675.67,4.48,151.3,,112.8,14.9,25.8,205.1,87.6,27.3,,,5.0,中感稻瘟病,7.0,感白叶枯病,9.0,抽穗期耐热性较强,耐冷性一般,63.6,0.6,,17.5,74.5,3.0,6.9,1.0,《食用稻品种品质》,True,安徽荃银高科种业股份有限公司,872,Upper Yangtze,Single/Mid,Three-line hybrid,Enterprise,1,1.0,1.0,True,False,False
4747,Q两优851,国审稻20206017,2020.0,国审,,True,False,True,籼,中稻,长江上游中籼迟熟组,657.98,4.76,F优498,675.07,4.14,151.5,,104.3,15.7,22.8,215.8,84.6,24.7,,,7.0,感稻瘟病,,,9.0,抽穗期耐热性较强,耐冷性中等,69.9,0.7,,20.0,62.0,3.2,5.9,3.0,《食用稻品种品质》,True,安徽荃银高科种业股份有限公司,453,Upper Yangtze,Single/Mid,Two-line hybrid,Enterprise,1,0.0,0.0,True,False,False
4446,九优27占,国审稻20206018,2020.0,国审,,True,True,False,籼,中稻,长江上游中籼迟熟组,669.2,3.3,F优498,611.48,1.56,152.3,,107.1,16.3,23.2,173.2,87.0,28.9,,,7.0,感稻瘟病,7.0,感白叶枯病,9.0,抽穗期耐热性强,耐冷性一般,62.7,3.0,,17.3,77.0,3.0,6.8,2.0,《食用稻品种品质》,True,安徽荃银高科种业股份有限公司,844,Upper Yangtze,Single/Mid,Three-line hybrid,Enterprise,1,1.0,0.0,True,False,False
3972,荃两优丝苗,国审稻20206019,2020.0,国审,,True,False,True,籼,中稻,长江上游中籼迟熟组,662.43,5.67,F优498,654.74,4.54,151.3,,111.9,15.3,22.5,218.1,86.3,25.1,,,5.0,中感稻瘟病,,,9.0,抽穗期耐热性较强,耐冷性较强,68.9,1.0,,17.2,66.0,2.9,7.0,1.0,《食用稻品种品质》,True,安徽荃银高科种业股份有限公司,445,Upper Yangtze,Single/Mid,Two-line hybrid,Enterprise,1,1.0,1.0,True,False,False
3825,荃两优851,国审稻20206020,2020.0,国审,,True,False,True,籼,中稻,长江上游中籼迟熟组,655.16,4.43,F优498,650.14,3.82,152.1,,109.4,15.2,21.8,218.3,84.3,25.8,,,5.0,中感稻瘟病,,,9.0,抽穗期耐热性较强,耐冷性较弱,67.4,1.2,,16.9,70.5,2.9,7.0,2.0,《食用稻品种品质》,True,安徽荃银高科种业股份有限公司,451,Upper Yangtze,Single/Mid,Two-line hybrid,Enterprise,1,1.0,1.0,True,False,False
4944,荃优569,国审稻20206021,2020.0,国审,,True,True,False,籼,中稻,长江上游中籼迟熟组,660.19,5.31,F优498,652.6,4.07,150.5,,115.7,14.4,25.1,185.6,87.9,31.3,,,7.0,感稻瘟病,,,9.0,抽穗期耐热性强,耐冷性中等,71.9,0.1,,17.5,70.5,3.1,6.9,2.0,《食用稻品种品质》,True,安徽荃银高科种业股份有限公司,446,Upper Yangtze,Single/Mid,Three-line hybrid,Enterprise,1,1.0,0.0,True,False,False
4495,恒丰优粤农丝苗,国审稻20206022,2020.0,国审,,True,True,False,籼,中稻,长江上游中籼迟熟组,646.08,2.45,F优498,612.91,3.18,147.6,,107.9,16.3,22.3,183.5,91.6,25.4,,,7.0,感稻瘟病,,,9.0,抽穗期耐热性较强,耐冷性较强,61.1,3.9,,14.6,69.0,3.4,5.1,3.0,《食用稻品种品质》,False,北京金色农华种业科技股份有限公司,440,Upper Yangtze,Single/Mid,Three-line hybrid,Enterprise,1,0.0,0.0,True,False,False
4294,C两优丝苗,国审稻20206025,2020.0,国审,,True,False,True,籼,中稻,长江上游中籼迟熟组,654.86,4.25,F优498,618.66,4.15,152.0,,112.3,16.5,23.3,193.2,90.7,24.3,,,5.0,中感稻瘟病,,,9.0,抽穗期耐热性较强,耐冷性一般,64.4,2.3,,15.0,63.0,3.0,5.0,3.0,《食用稻品种品质》,True,北京金色农华种业科技股份有限公司,443,Upper Yangtze,Single/Mid,Two-line hybrid,Enterprise,1,0.0,1.0,True,False,False
7195,C两优粤农丝苗,国审稻20206026,2020.0,国审,,True,False,True,籼,中稻,长江上游中籼迟熟组,646.56,2.93,F优498,612.31,3.08,152.4,,109.3,16.5,22.7,192.6,91.0,24.7,,,5.0,中感稻瘟病,,,9.0,抽穗期耐热性较强,耐冷性一般,64.0,2.3,,15.1,71.0,3.0,6.0,2.0,《食用稻品种品质》,False,北京金色农华种业科技股份有限公司,443,Upper Yangtze,Single/Mid,Two-line hybrid,Enterprise,1,1.0,1.0,True,False,False
4034,荃优锦禾,国审稻20206028,2020.0,国审,,True,True,False,籼,中稻,长江上游中籼迟熟组,637.48,1.49,F优498,604.53,1.77,152.0,,112.9,14.6,24.0,175.0,90.4,29.4,,,5.0,中感稻瘟病,,,9.0,抽穗期耐热性强,耐冷性一般,59.9,2.3,,17.5,60.0,3.0,6.5,2.0,《食用稻品种品质》,True,北京金色农华种业科技股份有限公司,443,Upper Yangtze,Single/Mid,Three-line hybrid,Enterprise,1,1.0,1.0,True,False,False
4305,玮两优1019,国审稻20206029,2020.0,国审,,True,False,True,籼,中稻,长江上游中籼迟熟组,661.19,5.4,F优498,656.1,4.78,151.8,,113.2,16.0,23.4,185.1,86.4,28.4,,,5.0,中感稻瘟病,9.0,高感白叶枯病,9.0,抽穗期耐热性较强,耐冷性较强,64.0,0.9,,16.4,79.0,3.1,4.5,,,False,广西恒茂农业科技有限公司,820,Upper Yangtze,Single/Mid,Two-line hybrid,Enterprise,1,,1.0,True,False,False
6619,扬籼优919,国审稻20206031,2020.0,国审,,True,True,False,籼,中稻,长江上游中籼迟熟组,660.92,5.57,F优498,645.58,2.93,153.3,,120.6,14.2,23.4,205.0,85.8,29.4,,,5.0,中感稻瘟病,,,9.0,抽穗期耐热性较强,耐冷性中等,59.5,1.7,,18.3,79.0,2.6,6.5,2.0,《食用稻品种品质》,False,湖北省种子集团有限公司,444,Upper Yangtze,Single/Mid,Three-line hybrid,Enterprise,1,1.0,1.0,True,False,False
3964,荃优325,国审稻20206032,2020.0,国审,,True,True,False,籼,中稻,长江上游中籼迟熟组,672.33,3.43,F优498,613.31,1.43,151.8,,109.8,15.8,24.0,184.3,86.9,27.3,,,5.0,感稻瘟病,7.0,感白叶枯病,9.0,抽穗期耐热性较强,耐冷性一般,62.0,2.0,,16.2,82.0,3.1,6.1,2.0,《食用稻品种品质》,True,湖北省种子集团有限公司,844,Upper Yangtze,Single/Mid,Three-line hybrid,Enterprise,1,1.0,1.0,True,False,False
6307,科两优3090,国审稻20206034,2020.0,国审,,True,False,True,籼,中稻,长江上游中籼迟熟组,634.19,3.79,F优498,594.47,4.48,150.7,,112.9,14.5,24.9,212.5,85.5,24.9,,,,感稻瘟病,5.0,中感白叶枯病,9.0,抽穗期耐热性较强,耐冷性一般,65.6,1.3,,15.6,70.0,3.3,6.5,2.0,《食用稻品种品质》,False,湖南科裕隆种业有限公司,828,Upper Yangtze,Single/Mid,Two-line hybrid,Enterprise,1,1.0,,True,False,False
5323,B两优028,国审稻20206037,2020.0,国审,,True,False,True,籼,中稻,长江上游中籼迟熟组,605.36,4.75,F优498,596.98,3.45,153.0,,114.2,14.2,24.7,198.9,82.4,27.9,,,7.0,感稻瘟病,5.0,中感白叶枯病,9.0,抽穗期耐热性较强,耐冷性较弱,66.1,2.0,,18.8,50.0,3.1,5.2,3.0,《食用稻品种品质》,False,湖南希望种业科技股份有限公司,862,Upper Yangtze,Single/Mid,Two-line hybrid,Enterprise,1,0.0,0.0,True,False,False
7722,B两优851,国审稻20206039,2020.0,国审,,True,False,True,籼,中稻,长江中下游中籼迟熟组,651.94,3.79,丰两优四号,674.61,4.11,130.5,,117.8,16.9,25.8,213.2,85.7,24.0,,,7.0,感稻瘟病,5.0,中感白叶枯病,9.0,抽穗期耐热性强,耐冷性较弱,61.8,1.1,,18.6,78.0,3.5,6.7,2.0,《食用稻品种品质》,False,湖南希望种业科技股份有限公司,864,Middle-Lower Yangtze,Single/Mid,Two-line hybrid,Enterprise,1,1.0,0.0,True,False,False
5137,泰香优5318,国审稻20206040,2020.0,国审,,True,True,False,籼,中稻,长江上游中籼迟熟组,598.16,3.51,F优498,598.49,3.71,147.5,,112.7,15.5,24.4,186.2,84.7,24.9,,,5.0,中感稻瘟病,,,9.0,抽穗期耐热性较强,耐冷性较强,66.1,0.3,,15.1,70.0,3.4,6.8,2.0,《食用稻品种品质》,False,湖南希望种业科技股份有限公司,444,Upper Yangtze,Single/Mid,Three-line hybrid,Enterprise,1,1.0,1.0,True,False,False
6112,望两优851,国审稻20206041,2020.0,国审,,True,False,True,籼,中稻,长江上游中籼迟熟组,610.17,5.58,F优498,591.73,3.57,149.0,,108.7,15.4,25.8,195.8,86.0,25.0,,,5.0,中感稻瘟病,9.0,高感白叶枯病,9.0,抽穗期耐热性强,耐冷性一般,63.7,1.0,,15.7,76.0,3.3,7.0,2.0,《食用稻品种品质》,False,湖南希望种业科技股份有限公司,1260,Upper Yangtze,Single/Mid,Two-line hybrid,Enterprise,1,1.0,1.0,True,False,False
3795,赣优735,国审稻20206042,2020.0,国审,,True,True,False,籼,中稻,长江上游中籼迟熟组,652.06,3.92,F优498,644.95,3.08,151.6,,119.4,14.8,22.4,223.9,77.0,27.7,,,3.0,中抗稻瘟病,,,9.0,抽穗期耐热性一般,耐冷性一般,69.0,1.1,,16.2,66.0,3.0,7.0,2.0,《食用稻品种品质》,False,江苏中江种业股份有限公司,442,Upper Yangtze,Single/Mid,Three-line hybrid,Enterprise,1,1.0,1.0,False,False,False
6193,荃9优063,国审稻20206043,2020.0,国审,,True,True,False,籼,中稻,长江上游中籼迟熟组,672.36,7.2,F优498,678.69,4.8,151.0,,111.2,15.0,22.6,210.6,86.7,27.0,,,5.0,中感稻瘟病,,,9.0,抽穗期耐热性较强,耐冷性一般,47.6,3.0,,24.3,69.0,3.0,6.9,,,True,江苏中江种业股份有限公司,427,Upper Yangtze,Single/Mid,Three-line hybrid,Enterprise,1,,1.0,True,False,False
7327,冈8优851,国审稻20206045,2020.0,国审,,True,True,False,籼,中稻,长江上游中籼迟熟组,631.17,6.03,F优498,651.58,6.93,148.9,,111.7,13.2,21.5,229.7,84.0,26.8,,,5.0,中感稻瘟病,,,9.0,抽穗期耐热性较强,耐冷性一般,67.1,10.9,,20.0,39.0,2.4,5.0,,,False,科荟种业股份有限公司,423,Upper Yangtze,Single/Mid,Three-line hybrid,Enterprise,1,,1.0,True,False,False
7783,智两优533,国审稻20206049,2020.0,国审,,True,False,True,籼,中稻,长江上游中籼迟熟组,622.33,4.55,F优498,648.71,6.45,150.0,,113.0,15.9,21.9,194.6,84.3,25.7,,,5.0,中感稻瘟病,,,9.0,抽穗期耐热性较强,耐冷性一般,70.7,0.9,,14.5,85.0,3.0,6.0,2.0,《食用稻品种品质》,False,科荟种业股份有限公司,442,Upper Yangtze,Single/Mid,Two-line hybrid,Enterprise,1,1.0,1.0,True,False,False
7081,隆两优1308,国审稻20206050,2020.0,国审,,True,False,True,籼,中稻,长江上游中籼迟熟组,642.54,0.78,F优498,623.96,0.98,153.3,,121.3,14.8,24.9,185.1,84.6,28.3,,,5.0,中感稻瘟病,,,9.0,抽穗期耐热性一般,耐冷性一般,65.2,2.2,,15.2,71.0,3.0,5.0,3.0,《食用稻品种品质》,False,袁隆平农业高科技股份有限公司,446,Upper Yangtze,Single/Mid,Two-line hybrid,Enterprise,1,0.0,1.0,True,False,False
7430,亮两优70122,国审稻20206051,2020.0,国审,,True,False,True,籼,中稻,长江上游中籼迟熟组,617.68,-3.13,F优498,632.85,0.43,150.8,,109.7,16.0,25.2,195.1,83.7,25.6,,,7.0,感稻瘟病,5.0,中感白叶枯病,9.0,抽穗期耐热性较强,耐冷性一般,60.6,0.9,,15.6,61.0,3.5,7.0,1.0,《食用稻品种品质》,False,袁隆平农业高科技股份有限公司,861,Upper Yangtze,Single/Mid,Two-line hybrid,Enterprise,1,1.0,0.0,True,False,False
7862,梦两优5208,国审稻20206054,2020.0,国审,,True,False,True,籼,中稻,长江上游中籼迟熟组,652.15,0.67,F优498,605.2,0.51,155.4,,112.5,16.7,23.1,183.2,86.8,25.7,,,5.0,中感稻瘟病,,,9.0,抽穗期耐热性较强,耐冷性一般,58.8,1.5,,15.9,78.0,3.0,6.0,2.0,《食用稻品种品质》,False,袁隆平农业高科技股份有限公司,441,Upper Yangtze,Single/Mid,Two-line hybrid,Enterprise,1,1.0,1.0,True,False,False
5007,晶两优8612,国审稻20206055,2020.0,国审,,True,False,True,籼,中稻,长江上游中籼迟熟组,635.86,-0.2,F优498,646.22,0.34,153.7,,112.1,15.4,24.8,206.2,83.6,25.7,,,3.0,中抗稻瘟病,,,9.0,抽穗期耐热性较强,耐冷性较弱,66.1,2.2,,14.7,73.0,3.0,6.0,2.0,《食用稻品种品质》,False,袁隆平农业高科技股份有限公司,445,Upper Yangtze,Single/Mid,Two-line hybrid,Enterprise,1,1.0,1.0,False,False,False
6685,领优华占,国审稻20206056,2020.0,国审,,True,True,False,籼,中稻,长江上游中籼迟熟组,669.57,5.03,F优498,660.75,3.39,147.6,,102.3,16.5,22.3,189.6,85.7,25.4,,,7.0,感稻瘟病,7.0,感白叶枯病,9.0,抽穗期耐热性一般,耐冷性一般,61.6,6.1,,15.7,78.0,3.2,5.8,3.0,《食用稻品种品质》,False,袁隆平农业高科技股份有限公司,837,Upper Yangtze,Single/Mid,Three-line hybrid,Enterprise,1,0.0,0.0,True,False,False
6075,隆两优5438,国审稻20206057,2020.0,国审,,True,False,True,籼,中稻,长江上游中籼迟熟组,660.91,3.65,F优498,657.55,2.1,153.1,,114.9,15.3,23.9,195.5,85.3,26.8,,,5.0,中感稻瘟病,,,9.0,抽穗期耐热性较强,耐冷性一般,64.6,2.0,,14.2,82.0,3.0,3.7,,,False,袁隆平农业高科技股份有限公司,428,Upper Yangtze,Single/Mid,Two-line hybrid,Enterprise,1,,1.0,True,False,False
6894,韵两优827,国审稻20206058,2020.0,国审,,True,False,True,籼,中稻,长江上游中籼迟熟组,644.65,1.19,F优498,664.04,3.11,149.2,,103.5,16.8,22.8,187.1,88.6,24.2,,,7.0,感稻瘟病,,,9.0,抽穗期耐热性强,耐冷性一般,62.7,3.0,,14.7,65.0,2.9,6.0,2.0,《食用稻品种品质》,False,袁隆平农业高科技股份有限公司,442,Upper Yangtze,Single/Mid,Two-line hybrid,Enterprise,1,1.0,0.0,True,False,False
7553,晶两优1237,国审稻20206059,2020.0,国审,,True,False,True,籼,中稻,长江上游中籼迟熟组,627.26,-1.85,F优498,627.8,1.53,155.1,,110.5,16.7,24.0,192.8,82.0,24.8,,,5.0,中感稻瘟病,,,9.0,抽穗期耐热性强,耐冷性一般,67.9,1.3,,15.1,87.0,2.9,6.0,2.0,《食用稻品种品质》,False,袁隆平农业高科技股份有限公司,445,Upper Yangtze,Single/Mid,Two-line hybrid,Enterprise,1,1.0,1.0,True,False,False
4337,玮两优1273,国审稻20206060,2020.0,国审,,True,False,True,籼,中稻,长江上游中籼迟熟组,668.26,3.3,F优498,613.51,1.46,153.9,,110.4,16.4,23.9,168.3,88.3,28.8,,,7.0,感稻瘟病,,,9.0,抽穗期耐热性较强,耐冷性较强,61.4,3.6,,14.5,89.0,3.0,3.6,,,False,袁隆平农业高科技股份有限公司,427,Upper Yangtze,Single/Mid,Two-line hybrid,Enterprise,1,,0.0,True,False,False
6308,晶两优1468,国审稻20206061,2020.0,国审,,True,False,True,籼,中稻,长江上游中籼迟熟组,653.49,-0.37,F优498,645.98,0.4,154.0,,111.4,16.6,24.2,190.2,86.5,24.8,,,7.0,感稻瘟病,,,9.0,抽穗期耐热性较强,耐冷性一般,67.7,0.9,,15.0,81.0,2.9,6.8,1.0,《食用稻品种品质》,False,袁隆平农业高科技股份有限公司,446,Upper Yangtze,Single/Mid,Two-line hybrid,Enterprise,1,1.0,0.0,True,False,False
7554,晶两优1988,国审稻20206062,2020.0,国审,,True,False,True,籼,中稻,长江上游中籼迟熟组,640.24,-2.39,F优498,652.42,1.4,155.0,,114.1,16.1,24.6,190.3,82.0,26.6,,,3.0,中抗稻瘟病,,,9.0,抽穗期耐热性强,耐冷性一般,64.8,2.8,,14.3,81.0,2.8,6.0,2.0,《食用稻品种品质》,False,袁隆平农业高科技股份有限公司,446,Upper Yangtze,Single/Mid,Two-line hybrid,Enterprise,1,1.0,1.0,False,False,False
5073,泸两优晶灵,国审稻20206065,2020.0,国审,,True,False,True,籼,中稻,长江上游中籼迟熟组,640.78,3.47,F优498,650.17,3.06,149.1,,117.2,15.4,24.1,192.1,87.0,26.0,,,7.0,感稻瘟病,,,9.0,抽穗期耐热性一般,耐冷性较强,67.7,3.4,,14.1,72.0,3.0,5.8,3.0,《食用稻品种品质》,False,中国种子集团有限公司,442,Upper Yangtze,Single/Mid,Two-line hybrid,Enterprise,1,0.0,0.0,True,False,False
6596,香龙优2018,国审稻20206066,2020.0,国审,,True,True,False,籼,中稻,长江上游中籼迟熟组,639.76,3.3,F优498,643.09,3.37,149.0,,112.6,14.6,24.2,191.1,84.7,28.4,,,7.0,感稻瘟病,,,9.0,抽穗期耐热性较弱,耐冷性一般,60.1,1.4,,17.7,62.0,3.0,6.8,2.0,《食用稻品种品质》,False,中国种子集团有限公司,445,Upper Yangtze,Single/Mid,Three-line hybrid,Enterprise,1,1.0,0.0,True,False,False
3591,川种优3607,国审稻20206067,2020.0,国审,,True,True,False,籼,中稻,长江上游中籼迟熟组,649.5,4.23,F优498,669.46,5.7,152.7,,110.3,15.1,26.2,206.6,86.6,25.6,,,7.0,感稻瘟病,7.0,感白叶枯病,9.0,抽穗期耐热性较强,,65.6,1.5,,15.9,73.0,3.3,6.0,2.0,《食用稻品种品质》,False,中国种子集团有限公司,862,Upper Yangtze,Single/Mid,Three-line hybrid,Enterprise,1,1.0,0.0,True,False,False
4680,金龙优2018,国审稻20206068,2020.0,国审,,True,True,False,籼,中稻,长江上游中籼迟熟组,643.83,3.31,F优498,664.05,4.64,149.9,,112.8,15.0,24.2,201.4,84.5,26.7,,,7.0,感稻瘟病,,,9.0,抽穗期耐热性一般,耐冷性较弱,68.0,0.7,,16.0,73.0,3.2,6.0,1.0,《食用稻品种品质》,False,中国种子集团有限公司,445,Upper Yangtze,Single/Mid,Three-line hybrid,Enterprise,1,1.0,0.0,True,False,False
3602,荃优967,国审稻20206069,2020.0,国审,,True,True,False,籼,中稻,长江上游中籼迟熟组,652.59,4.72,F优498,657.01,3.78,151.7,,114.3,14.4,24.4,194.8,87.7,27.7,,,5.0,中感稻瘟病,,,9.0,抽穗期耐热性较强,耐冷性一般,68.7,2.6,,16.5,60.0,3.0,6.2,2.0,《食用稻品种品质》,True,中国种子集团有限公司,446,Upper Yangtze,Single/Mid,Three-line hybrid,Enterprise,1,1.0,1.0,True,False,False
4430,锦城优雅禾,国审稻20206073,2020.0,国审,,True,True,False,籼,中稻,长江上游中籼迟熟组,650.1,3.1,F优498,623.3,3.5,152.5,,113.5,15.9,25.6,170.3,87.8,29.4,,,7.0,感稻瘟病,,,9.0,抽穗期耐热性较弱,耐冷性一般,63.9,0.5,,17.8,78.0,2.9,6.2,1.0,《食用稻品种品质》,False,四川国豪种业股份有限公司,433,Upper Yangtze,Single/Mid,Three-line hybrid,Enterprise,1,1.0,0.0,True,False,False
4201,Q两优1606,国审稻20206074,2020.0,国审,,True,False,True,籼,中稻,长江中下游中籼迟熟组,658.32,3.75,丰两优四号,657.36,5.03,131.3,,118.3,15.2,27.1,224.6,83.2,24.2,,,,中抗稻瘟病,7.0,感白叶枯病,9.0,抽穗期耐热性强,,69.2,0.6,,15.7,78.0,3.1,6.9,1.0,《食用稻品种品质》,True,安徽荃银高科种业股份有限公司,456,Middle-Lower Yangtze,Single/Mid,Two-line hybrid,Enterprise,1,1.0,,False,False,False
7407,Q两优165,国审稻20206075,2020.0,国审,,True,False,True,籼,中稻,长江中下游中籼迟熟组,671.39,5.75,丰两优四号,657.48,5.19,133.7,,118.2,16.3,25.6,211.3,81.6,25.5,,,,中感稻瘟病,7.0,感白叶枯病,9.0,抽穗期耐热性较强,,66.2,0.5,,16.5,78.0,3.3,5.4,3.0,《食用稻品种品质》,True,安徽荃银高科种业股份有限公司,456,Middle-Lower Yangtze,Single/Mid,Two-line hybrid,Enterprise,1,0.0,,True,False,False
3856,荃两优1606,国审稻20206076,2020.0,国审,,True,False,True,籼,中稻,长江中下游中籼迟熟组,650.99,2.96,丰两优四号,626.31,1.51,129.5,,124.0,14.6,25.9,220.0,87.0,25.2,,,,中感稻瘟病,7.0,感白叶枯病,9.0,抽穗期耐热性较强,,66.0,1.2,,16.0,70.0,3.1,6.9,2.0,《食用稻品种品质》,True,安徽荃银高科种业股份有限公司,458,Middle-Lower Yangtze,Single/Mid,Two-line hybrid,Enterprise,1,1.0,,True,False,False
1346,荃优169,国审稻20206077,2020.0,国审,,True,True,False,籼,中稻,长江中下游中籼迟熟组,647.98,2.28,丰两优四号,648.47,5.22,127.1,,115.3,16.2,25.7,179.4,88.1,27.0,,,,中感稻瘟病,7.0,感白叶枯病,9.0,抽穗期耐热性较强,,64.2,0.2,,16.2,71.0,3.1,7.0,1.0,《食用稻品种品质》,True,安徽荃银高科种业股份有限公司,457,Middle-Lower Yangtze,Single/Mid,Three-line hybrid,Enterprise,1,1.0,,True,False,False
3387,荃优洁田一号,国审稻20206078,2020.0,国审,,True,True,False,籼,中稻,长江中下游中籼迟熟组,672.87,3.46,丰两优四号,625.86,2.63,130.5,,118.7,16.0,26.2,194.2,84.0,27.0,,,,高感稻瘟病,7.0,感白叶枯病,9.0,抽穗期耐热性差,,56.2,3.6,,15.7,80.0,3.3,6.5,3.0,《食用稻品种品质》,True,安徽荃银高科种业股份有限公司,454,Middle-Lower Yangtze,Single/Mid,Three-line hybrid,Enterprise,1,0.0,,True,False,False
4761,徽两优广丝苗,国审稻20206079,2020.0,国审,,True,False,True,籼,中稻,长江中下游中籼迟熟组,659.29,4.76,丰两优四号,655.01,2.65,132.6,,116.9,16.1,24.8,210.3,86.4,24.4,,,5.0,中感稻瘟病,7.0,感白叶枯病,9.0,抽穗期耐热性较强,,63.9,1.6,,14.3,74.0,3.4,6.1,2.0,《食用稻品种品质》,False,北京金色农华种业科技股份有限公司,454,Middle-Lower Yangtze,Single/Mid,Two-line hybrid,Enterprise,1,1.0,1.0,True,False,False
6113,浩两优1209,国审稻20206080,2020.0,国审,,True,False,True,籼,中稻,长江中下游中籼迟熟组,664.74,4.89,丰两优四号,651.46,5.76,130.5,,117.0,17.4,25.6,184.5,85.9,25.7,,,5.0,中感稻瘟病,7.0,感白叶枯病,9.0,抽穗期耐热性较强,,69.8,4.3,,22.7,85.0,3.3,5.9,,,False,广西恒茂农业科技有限公司,434,Middle-Lower Yangtze,Single/Mid,Two-line hybrid,Enterprise,1,,1.0,True,False,False
7367,富两优508,国审稻20206081,2020.0,国审,,True,False,True,籼,中稻,长江中下游中籼迟熟组,681.4,8.37,丰两优四号,671.9,7.1,133.7,,115.3,17.5,23.8,199.0,85.4,23.6,,,,中感稻瘟病,7.0,感白叶枯病,9.0,抽穗期耐热性较强,,70.0,1.4,,16.0,67.7,3.1,6.8,2.0,《食用稻品种品质》,False,合肥丰乐种业股份有限公司,449,Middle-Lower Yangtze,Single/Mid,Two-line hybrid,Enterprise,1,1.0,,True,False,False
7040,两优5398,国审稻20206083,2020.0,国审,,True,False,True,籼,中稻,长江中下游中籼迟熟组,644.8,5.0,丰两优四号,660.3,5.3,133.3,,128.7,16.0,25.4,224.3,82.2,24.0,,,,中感稻瘟病,7.0,感白叶枯病,7.0,抽穗期耐热性较强,,64.9,2.9,,12.2,69.0,3.2,4.3,,,False,合肥丰乐种业股份有限公司,426,Middle-Lower Yangtze,Single/Mid,Two-line hybrid,Enterprise,1,,,True,False,False
7353,萍两优航1573,国审稻20206084,2020.0,国审,,True,False,True,籼,中稻,长江中下游中籼迟熟组,649.1,3.2,丰两优四号,643.2,2.5,134.5,,117.7,16.6,24.9,210.0,83.4,23.2,,,7.0,感稻瘟病,7.0,感白叶枯病,9.0,抽穗期耐热性强,,65.4,2.8,,18.1,67.3,3.2,6.9,2.0,《食用稻品种品质》,False,合肥丰乐种业股份有限公司,444,Middle-Lower Yangtze,Single/Mid,Two-line hybrid,Enterprise,1,1.0,0.0,True,False,False
3614,红两优1566,国审稻20206087,2020.0,国审,,True,False,True,籼,中稻,长江中下游中籼迟熟组,664.83,3.58,丰两优四号,645.45,3.39,131.6,,117.3,,24.4,,84.7,26.7,,,7.0,感稻瘟病,9.0,高感白叶枯病,9.0,抽穗期耐热性强,,61.5,2.0,,15.3,60.0,3.6,6.0,2.0,《食用稻品种品质》,False,湖南奥谱隆科技股份有限公司,446,Middle-Lower Yangtze,Single/Mid,Two-line hybrid,Enterprise,1,1.0,0.0,True,False,False
3988,和两优晶丝,国审稻20206090,2020.0,国审,,True,False,True,籼,中稻,长江中下游中籼迟熟组,696.3,4.18,丰两优四号,669.5,4.2,132.0,,117.5,17.5,24.8,212.3,86.3,23.1,,,3.0,中抗稻瘟病,7.0,感白叶枯病,9.0,抽穗期耐热性一般,,69.1,2.0,,17.7,60.0,4.0,6.5,2.0,《食用稻品种品质》,False,湖南桃花源农业科技股份有限公司,851,Middle-Lower Yangtze,Single/Mid,Two-line hybrid,Enterprise,1,1.0,1.0,False,False,False
7162,N两优026,国审稻20206091,2020.0,国审,,True,False,True,籼,中稻,长江中下游中籼迟熟组,662.63,5.62,丰两优四号,681.6,5.16,130.1,,112.4,16.3,25.9,214.2,84.5,24.8,,,7.0,感稻瘟病,7.0,感白叶枯病,9.0,抽穗期耐热性较强,,63.2,0.4,,15.6,78.0,3.3,6.8,1.0,《食用稻品种品质》,False,湖南希望种业科技股份有限公司,454,Middle-Lower Yangtze,Single/Mid,Two-line hybrid,Enterprise,1,1.0,0.0,True,False,False
6939,卓两优0985,国审稻20206092,2020.0,国审,,True,False,True,籼,中稻,长江中下游中籼迟熟组,658.58,4.7,丰两优四号,680.78,5.06,134.7,,111.1,15.5,25.1,271.9,77.0,22.4,,,5.0,中感稻瘟病,7.0,感白叶枯病,9.0,抽穗期耐热性较强,,62.3,0.3,,15.3,78.0,3.4,6.8,1.0,《食用稻品种品质》,False,湖南希望种业科技股份有限公司,456,Middle-Lower Yangtze,Single/Mid,Two-line hybrid,Enterprise,1,1.0,1.0,True,False,False
6883,荃9优607,国审稻20206093,2020.0,国审,,True,True,False,籼,中稻,,640.4,5.5,丰两优四号,656.7,6.0,131.3,-1.7,128.8,15.9,24.4,189.0,82.6,27.5,,,,感稻瘟病,3.0,中抗白叶枯病,9.0,抽穗期耐热性5级,,56.6,2.9,16.0,15.3,70.0,3.3,5.5,3.0,《食用稻品种品质》,True,江苏红旗种业股份有限公司,480,Other/Unspecified,Single/Mid,Three-line hybrid,Enterprise,1,0.0,,True,False,False
4163,泰优6365,国审稻20206094,2020.0,国审,,True,True,False,籼,中稻,,666.5,7.6,丰两优四号,650.4,4.9,125.2,-8.4,107.8,13.1,22.8,278.9,84.1,24.6,,,5.0,中感稻瘟病,5.0,中感白叶枯病,9.0,抽穗期耐热性5级,,54.0,2.4,18.0,14.6,68.0,2.6,6.4,3.0,《食用稻品种品质》,False,江苏红旗种业股份有限公司,483,Other/Unspecified,Single/Mid,Three-line hybrid,Enterprise,1,0.0,1.0,True,False,False
7041,民两优华占,国审稻20206095,2020.0,国审,,True,False,True,籼,中稻,长江中下游中籼迟熟组,628.91,7.73,丰两优四号,652.99,6.86,134.4,,120.7,17.7,25.0,194.5,83.2,23.6,,,5.0,中感稻瘟病,5.0,中感白叶枯病,9.0,抽穗期耐热性较强,,63.3,3.4,,19.8,67.0,3.3,5.0,3.0,《食用稻品种品质》,False,江苏中江种业股份有限公司,452,Middle-Lower Yangtze,Single/Mid,Two-line hybrid,Enterprise,1,0.0,1.0,True,False,False
6175,荃9优220,国审稻20206096,2020.0,国审,,True,True,False,籼,中稻,长江中下游中籼迟熟组,628.42,5.09,丰两优四号,642.68,4.29,131.5,,123.0,15.4,25.0,208.5,83.9,26.7,,,3.0,中抗稻瘟病,9.0,高感白叶枯病,9.0,抽穗期耐热性一般,,57.1,4.8,,14.1,76.0,3.1,5.0,3.0,《食用稻品种品质》,True,江苏中江种业股份有限公司,457,Middle-Lower Yangtze,Single/Mid,Three-line hybrid,Enterprise,1,0.0,1.0,False,False,False
6383,福泰736,国审稻20206098,2020.0,国审,,False,False,False,籼,中稻,长江中下游中籼迟熟组,620.97,1.62,丰两优四号,630.3,2.08,127.5,,114.6,15.9,24.7,216.9,86.9,22.3,,,9.0,高感稻瘟病,7.0,感白叶枯病,9.0,抽穗期耐热性一般,,70.1,2.8,,16.6,61.0,3.2,6.3,2.0,《食用稻品种品质》,False,科荟种业股份有限公司,450,Middle-Lower Yangtze,Single/Mid,Inbred/Other,Enterprise,1,1.0,0.0,True,False,False
7123,冈8优517,国审稻20206099,2020.0,国审,,True,True,False,籼,中稻,长江中下游中籼迟熟组,657.07,7.53,丰两优四号,659.27,6.77,133.5,,123.8,14.3,25.5,231.3,84.2,26.2,,,7.0,感稻瘟病,9.0,高感白叶枯病,9.0,抽穗期耐热性一般,,63.5,7.3,,23.8,40.0,2.5,4.0,,,False,科荟种业股份有限公司,432,Middle-Lower Yangtze,Single/Mid,Three-line hybrid,Enterprise,1,,0.0,True,False,False
7572,智两优615,国审稻20206102,2020.0,国审,,True,False,True,籼,中稻,长江中下游中籼迟熟组,651.34,6.59,丰两优四号,666.29,7.91,133.2,,119.9,16.4,25.2,207.4,86.9,24.7,,,9.0,高感稻瘟病,7.0,感白叶枯病,9.0,抽穗期耐热性较强,,67.5,2.9,,19.8,51.0,3.0,5.5,3.0,《食用稻品种品质》,False,科荟种业股份有限公司,453,Middle-Lower Yangtze,Single/Mid,Two-line hybrid,Enterprise,1,0.0,0.0,True,False,False
5487,龙两优粤禾丝苗,国审稻20206103,2020.0,国审,,True,False,True,籼,中稻,长江中下游中籼迟熟组,658.2,5.8,丰两优四号,640.5,4.3,135.5,,118.3,17.4,25.1,192.1,85.3,23.6,,,3.0,中抗稻瘟病,7.0,感白叶枯病,9.0,抽穗期耐热性较强,,68.9,1.4,,15.9,62.0,3.4,6.9,2.0,《食用稻品种品质》,False,四川国豪种业股份有限公司,443,Middle-Lower Yangtze,Single/Mid,Two-line hybrid,Enterprise,1,1.0,1.0,False,False,False
6185,兴农丝占,国审稻20206104,2020.0,国审,,False,False,False,籼,中稻,长江中下游中籼迟熟组,637.2,2.4,丰两优四号,616.8,0.4,129.2,,108.8,21.5,24.6,169.3,84.6,23.1,,,5.0,中感稻瘟病,5.0,中感白叶枯病,9.0,抽穗期耐热性较差,,66.8,0.3,,17.0,68.0,3.1,6.8,2.0,《食用稻品种品质》,False,四川国豪种业股份有限公司,446,Middle-Lower Yangtze,Single/Mid,Inbred/Other,Enterprise,1,1.0,1.0,True,False,False
5839,仲旺丝苗,国审稻20206105,2020.0,国审,,False,False,False,籼,中稻,长江中下游中籼迟熟组,636.4,2.3,丰两优四号,624.7,1.7,131.1,,109.2,21.8,23.7,172.3,85.1,21.9,,,5.0,中感稻瘟病,5.0,中感白叶枯病,9.0,抽穗期耐热性差,,62.5,1.4,,18.3,68.0,3.2,7.0,2.0,《食用稻品种品质》,False,四川国豪种业股份有限公司,443,Middle-Lower Yangtze,Single/Mid,Inbred/Other,Enterprise,1,1.0,1.0,True,False,False
3241,徽两优粤禾丝苗,国审稻20206106,2020.0,国审,,True,False,True,籼,中稻,长江中下游中籼迟熟组,673.52,5.47,丰两优四号,667.22,4.2,130.7,,117.9,17.1,24.3,205.7,88.4,25.0,,,5.0,中感稻瘟病,7.0,感白叶枯病,9.0,抽穗期耐热性较强,,65.1,0.5,,15.2,76.0,3.2,5.4,3.0,《食用稻品种品质》,False,西科农业集团股份有限公司,454,Middle-Lower Yangtze,Single/Mid,Two-line hybrid,Enterprise,1,0.0,1.0,True,False,False
5008,爽两优132,国审稻20206109,2020.0,国审,,True,False,True,籼,中稻,长江中下游中籼迟熟组,667.61,4.89,丰两优四号,687.7,6.75,134.8,,127.3,17.9,24.7,210.8,85.5,23.1,,,5.0,中感稻瘟病,5.0,中感白叶枯病,9.0,抽穗期耐热性较强,,69.7,0.8,,15.2,71.0,3.1,6.7,2.0,《食用稻品种品质》,False,西科农业集团股份有限公司,453,Middle-Lower Yangtze,Single/Mid,Two-line hybrid,Enterprise,1,1.0,1.0,True,False,False
7784,爽两优华占,国审稻20206110,2020.0,国审,,True,False,True,籼,中稻,长江中下游中籼迟熟组,673.14,5.76,丰两优四号,684.34,6.23,133.2,,124.9,17.8,24.7,209.4,85.5,23.6,,,5.0,中感稻瘟病,5.0,中感白叶枯病,9.0,抽穗期耐热性强,,71.1,0.9,,15.8,76.0,3.0,5.8,3.0,《食用稻品种品质》,False,西科农业集团股份有限公司,450,Middle-Lower Yangtze,Single/Mid,Two-line hybrid,Enterprise,1,0.0,1.0,True,False,False
3552,扬两优813,国审稻20206111,2020.0,国审,,True,False,True,籼,中稻,长江中下游中籼迟熟组,675.78,5.82,丰两优四号,659.34,2.97,132.6,,119.2,17.8,23.6,200.1,84.6,24.6,,,3.0,中抗稻瘟病,5.0,中感白叶枯病,9.0,抽穗期耐热性强,,64.9,1.6,,21.5,64.0,3.0,5.8,3.0,《食用稻品种品质》,False,西科农业集团股份有限公司,454,Middle-Lower Yangtze,Single/Mid,Two-line hybrid,Enterprise,1,0.0,1.0,False,False,False
6319,捷两优1187,国审稻20206112,2020.0,国审,,True,False,True,籼,中稻,长江中下游中籼迟熟组,678.69,6.69,丰两优四号,646.7,2.9,129.5,,119.5,17.3,25.8,199.8,87.3,24.9,,,5.0,中感稻瘟病,5.0,中感白叶枯病,9.0,抽穗期耐热性较强,,60.8,4.3,,17.8,61.0,3.2,7.0,3.0,《食用稻品种品质》,False,袁隆平农业高科技股份有限公司,456,Middle-Lower Yangtze,Single/Mid,Two-line hybrid,Enterprise,1,0.0,1.0,True,False,False
6139,捷两优8612,国审稻20206113,2020.0,国审,,True,False,True,籼,中稻,长江中下游中籼迟熟组,662.66,5.1,丰两优四号,643.24,2.05,127.2,,116.1,16.4,26.0,223.5,82.4,24.9,,,9.0,高感稻瘟病,5.0,中感白叶枯病,9.0,抽穗期耐热性较强,,64.5,3.4,,16.2,65.0,3.2,5.3,3.0,《食用稻品种品质》,False,袁隆平农业高科技股份有限公司,458,Middle-Lower Yangtze,Single/Mid,Two-line hybrid,Enterprise,1,0.0,0.0,True,False,False
3683,麟两优华占,国审稻20206116,2020.0,国审,,True,False,True,籼,中稻,长江中下游中籼迟熟组,709.37,9.81,丰两优四号,659.67,8.17,133.1,,119.9,17.6,25.9,206.0,81.9,24.1,,,5.0,中感稻瘟病,,,9.0,抽穗期耐热性较弱,,61.6,7.4,,14.8,68.0,3.3,4.2,,,False,袁隆平农业高科技股份有限公司,417,Middle-Lower Yangtze,Single/Mid,Two-line hybrid,Enterprise,1,,1.0,True,False,False
6055,绿银占,国审稻20206125,2020.0,国审,,False,False,False,籼,中稻,长江中下游中籼迟熟组,595.08,-3.88,丰两优四号,611.47,2.64,126.8,,117.0,15.8,24.1,188.8,86.1,24.6,,,5.0,中感稻瘟病,5.0,中感白叶枯病,9.0,抽穗期耐热性一般,,64.9,1.6,,16.4,63.0,3.2,6.7,2.0,《食用稻品种品质》,False,袁隆平农业高科技股份有限公司,450,Middle-Lower Yangtze,Single/Mid,Inbred/Other,Enterprise,1,1.0,1.0,True,False,False
1201,玮两优534,国审稻20206127,2020.0,国审,,True,False,True,籼,中稻,长江中下游中籼迟熟组,673.17,4.02,丰两优四号,620.61,2.63,132.6,,121.2,16.9,25.0,196.2,86.9,23.8,,,7.0,感稻瘟病,7.0,感白叶枯病,9.0,抽穗期耐热性强,,63.0,4.7,,14.0,80.0,3.3,5.1,3.0,《食用稻品种品质》,False,袁隆平农业高科技股份有限公司,453,Middle-Lower Yangtze,Single/Mid,Two-line hybrid,Enterprise,1,0.0,0.0,True,False,False
124,玮两优8612,国审稻20206128,2020.0,国审,,True,False,True,籼,中稻,长江中下游中籼迟熟组,670.52,6.3,丰两优四号,653.46,4.44,133.3,,122.6,15.4,25.8,212.3,84.3,25.8,,,3.0,中抗稻瘟病,7.0,感白叶枯病,9.0,抽穗期耐热性一般,,63.6,2.0,,16.0,68.0,3.2,3.6,,,False,袁隆平农业高科技股份有限公司,437,Middle-Lower Yangtze,Single/Mid,Two-line hybrid,Enterprise,1,,1.0,False,False,False
5039,亚两优丝苗,国审稻20206130,2020.0,国审,,True,False,True,籼,中稻,长江中下游中籼迟熟组,658.66,5.34,丰两优四号,613.48,3.34,132.0,,122.3,15.0,26.3,204.7,84.6,25.1,,,7.0,感稻瘟病,7.0,感白叶枯病,9.0,抽穗期耐热性较强,,61.4,10.5,,12.7,77.0,3.2,3.3,,,False,袁隆平农业高科技股份有限公司,431,Middle-Lower Yangtze,Single/Mid,Two-line hybrid,Enterprise,1,,0.0,True,False,False
6056,悦两优2646,国审稻20206132,2020.0,国审,,True,False,True,籼,中稻,长江中下游中籼迟熟组,616.08,-2.38,丰两优四号,644.51,3.01,134.9,,120.9,17.2,25.4,187.8,82.3,23.8,,,9.0,高感稻瘟病,7.0,感白叶枯病,9.0,抽穗期耐热性较强,,65.8,3.0,,14.2,71.0,3.4,6.0,2.0,《食用稻品种品质》,False,袁隆平农业高科技股份有限公司,455,Middle-Lower Yangtze,Single/Mid,Two-line hybrid,Enterprise,1,1.0,0.0,True,False,False
6833,悦两优5688,国审稻20206133,2020.0,国审,,True,False,True,籼,中稻,长江中下游中籼迟熟组,614.79,-2.71,丰两优四号,646.96,1.9,132.3,,113.0,17.9,23.7,190.6,86.3,22.1,,,7.0,感稻瘟病,7.0,感白叶枯病,9.0,抽穗期耐热性较强,,66.6,2.2,,13.1,76.0,3.3,6.2,2.0,《食用稻品种品质》,False,袁隆平农业高科技股份有限公司,455,Middle-Lower Yangtze,Single/Mid,Two-line hybrid,Enterprise,1,1.0,0.0,True,False,False
4164,悦两优8612,国审稻20206135,2020.0,国审,,True,False,True,籼,中稻,长江中下游中籼迟熟组,641.88,3.05,丰两优四号,641.69,1.07,129.9,,113.0,17.1,25.5,213.7,83.2,23.6,,,5.0,中感稻瘟病,7.0,感白叶枯病,9.0,抽穗期耐热性较强,,63.2,1.0,,16.0,64.0,3.3,5.0,3.0,《食用稻品种品质》,False,袁隆平农业高科技股份有限公司,455,Middle-Lower Yangtze,Single/Mid,Two-line hybrid,Enterprise,1,0.0,1.0,True,False,False
3661,臻两优5438,国审稻20206138,2020.0,国审,,True,False,True,籼,中稻,长江中下游中籼迟熟组,653.0,5.97,丰两优四号,646.04,1.98,133.1,,125.0,15.8,25.4,202.3,85.8,25.7,,,3.0,中抗稻瘟病,7.0,感白叶枯病,9.0,抽穗期耐热性较强,,66.9,2.3,,16.0,69.0,3.2,6.0,2.0,《食用稻品种品质》,False,袁隆平农业高科技股份有限公司,454,Middle-Lower Yangtze,Single/Mid,Two-line hybrid,Enterprise,1,1.0,1.0,False,False,False
438,臻两优8612,国审稻20206139,2020.0,国审,,True,False,True,籼,中稻,长江中下游中籼迟熟组,668.36,5.95,丰两优四号,657.06,5.02,133.8,,127.2,15.8,26.3,211.3,82.7,26.3,,,3.0,中抗稻瘟病,7.0,感白叶枯病,9.0,抽穗期耐热性一般,,70.4,1.9,,15.7,69.0,2.9,3.3,,,False,袁隆平农业高科技股份有限公司,436,Middle-Lower Yangtze,Single/Mid,Two-line hybrid,Enterprise,1,,1.0,False,False,False
5411,华浙优223,国审稻20206141,2020.0,国审,,True,True,False,籼,中稻,长江中下游中籼迟熟组,628.28,3.5,丰两优四号,651.51,3.83,136.5,,130.4,14.1,23.8,224.6,82.3,24.5,,,5.0,中感稻瘟病,7.0,感白叶枯病,9.0,抽穗期耐热性较弱,,71.8,0.5,,15.6,72.0,3.1,6.8,1.0,《食用稻品种品质》,False,浙江勿忘农种业股份有限公司,452,Middle-Lower Yangtze,Single/Mid,Three-line hybrid,Enterprise,1,1.0,1.0,True,False,False
6895,中浙优15,国审稻20206142,2020.0,国审,,True,True,False,籼,中稻,长江中下游中籼迟熟组,645.25,6.3,丰两优四号,653.94,4.22,134.1,,122.0,14.1,26.4,206.0,84.2,26.7,,,5.0,中感稻瘟病,7.0,感白叶枯病,9.0,抽穗期耐热性较强,,56.4,2.7,,13.3,76.0,3.1,5.0,3.0,《食用稻品种品质》,False,浙江勿忘农种业股份有限公司,451,Middle-Lower Yangtze,Single/Mid,Three-line hybrid,Enterprise,1,0.0,1.0,True,False,False
7522,中浙优26,国审稻20206143,2020.0,国审,,True,True,False,籼,中稻,长江中下游中籼迟熟组,637.14,4.97,丰两优四号,649.57,3.52,134.6,,121.3,15.7,25.2,236.0,80.6,23.5,,,7.0,感稻瘟病,9.0,高感白叶枯病,9.0,抽穗期耐热性一般,,58.1,2.0,,15.1,78.0,3.2,5.2,3.0,《食用稻品种品质》,False,浙江勿忘农种业股份有限公司,454,Middle-Lower Yangtze,Single/Mid,Three-line hybrid,Enterprise,1,0.0,0.0,True,False,False
53,荃优607,国审稻20206150,2020.0,国审,,True,True,False,籼,中稻,长江中下游中籼迟熟组,640.47,7.25,丰两优四号,654.82,6.56,126.0,,124.3,17.1,23.8,204.1,85.9,25.5,,,5.0,中感稻瘟病,7.0,感白叶枯病,9.0,抽穗期耐热性强,,67.0,1.0,,17.8,66.0,3.1,6.6,1.0,《食用稻品种品质》,True,中国种子集团有限公司,457,Middle-Lower Yangtze,Single/Mid,Three-line hybrid,Enterprise,1,1.0,1.0,True,False,False
3815,中两优607,国审稻20206158,2020.0,国审,,True,False,True,籼,中稻,长江中下游中籼迟熟组,619.78,3.79,丰两优四号,628.19,2.02,125.6,,121.1,18.3,23.8,192.1,83.7,24.2,,,3.0,中抗稻瘟病,9.0,高感白叶枯病,9.0,抽穗期耐热性较强,,70.2,3.8,,15.0,75.0,3.1,5.0,3.0,《食用稻品种品质》,False,中国种子集团有限公司,451,Middle-Lower Yangtze,Single/Mid,Two-line hybrid,Enterprise,1,0.0,1.0,False,False,False
4195,新两优611,国审稻20206160,2020.0,国审,,True,False,True,籼,,长江中下游麦茬籼稻组,653.25,2.96,五优308,684.1,6.01,124.7,,108.4,18.6,23.3,,,23.8,,,5.0,中感稻瘟病,5.0,中感白叶枯病,7.0,,,68.0,0.7,,16.3,73.5,3.1,7.0,1.0,《食用稻品种品质》,True,安徽荃银高科种业股份有限公司,432,Middle-Lower Yangtze,Single/Mid,Two-line hybrid,Enterprise,1,1.0,1.0,True,False,False
6865,荃早优丝苗,国审稻20206161,2020.0,国审,,True,True,False,籼,,长江中下游麦茬籼稻组,646.22,1.88,五优308,662.8,1.8,124.2,,113.9,18.8,22.7,,85.1,23.4,,,5.0,中感稻瘟病,7.0,感白叶枯病,9.0,,,70.9,0.7,,18.9,73.0,3.1,7.0,2.0,《食用稻品种品质》,True,安徽荃银高科种业股份有限公司,432,Middle-Lower Yangtze,Single/Mid,Three-line hybrid,Enterprise,1,1.0,1.0,True,False,False
6320,吉优258,国审稻20206162,2020.0,国审,,True,True,False,籼,,长江中下游麦茬籼稻组,639.36,0.57,五优308,680.0,3.88,127.0,,118.7,17.1,23.5,,83.3,23.4,,,3.0,中抗稻瘟病,5.0,中感白叶枯病,9.0,,,69.6,1.5,,25.4,76.0,3.3,6.8,,,False,广西恒茂农业科技有限公司,414,Middle-Lower Yangtze,Single/Mid,Three-line hybrid,Enterprise,1,,1.0,False,False,False
7639,吉优353,国审稻20206163,2020.0,国审,,True,True,False,籼,,长江中下游麦茬籼稻组,660.23,3.45,五优308,679.0,5.21,127.2,,114.3,18.9,23.1,,82.9,24.9,,,3.0,中抗稻瘟病,7.0,感白叶枯病,9.0,,,67.4,1.5,,25.1,77.0,3.1,6.8,,,False,广西恒茂农业科技有限公司,418,Middle-Lower Yangtze,Single/Mid,Three-line hybrid,Enterprise,1,,1.0,False,False,False
7378,隆晶优8401,国审稻20206165,2020.0,国审,,True,True,False,籼,,长江中下游麦茬籼稻组,631.66,-0.37,五优308,651.78,4.07,127.9,,115.3,17.9,24.9,,81.1,25.4,,,7.0,感稻瘟病,5.0,中感白叶枯病,9.0,,耐冷性一般,57.3,2.8,,15.9,60.0,3.5,6.8,2.0,《食用稻品种品质》,False,袁隆平农业高科技股份有限公司,452,Middle-Lower Yangtze,Single/Mid,Three-line hybrid,Enterprise,1,1.0,0.0,True,False,False
4933,深优5438,国审稻20206167,2020.0,国审,,True,True,False,籼,双季,长江中下游晚籼早熟组,660.72,4.28,五优308,623.05,3.66,116.0,,110.0,18.8,22.0,,82.1,26.0,,,7.0,感稻瘟病,5.0,中感白叶枯病,9.0,,耐冷性较强,55.6,10.2,,15.8,77.0,3.2,3.3,,,False,袁隆平农业高科技股份有限公司,813,Middle-Lower Yangtze,Late,Three-line hybrid,Enterprise,1,,0.0,True,False,False
6823,桃优314,国审稻20206168,2020.0,国审,,True,True,False,籼,双季,长江中下游晚籼早熟组,610.4,3.2,五优308,628.2,1.9,118.7,,113.4,21.2,24.6,131.0,83.1,29.1,,,5.0,中感稻瘟病,9.0,高感白叶枯病,9.0,,耐冷性较弱,58.2,0.5,,15.6,72.0,3.4,6.2,2.0,《食用稻品种品质》,False,合肥丰乐种业股份有限公司,445,Middle-Lower Yangtze,Late,Three-line hybrid,Enterprise,1,1.0,1.0,True,False,False
5828,五优305,国审稻20206169,2020.0,国审,,True,True,False,籼,双季,长江中下游晚籼早熟组,617.0,4.2,五优308,632.7,2.6,118.9,,107.8,21.9,22.0,155.4,83.3,23.8,,,5.0,中感稻瘟病,7.0,感白叶枯病,9.0,,耐冷性较强,61.1,1.5,,19.3,64.7,3.4,5.5,3.0,《食用稻品种品质》,False,合肥丰乐种业股份有限公司,444,Middle-Lower Yangtze,Late,Three-line hybrid,Enterprise,1,0.0,1.0,True,False,False
7495,香龙优625,国审稻20206175,2020.0,国审,,True,True,False,籼,双季,长江中下游晚籼早熟组,642.42,2.49,五优308,635.84,1.43,116.1,,111.8,20.0,22.2,153.7,81.3,27.2,,,7.0,感稻瘟病,7.0,感白叶枯病,9.0,,耐冷性一般,58.9,0.7,,18.9,61.0,3.0,7.0,2.0,《食用稻品种品质》,False,中国种子集团有限公司,448,Middle-Lower Yangtze,Late,Three-line hybrid,Enterprise,1,1.0,0.0,True,False,False
7021,银两优3082,国审稻20206177,2020.0,国审,,True,False,True,籼,双季,长江中下游晚籼早熟组,601.85,0.89,五优308,619.08,2.87,118.0,,104.6,21.6,22.2,169.6,80.2,22.8,,,5.0,中感稻瘟病,5.0,中感白叶枯病,9.0,,耐冷性中等,60.9,0.5,,15.4,68.0,3.3,6.7,2.0,《食用稻品种品质》,True,安徽荃银高科种业股份有限公司,455,Middle-Lower Yangtze,Late,Two-line hybrid,Enterprise,1,1.0,1.0,True,False,False
4748,银两优606,国审稻20206178,2020.0,国审,,True,False,True,籼,双季,长江中下游晚籼早熟组,608.3,1.7,五优308,614.31,2.0,118.6,,104.6,19.4,24.3,167.1,80.9,25.4,,,5.0,中感稻瘟病,5.0,中感白叶枯病,9.0,,耐冷性较强,58.8,0.8,,15.4,70.0,3.3,6.6,1.0,《食用稻品种品质》,True,安徽荃银高科种业股份有限公司,456,Middle-Lower Yangtze,Late,Two-line hybrid,Enterprise,1,1.0,1.0,True,False,False
7379,桃两优77,国审稻20206183,2020.0,国审,,True,False,True,籼,双季,长江中下游晚籼早熟组,621.26,3.3,五优308,647.22,1.84,113.1,,102.9,20.3,23.1,159.3,82.4,25.9,,,5.0,中感稻瘟病,7.0,感白叶枯病,9.0,,耐冷性一般,69.7,3.9,,16.1,59.0,3.2,7.0,,,False,湖南桃花源农业科技股份有限公司,422,Middle-Lower Yangtze,Late,Two-line hybrid,Enterprise,1,,1.0,True,False,False
3402,桃秀优美珍,国审稻20206184,2020.0,国审,,True,True,False,籼,双季,长江中下游晚籼早熟组,625.51,4.75,五优308,661.62,3.33,114.5,,102.44,23.1,23.67,152.82,80.0,22.07,,,9.0,高感稻瘟病,7.0,感白叶枯病,9.0,,耐冷性一般,57.3,2.9,,14.2,75.0,4.1,6.0,2.0,《食用稻品种品质》,False,湖南桃花源农业科技股份有限公司,448,Middle-Lower Yangtze,Late,Three-line hybrid,Enterprise,1,1.0,0.0,True,False,False
5840,志优金丝,国审稻20206185,2020.0,国审,,True,True,False,籼,双季,长江中下游晚籼早熟组,627.3,4.03,五优308,668.4,3.27,116.0,,112.8,19.7,23.4,162.6,78.5,24.7,,,5.0,中感稻瘟病,7.0,感白叶枯病,9.0,,耐冷性较弱,55.0,4.0,,17.3,77.0,4.2,5.0,3.0,《食用稻品种品质》,False,湖南桃花源农业科技股份有限公司,843,Middle-Lower Yangtze,Late,Three-line hybrid,Enterprise,1,0.0,1.0,True,False,False
7654,泰谷优533,国审稻20206190,2020.0,国审,,True,True,False,籼,双季,长江中下游晚籼早熟组,625.31,6.51,五优308,634.13,6.18,115.7,,108.1,20.2,22.9,177.8,86.2,22.3,,,5.0,中感稻瘟病,5.0,中感白叶枯病,9.0,,耐冷性一般,69.9,3.7,,14.9,80.0,3.4,6.0,3.0,《食用稻品种品质》,False,科荟种业股份有限公司,447,Middle-Lower Yangtze,Late,Three-line hybrid,Enterprise,1,0.0,1.0,True,False,False
6235,禾广丝苗,国审稻20206200,2020.0,国审,,False,False,False,籼,双季,长江中下游晚籼中迟熟组,591.14,-1.54,天优华占,584.94,0.99,120.1,,102.5,19.6,22.3,167.0,83.1,23.2,,,5.0,中感稻瘟病,5.0,中感白叶枯病,9.0,,耐冷性较弱,67.5,1.0,,14.3,77.0,3.2,6.5,1.0,《食用稻品种品质》,False,北京金色农华种业科技股份有限公司,445,Middle-Lower Yangtze,Late,Inbred/Other,Enterprise,1,1.0,1.0,True,False,False
4565,华盛优粤农丝苗,国审稻20206202,2020.0,国审,,True,True,False,籼,双季,长江中下游晚籼中迟熟组,607.19,1.16,天优华占,597.5,1.14,116.1,,101.6,19.7,23.2,151.5,86.2,26.0,,,5.0,中感稻瘟病,5.0,中感白叶枯病,9.0,,耐冷性一般,56.7,1.4,,15.5,60.0,3.8,6.0,2.0,《食用稻品种品质》,False,北京金色农华种业科技股份有限公司,444,Middle-Lower Yangtze,Late,Three-line hybrid,Enterprise,1,1.0,1.0,True,False,False
7837,五乡优广丝苗,国审稻20206203,2020.0,国审,,True,True,False,籼,双季,长江中下游晚籼中迟熟组,607.82,1.25,天优华占,596.44,0.96,117.7,,107.7,19.8,22.6,168.6,82.0,24.2,,,5.0,中感稻瘟病,7.0,感白叶枯病,9.0,,耐冷性一般,55.8,3.4,,17.5,55.0,4.1,6.8,3.0,《食用稻品种品质》,False,北京金色农华种业科技股份有限公司,445,Middle-Lower Yangtze,Late,Three-line hybrid,Enterprise,1,0.0,1.0,True,False,False
4180,五乡优粤农丝苗,国审稻20206205,2020.0,国审,,True,True,False,籼,双季,长江中下游晚籼中迟熟组,611.7,1.98,天优华占,593.21,0.41,117.5,,105.1,21.1,21.8,150.9,83.8,24.0,,,5.0,中感稻瘟病,7.0,感白叶枯病,9.0,,耐冷性较弱,59.1,2.7,,17.7,61.0,4.2,6.9,2.0,《食用稻品种品质》,False,北京金色农华种业科技股份有限公司,445,Middle-Lower Yangtze,Late,Three-line hybrid,Enterprise,1,1.0,1.0,True,False,False
7470,莉晶优570,国审稻20206206,2020.0,国审,,True,True,False,籼,双季,长江中下游晚籼中迟熟组,581.81,-4.86,天优华占,556.2,4.3,119.7,,109.5,23.1,23.1,,78.8,21.9,,,5.0,中感稻瘟病,7.0,感白叶枯病,9.0,,耐冷性较弱,55.7,2.1,,16.9,61.0,4.0,6.8,2.0,《食用稻品种品质》,False,袁隆平农业高科技股份有限公司,443,Middle-Lower Yangtze,Late,Three-line hybrid,Enterprise,1,1.0,1.0,True,False,False
4014,隆晶优蒂占,国审稻20206209,2020.0,国审,,True,True,False,籼,双季,长江中下游晚籼中迟熟组,592.48,-3.41,天优华占,580.12,0.28,120.4,,108.3,20.2,24.4,155.3,83.9,25.3,,,5.0,中感稻瘟病,7.0,感白叶枯病,9.0,,耐冷性较弱,65.2,1.6,,17.0,66.0,4.0,6.6,2.0,《食用稻品种品质》,False,袁隆平农业高科技股份有限公司,447,Middle-Lower Yangtze,Late,Three-line hybrid,Enterprise,1,1.0,1.0,True,False,False
7042,珍两优570,国审稻20206211,2020.0,国审,,True,False,True,籼,双季,长江中下游晚籼中迟熟组,593.58,-3.22,天优华占,557.56,4.07,122.4,,116.9,23.0,24.3,,82.8,23.5,,,7.0,感稻瘟病,5.0,中感白叶枯病,9.0,,耐冷性一般,55.4,1.2,,16.4,61.0,3.8,6.7,2.0,《食用稻品种品质》,False,袁隆平农业高科技股份有限公司,831,Middle-Lower Yangtze,Late,Two-line hybrid,Enterprise,1,1.0,0.0,True,False,False
3300,荃优851,国审稻20206219,2020.0,国审,,True,True,False,籼,双季,华南感光晚籼组,485.13,2.37,博优998,482.08,3.76,118.9,,99.8,16.2,22.9,147.6,76.6,27.2,,,5.0,中感稻瘟病,5.0,中感白叶枯病,9.0,抽穗期耐热性一般,,56.3,0.8,,15.5,64.0,3.3,6.6,2.0,《食用稻品种品质》,True,安徽荃银高科种业股份有限公司,860,South China,Late,Three-line hybrid,Enterprise,1,1.0,1.0,True,False,False
5126,隆望两优889,国审稻20206220,2020.0,国审,,True,False,True,籼,双季,华南感光晚籼组,486.59,4.76,博优998,506.49,3.9,113.6,,104.3,19.2,24.4,174.9,80.3,21.6,,,5.0,中感稻瘟病,5.0,中感白叶枯病,9.0,,,62.4,0.1,,15.5,75.0,3.4,7.0,1.0,《食用稻品种品质》,False,湖南希望种业科技股份有限公司,437,South China,Late,Two-line hybrid,Enterprise,1,1.0,1.0,True,False,False
4447,悦两优美香新占,国审稻20206232,2020.0,国审,,True,False,True,籼,双季,华南感光晚籼组,480.88,4.38,博优998,518.7,5.68,118.0,,99.0,18.8,22.3,156.9,81.0,22.5,,,7.0,感稻瘟病,5.0,中感白叶枯病,9.0,,,64.4,0.9,,16.3,61.0,3.4,6.5,1.0,《食用稻品种品质》,False,袁隆平农业高科技股份有限公司,439,South China,Late,Two-line hybrid,Enterprise,1,1.0,0.0,True,False,False
4829,玮两优1206,国审稻20206239,2020.0,国审,,True,False,True,籼,双季,华南感光晚籼组,497.58,5.74,博优998,518.56,6.52,117.0,,103.1,17.3,22.8,159.1,83.1,26.4,,,5.0,中感稻瘟病,7.0,感白叶枯病,9.0,,,56.6,2.1,,14.8,72.0,3.2,6.2,2.0,《食用稻品种品质》,False,袁隆平农业高科技股份有限公司,441,South China,Late,Two-line hybrid,Enterprise,1,1.0,1.0,True,False,False
5494,申优26,国审稻20206254,2020.0,国审,,True,True,False,粳,单季,南方单季晚粳组,689.53,2.14,嘉优5号,675.88,0.95,152.9,,112.7,18.5,17.8,172.3,88.3,26.6,,,5.0,中感稻瘟病,3.0,中抗白叶枯病,9.0,,,74.6,2.9,,17.2,71.0,1.8,7.0,2.0,《食用稻品种品质》,False,袁隆平农业高科技股份有限公司,450,Other/Unspecified,Late,Three-line hybrid,Enterprise,1,1.0,1.0,True,False,False
5178,徐稻119,国审稻20206255,2020.0,国审,,False,False,False,粳,,北方黄淮粳稻组,671.09,6.12,徐稻3号,680.87,6.68,150.4,,89.7,21.1,16.6,147.1,89.7,26.5,,,3.0,中抗稻瘟病,5.0,中感白叶枯病,,,,72.8,4.1,,18.0,65.0,1.6,6.8,3.0,《食用稻品种品质》,False,江苏明天种业科技股份有限公司,426,North/Huanghuai,Single/Mid,Inbred/Other,Enterprise,1,0.0,1.0,False,False,False
5311,南粳60,国审稻20206258,2020.0,国审,,False,False,False,粳,,北方黄淮粳稻组,651.73,5.43,徐稻3号,671.23,5.8,152.8,,98.2,20.9,16.4,155.2,85.5,25.8,,,3.0,中抗稻瘟病,,,,,,71.1,4.7,,15.4,68.0,1.7,6.8,3.0,《食用稻品种品质》,False,袁隆平农业高科技股份有限公司,413,North/Huanghuai,Single/Mid,Inbred/Other,Enterprise,1,0.0,1.0,False,False,False
6347,隆晶优 4456,国审稻20210001,2021.0,国审,,True,True,False,籼,双季,华南早籼组,,,天优华占,525.9,1.42,123.5,,104.5,16.6,24.8,,89.1,26.7,,,5.0,中感稻瘟病,5.0,中感白叶枯病,9.0,,,66.9,0.3,,14.8,80.0,3.4,6.5,2.0,,False,,526,South China,Early,Three-line hybrid,Unknown,0,1.0,1.0,True,False,False
5051,荃 9 优 801,国审稻20210002,2021.0,国审,,True,True,True,籼,双季,华南早籼组,,,天优华占,534.84,0.3,122.2,,110.9,16.1,22.8,,83.6,27.0,,,5.0,中感稻瘟病,5.0,中感白叶枯病,9.0,,,62.4,2.1,,15.3,79.0,3.1,6.6,2.0,,False,,527,South China,Early,Hybrid (unclear),Unknown,0,1.0,1.0,True,False,False
7770,文 1 两优桂香,国审稻20210005,2021.0,国审,,True,False,True,籼,双季,华南早籼组,,,天优华占,549.8,4.2,119.4,,110.6,18.9,25.6,,81.1,20.4,,,5.0,中感稻瘟病,5.0,中感白叶枯病,9.0,,,77.9,9.4,,14.7,73.0,3.3,6.1,,,False,,494,South China,Early,Two-line hybrid,Unknown,0,,1.0,True,False,False
5893,兴两优 1345,国审稻20210006,2021.0,国审,,True,False,True,籼,双季,华南早籼组,,,天优华占,538.53,2.04,122.5,,111.8,18.3,22.8,,82.4,23.1,,,5.0,中感稻瘟病,9.0,高感白叶枯病,9.0,,,55.6,9.0,,,40.0,3.2,4.3,,,False,,490,South China,Early,Two-line hybrid,Unknown,0,,1.0,True,False,False
7624,美优华占,国审稻20210007,2021.0,国审,,True,True,False,籼,双季,华南早籼组,,,天优华占,551.6,5.3,118.5,,104.0,18.6,24.3,,84.8,24.3,,,5.0,中感稻瘟病,5.0,中感白叶枯病,9.0,,,60.1,6.3,,17.9,49.0,3.5,4.8,,,False,,494,South China,Early,Three-line hybrid,Unknown,0,,1.0,True,False,False
4004,隆两优 5438,国审稻20210012,2021.0,国审,,True,False,True,籼,双季,华南早籼组,,,天优华占,,6.04,124.7,,116.0,17.3,23.8,,80.5,26.2,,,3.0,中抗稻瘟病,9.0,高感白叶枯病,9.0,,,65.5,8.1,,18.7,60.0,2.9,5.0,,,False,,503,South China,Early,Two-line hybrid,Unknown,0,,1.0,False,False,False
6141,兴农丝苗,国审稻20210013,2021.0,国审,,False,False,False,籼,双季,华南早籼组,,,天优华占,540.6,2.5,119.8,,109.6,18.3,24.9,,82.6,21.7,,,5.0,中感稻瘟病,5.0,中感白叶枯病,9.0,,,59.0,4.2,,,73.0,3.3,5.8,3.0,,False,,509,South China,Early,Inbred/Other,Unknown,0,0.0,1.0,True,False,False
4202,荃香优丝苗,国审稻20210015,2021.0,国审,,True,True,False,籼,双季,华南早籼组,,,天优华占,547.9,3.9,117.5,,108.6,17.6,24.2,,84.1,22.9,,,5.0,中感稻瘟病,7.0,感白叶枯病,9.0,,,60.6,22.0,,14.7,68.0,3.3,6.0,,,False,,489,South China,Early,Three-line hybrid,Unknown,0,,1.0,True,False,False
7314,谷优 92,国审稻20210018,2021.0,国审,,True,True,False,籼,双季,华南早籼组,,,天优华占,,4.03,124.3,,115.7,16.5,24.5,,81.1,27.2,,,5.0,中感稻瘟病,7.0,感白叶枯病,9.0,,,37.4,7.7,,,58.3,2.7,5.8,,,False,,499,South China,Early,Three-line hybrid,Unknown,0,,1.0,True,False,False
3282,荃两优 2118,国审稻20210020,2021.0,国审,,True,False,True,籼,双季,华南早籼组,668.46,6.15,天优华占,556.9,7.2,120.2,,114.5,17.9,22.6,195.8,84.7,25.4,,,5.0,中感稻瘟病,7.0,感白叶枯病,9.0,抽穗期耐热性较强,耐冷性较强,64.4,0.7,,14.3,74.0,3.2,6.6,1.0,《食用稻品种品质》,False,,1023,South China,Early,Two-line hybrid,Unknown,0,1.0,1.0,True,False,False
7818,万象优 823,国审稻20210021,2021.0,国审,,True,True,False,籼,双季,华南早籼组,,,天优华占,,8.3,119.5,,111.1,18.9,23.2,170.8,85.6,24.0,,,,感稻瘟病,9.0,高感白叶枯病,9.0,,,68.5,0.8,,,78.0,3.6,5.1,,《食用稻品种品质》,False,,520,South China,Early,Three-line hybrid,Unknown,0,,,True,False,False
7762,万象优 716,国审稻20210022,2021.0,国审,,True,True,False,籼,双季,华南早籼组,,,天优华占,556.5,7.2,119.8,,108.0,18.7,23.1,,83.8,23.9,,,5.0,中感稻瘟病,7.0,感白叶枯病,9.0,,,68.3,0.3,,16.6,79.0,3.8,5.2,3.0,,False,,511,South China,Early,Three-line hybrid,Unknown,0,0.0,1.0,True,False,False
6057,万象优 982,国审稻20210023,2021.0,国审,,True,True,False,籼,双季,华南早籼组,,,天优华占,,6.3,120.1,,109.8,18.2,24.2,,84.5,25.3,,,7.0,感稻瘟病,7.0,感白叶枯病,9.0,,,58.5,0.5,,,82.0,3.9,4.2,,,False,,504,South China,Early,Three-line hybrid,Unknown,0,,0.0,True,False,False
5905,哈优晶占,国审稻20210024,2021.0,国审,,True,True,False,籼,双季,华南早籼组,626.41,4.81,天优华占,562.68,3.62,123.3,,105.9,19.6,23.1,168.7,85.3,26.3,,,3.0,中抗稻瘟病,9.0,高感白叶枯病,9.0,,耐冷性较弱,58.9,0.7,,21.8,47.3,3.3,5.2,3.0,《食用稻品种品质》,False,,993,South China,Early,Three-line hybrid,Unknown,0,0.0,1.0,False,False,False
5144,坚两优 58,国审稻20210026,2021.0,国审,,True,False,True,籼,双季,华南早籼组,588.92,5.14,天优华占,552.88,5.6,122.1,,106.8,18.2,22.3,178.5,85.2,23.6,,,5.0,中感稻瘟病,7.0,感白叶枯病,9.0,,耐冷性中等,67.2,0.8,,17.5,81.0,3.3,6.2,2.0,《食用稻品种品质》,False,,1021,South China,Early,Two-line hybrid,Unknown,0,1.0,1.0,True,False,False
5052,长田优 9 号,国审稻20210027,2021.0,国审,,True,True,False,籼,双季,华南早籼组,609.11,5.33,天优华占,613.78,5.56,121.5,,105.0,17.6,23.5,154.9,85.3,24.2,,,5.0,中感稻瘟病,9.0,高感白叶枯病,7.0,,耐冷性一般,66.1,0.0,,16.3,70.0,4.0,7.0,2.0,,False,,1030,South China,Early,Three-line hybrid,Unknown,0,1.0,1.0,True,False,False
7211,K 两优 108,国审稻20210028,2021.0,国审,,True,False,True,籼,双季,长江中下游早籼早中熟组,559.9,3.9,,,,113.2,,86.6,22.1,19.4,129.5,78.8,25.3,,,7.0,感稻瘟病,9.0,高感白叶枯病,9.0,,,57.8,57.0,,19.8,50.0,2.5,5.7,,,False,,506,Middle-Lower Yangtze,Early,Two-line hybrid,Unknown,0,,0.0,True,False,False
4292,惠两优 1818,国审稻20210030,2021.0,国审,,True,False,True,籼,双季,长江中下游早籼迟熟组,557.1,3.3,,531.7,3.3,112.5,,92.9,21.7,19.0,134.4,77.3,26.1,,,5.0,中感稻瘟病,7.0,感白叶枯病,9.0,,,59.8,,,23.5,30.0,2.3,3.7,,,False,,520,Middle-Lower Yangtze,Early,Two-line hybrid,Unknown,0,,1.0,True,False,False
5408,吉优 1316,国审稻20210031,2021.0,国审,,True,True,False,籼,双季,长江中下游早籼迟熟组,553.1,2.6,,526.9,4.4,116.2,,93.9,22.1,19.5,123.9,75.8,26.6,,,3.0,中抗稻瘟病,7.0,感白叶枯病,9.0,,,43.9,,,19.9,56.0,3.2,3.2,,,False,,525,Middle-Lower Yangtze,Early,Three-line hybrid,Unknown,0,,1.0,False,False,False
3722,荃优 10 号,国审稻20210033,2021.0,国审,,True,True,False,籼,中稻,长江上游中籼迟熟组,624.49,,丰两优四号,656.1,4.43,151.4,,111.0,15.1,24.0,181.4,86.0,28.9,,,7.0,感稻瘟病,5.0,中感白叶枯病,9.0,抽穗期耐热性 较强,耐冷性一般,71.5,1.9,,16.7,78.0,3.0,5.7,3.0,《食用稻品种品质》,False,,1029,Upper Yangtze,Single/Mid,Three-line hybrid,Unknown,0,0.0,0.0,True,False,False
3578,川康优 2115,国审稻20210035,2021.0,国审,,True,True,False,籼,中稻,长江上游中籼迟熟组,,,,596.47,2.29,151.8,,114.5,14.6,25.3,159.1,85.6,33.5,,,7.0,感稻瘟病,,,9.0,抽穗期耐热性 较弱,耐冷性较弱,55.7,2.2,,18.0,79.0,3.2,6.7,,《食用稻品种品质》,False,,535,Upper Yangtze,Single/Mid,Three-line hybrid,Unknown,0,,0.0,True,False,False
3943,深两优粤禾丝苗,国审稻20210036,2021.0,国审,,True,False,True,籼,中稻,长江上游中籼迟熟组,,,,,0.79,152.7,,105.5,15.8,24.1,188.5,86.3,24.6,,,3.0,中抗稻瘟病,,,9.0,,耐冷性一般,64.4,1.0,,17.1,67.0,3.0,6.4,,《食用稻品种品质》,False,,529,Upper Yangtze,Single/Mid,Two-line hybrid,Unknown,0,,1.0,False,False,False
7706,双优 575,国审稻20210037,2021.0,国审,,True,True,False,籼,中稻,长江上游中籼迟熟组,,,,,4.33,152.4,,118.2,14.2,25.2,196.6,84.1,29.5,,,7.0,感稻瘟病,,,9.0,抽穗期耐热性 较强,耐冷性较弱,60.8,3.5,,16.6,72.0,3.1,5.2,3.0,《食用稻品种品质》,False,,537,Upper Yangtze,Single/Mid,Three-line hybrid,Unknown,0,0.0,0.0,True,False,False
3644,玉龙优 1611,国审稻20210038,2021.0,国审,,True,True,False,籼,中稻,长江上游中籼迟熟组,,,,,4.69,151.9,,113.1,16.5,25.0,193.9,84.1,25.6,,,5.0,中感稻瘟病,,,9.0,,耐冷性较弱,65.4,0.9,,19.1,77.0,3.1,6.9,,《食用稻品种品质》,False,,532,Upper Yangtze,Single/Mid,Three-line hybrid,Unknown,0,,1.0,True,False,False
3699,荃优 58,国审稻20210039,2021.0,国审,,True,True,False,籼,中稻,长江上游中籼迟熟组,657.15,,丰两优四号,654.26,2.41,153.9,,116.2,14.5,25.2,183.0,86.8,30.4,,,3.0,中抗稻瘟病,7.0,感白叶枯病,9.0,抽穗期耐热性较强,耐冷性一般,58.8,2.5,,17.3,77.0,2.8,6.8,2.0,《食用稻品种品质》,False,,1026,Upper Yangtze,Single/Mid,Three-line hybrid,Unknown,0,1.0,1.0,False,False,False
7252,泰丰优雅禾,国审稻20210040,2021.0,国审,,True,True,False,籼,中稻,长江上游中籼迟熟组,,,,,4.84,152.8,,115.0,17.4,24.6,,83.7,28.6,,,5.0,中感稻瘟病,,,9.0,抽穗期耐热性一般,,58.7,1.3,,17.9,82.0,3.5,5.7,3.0,《食用稻品种品质》,False,,521,Upper Yangtze,Single/Mid,Three-line hybrid,Unknown,0,0.0,1.0,True,False,False
3870,荃优 851,国审稻20210041,2021.0,国审,,True,True,False,籼,中稻,长江上游中籼迟熟组,,,,,4.71,152.8,,105.6,15.9,23.9,,81.1,27.6,,,5.0,中感稻瘟病,,,9.0,抽穗期耐热性一般,,65.9,0.5,,17.6,74.0,3.0,6.9,1.0,《食用稻品种品质》,False,,524,Upper Yangtze,Single/Mid,Three-line hybrid,Unknown,0,1.0,1.0,True,False,False
6965,B 优 1928,国审稻20210044,2021.0,国审,,True,True,False,籼,中稻,长江上游中籼迟熟组,641.13,5.42,,,2.95,151.1,,115.7,13.7,24.1,231.0,83.0,26.3,,,7.0,感稻瘟病,,,9.0,抽穗期耐热性 一般,耐冷性较强,81.3,3.5,,25.0,78.8,3.0,5.6,,,False,,517,Upper Yangtze,Single/Mid,Three-line hybrid,Unknown,0,,0.0,True,False,False
6655,深两优 475,国审稻20210046,2021.0,国审,,True,False,True,籼,中稻,长江上游中籼迟熟组,646.46,3.3,,,5.12,153.3,,108.0,15.4,24.1,,86.6,26.9,,,5.0,中感稻瘟病,,,9.0,抽穗期耐热性强,耐冷性一般,66.4,6.8,,16.6,73.0,2.9,6.4,,,False,,502,Upper Yangtze,Single/Mid,Two-line hybrid,Unknown,0,,1.0,True,False,False
4526,泰优 2903,国审稻20210048,2021.0,国审,,True,True,False,籼,中稻,长江上游中籼迟熟组,654.61,4.0,,,3.86,151.2,,115.3,15.9,25.2,178.2,87.0,28.5,,,7.0,感稻瘟病,,,9.0,抽穗期耐热性 强,耐冷性较强,58.4,0.9,,15.5,,3.5,6.8,1.0,《食用稻品种品质》,False,,528,Upper Yangtze,Single/Mid,Three-line hybrid,Unknown,0,1.0,0.0,True,False,False
7263,蓉优 399,国审稻20210050,2021.0,国审,,True,True,False,籼,中稻,长江上游中籼迟熟组,677.7,7.0,,,8.7,153.5,,122.6,15.4,26.6,213.1,83.0,27.7,,,7.0,感稻瘟病,,,9.0,抽穗期耐热性 较强,耐冷性一般,58.6,2.2,,17.5,74.7,3.1,5.4,2.0,《食用稻品种品质》,False,,536,Upper Yangtze,Single/Mid,Three-line hybrid,Unknown,0,1.0,0.0,True,False,False
6966,两优 8118,国审稻20210051,2021.0,国审,,True,False,True,籼,中稻,长江上游中籼迟熟组,606.88,3.85,,,4.74,152.7,,106.9,17.4,24.0,,84.4,25.2,,,7.0,感稻瘟病,,,9.0,抽穗期耐热性较强,耐冷性一般,64.2,3.3,,14.2,71.0,2.5,5.0,3.0,《食用稻品种品质》,False,,523,Upper Yangtze,Single/Mid,Two-line hybrid,Unknown,0,0.0,0.0,True,False,False
7197,淳丰优 6377,国审稻20210052,2021.0,国审,,True,True,False,籼,中稻,长江上游中籼迟熟组,620.5,1.24,,,4.07,150.0,,112.7,16.1,24.5,180.9,86.7,26.6,,,5.0,中感稻瘟病,,,9.0,,耐冷性一般,56.6,0.7,,16.8,66.0,3.4,7.0,2.0,《食用稻品种品质》,False,,531,Upper Yangtze,Single/Mid,Three-line hybrid,Unknown,0,1.0,1.0,True,False,False
7841,宜香优 4945,国审稻20210054,2021.0,国审,,True,True,False,籼,中稻,长江上游中籼迟熟组,658.85,5.58,,,6.48,151.8,,117.6,16.0,25.6,195.1,82.0,27.9,,,5.0,中感稻瘟病,,,9.0,,耐冷性一般,60.6,3.2,,14.6,70.0,3.1,6.5,,《食用稻品种品质》,False,,534,Upper Yangtze,Single/Mid,Three-line hybrid,Unknown,0,,1.0,True,False,False
4209,荃优 5438,国审稻20210055,2021.0,国审,,True,True,False,籼,中稻,长江上游中籼迟熟组,680.02,7.98,,,6.47,151.4,,112.8,15.4,23.7,202.7,85.6,27.8,,,7.0,感稻瘟病,,,9.0,抽穗期耐热性 强,耐冷性一般,55.0,1.4,,17.6,,3.0,6.0,2.0,《食用稻品种品质》,False,,538,Upper Yangtze,Single/Mid,Three-line hybrid,Unknown,0,1.0,0.0,True,False,False
7471,旌 3 优五山丝苗,国审稻20210056,2021.0,国审,,True,True,False,籼,中稻,长江上游中籼迟熟组,637.96,4.03,丰两优四号,595.77,2.84,151.8,,113.0,15.3,24.5,210.7,86.3,23.9,,,7.0,感稻瘟病,7.0,感白叶枯病,9.0,抽穗期耐热性 强,耐冷性较强,66.2,1.6,,17.2,62.0,3.1,5.9,3.0,《食用稻品种品质》,False,,1024,Upper Yangtze,Single/Mid,Three-line hybrid,Unknown,0,0.0,0.0,True,False,False
3148,兆优 5431,国审稻20210059,2021.0,国审,,True,True,False,籼,中稻,长江上游中籼迟熟组,598.89,-2.29,,,3.35,154.6,,113.7,15.6,26.0,192.2,82.7,26.5,,,5.0,中感稻瘟病,,,9.0,,耐冷性一般,55.4,0.1,,15.4,75.0,3.2,6.0,2.0,《食用稻品种品质》,False,,532,Upper Yangtze,Single/Mid,Three-line hybrid,Unknown,0,1.0,1.0,True,False,False
5962,国泰香优龙占,国审稻20210060,2021.0,国审,,True,True,False,籼,中稻,长江上游中籼迟熟组,620.0,3.58,,,4.78,150.7,,119.9,15.5,23.8,200.5,83.4,25.1,,,7.0,感稻瘟病,,,9.0,抽穗期耐热性 强,耐冷性一般,56.8,0.1,,16.8,,3.3,7.0,2.0,《食用稻品种品质》,False,,521,Upper Yangtze,Single/Mid,Three-line hybrid,Unknown,0,1.0,0.0,True,False,False
6900,桂香优金农丝苗,国审稻20210068,2021.0,国审,,True,True,False,籼,中稻,长江上游中籼迟熟组,623.38,3.2,,,2.55,154.2,,111.4,14.6,24.4,201.7,83.1,25.0,,,5.0,中感稻瘟病,,,9.0,抽穗期耐热性一 般,耐冷性一般,63.1,4.5,,15.7,,3.9,6.1,3.0,《食用稻品种品质》,False,,532,Upper Yangtze,Single/Mid,Three-line hybrid,Unknown,0,0.0,1.0,True,False,False
6875,旺两优 985,国审稻20210069,2021.0,国审,,True,False,True,籼,中稻,长江上游中籼迟熟组,617.38,2.2,,614.93,2.12,147.9,,103.9,16.2,23.9,161.1,85.6,27.0,,,7.0,感稻瘟病,,,9.0,抽穗期耐热性较强,耐冷性较弱,67.0,3.0,,17.1,64.0,3.1,6.4,2.0,《食用稻品种品质》,False,,519,Upper Yangtze,Single/Mid,Two-line hybrid,Unknown,0,1.0,0.0,True,False,False
6479,泰优 1750,国审稻20210070,2021.0,国审,,True,True,False,籼,中稻,长江上游中籼迟熟组,633.73,3.77,,,3.31,153.3,,118.2,16.6,24.1,182.1,85.3,28.4,,,5.0,中感稻瘟病,,,9.0,,耐冷性一般,56.7,2.6,,18.5,61.0,3.1,6.9,,《食用稻品种品质》,False,,533,Upper Yangtze,Single/Mid,Three-line hybrid,Unknown,0,,1.0,True,False,False
6001,泰两优 6338,国审稻20210071,2021.0,国审,,True,False,True,籼,中稻,长江上游中籼迟熟组,634.3,3.65,,,4.27,155.8,,114.6,16.8,23.9,180.0,84.9,27.2,,,5.0,中感稻瘟病,,,9.0,抽穗期耐热性强,耐冷性一般,59.9,2.6,,16.0,61.0,3.1,6.8,2.0,《食用稻品种品质》,False,,534,Upper Yangtze,Single/Mid,Two-line hybrid,Unknown,0,1.0,1.0,True,False,False
4924,正稻 1 号,国审稻20210072,2021.0,国审,,False,False,False,籼,中稻,长江上游中籼迟熟组,680.5,4.8,,,7.5,153.3,,116.2,15.5,24.5,,88.4,26.8,,,7.0,感稻瘟病,,,9.0,抽穗期耐热性一般,耐冷性一般,55.0,0.0,,17.8,67.3,3.3,7.0,2.0,《食用稻品种品质》,False,,516,Upper Yangtze,Single/Mid,Inbred/Other,Unknown,0,1.0,0.0,True,False,False
6788,瑞优雅禾,国审稻20210073,2021.0,国审,,True,True,False,籼,中稻,长江上游中籼迟熟组,652.5,5.56,,,5.15,152.0,,117.1,15.8,26.4,,85.5,29.5,,,5.0,中感稻瘟病,,,9.0,抽穗期耐热性较 强,耐冷性一般,54.0,3.6,,16.1,,3.6,6.2,3.0,《食用稻品种品质》,False,,538,Upper Yangtze,Single/Mid,Three-line hybrid,Unknown,0,0.0,1.0,True,False,False
5432,又香优又丝苗,国审稻20210074,2021.0,国审,,True,True,False,籼,中稻,长江上游中籼迟熟组,596.7,3.75,丰两优四号,599.41,1.39,151.9,,110.9,17.1,23.6,189.7,83.5,22.3,,,5.0,中感稻瘟病,7.0,感白叶枯病,9.0,抽穗期耐热性一般,耐冷性一般,59.3,1.4,,13.7,82.0,4.4,6.2,2.0,《食用稻品种品质》,False,,1023,Upper Yangtze,Single/Mid,Three-line hybrid,Unknown,0,1.0,1.0,True,False,False
4993,广 8 优郁香,国审稻20210075,2021.0,国审,,True,True,False,籼,中稻,长江上游中籼迟熟组,589.63,2.44,丰两优四号,623.21,2.45,150.5,,109.8,18.0,23.1,190.9,84.6,21.2,,,5.0,中感稻瘟病,5.0,中感白叶枯病,9.0,抽穗期耐热性较强,耐冷性较强,62.7,1.7,,16.7,60.0,4.0,6.7,2.0,《食用稻品种品质》,False,,1025,Upper Yangtze,Single/Mid,Three-line hybrid,Unknown,0,1.0,1.0,True,False,False
451,邦两优香占,国审稻20210076,2021.0,国审,,True,False,True,籼,中稻,长江上游中籼迟熟组,591.27,2.73,丰两优四号,622.64,1.31,153.8,,114.1,16.8,23.8,195.0,79.8,23.2,,,7.0,感稻瘟病,7.0,感白叶枯病,9.0,抽穗期耐热性 一般,耐冷性一般,61.1,1.1,,18.6,61.0,4.3,7.0,2.0,《食用稻品种品质》,False,,1025,Upper Yangtze,Single/Mid,Two-line hybrid,Unknown,0,1.0,0.0,True,False,False
4665,原香优兆香丝苗,国审稻20210077,2021.0,国审,,True,True,False,籼,中稻,长江上游中籼迟熟组,594.48,3.61,丰两优四号,623.64,1.99,148.2,,104.8,17.3,23.8,196.7,52.5,21.2,,,7.0,感稻瘟病,5.0,中感白叶枯病,9.0,抽穗期耐热性 较强,耐冷性较弱,64.4,3.0,,17.0,62.0,3.8,6.6,2.0,《食用稻品种品质》,False,,1542,Upper Yangtze,Single/Mid,Three-line hybrid,Unknown,0,1.0,0.0,True,False,False
3954,甬优 4953,国审稻20210078,2021.0,国审,,True,True,False,籼,中稻,长江上游中籼迟熟组,694.1,6.9,,,8.0,152.6,,116.2,15.5,24.5,196.3,88.4,26.8,,,5.0,中感稻瘟病,,,9.0,耐热性较强,耐冷性较弱,67.3,0.4,,,70.7,2.0,7.0,,《食用稻品种品质》,False,,537,Upper Yangtze,Single/Mid,Three-line hybrid,Unknown,0,,1.0,True,False,False
5609,鑫丰优 868,国审稻20210079,2021.0,国审,,True,True,False,籼,中稻,长江上游中籼迟熟组,581.9,3.55,,,1.37,150.3,,117.3,16.2,23.4,183.5,84.1,22.5,,,5.0,中感稻瘟病,,,9.0,,耐冷性较强,65.8,0.0,,17.4,70.0,4.1,6.8,1.0,《食用稻品种品质》,False,,534,Upper Yangtze,Single/Mid,Three-line hybrid,Unknown,0,1.0,1.0,True,False,False
856,荃香优 89,国审稻20210080,2021.0,国审,,True,True,False,籼,中稻,长江上游中籼迟熟组,668.11,9.28,丰两优四号,648.06,5.23,155.3,,115.0,14.9,23.2,218.3,84.8,27.7,,,7.0,感稻瘟病,3.0,中抗白叶枯病,9.0,抽穗期耐热性较强,耐冷性一般,56.3,1.2,,17.0,62.0,3.0,7.0,2.0,《食用稻品种品质》,False,,1014,Upper Yangtze,Single/Mid,Three-line hybrid,Unknown,0,1.0,0.0,True,False,False
4323,丽香优纳丝苗,国审稻20210082,2021.0,国审,,True,True,False,籼,中稻,长江上游中籼迟熟组,585.01,4.1,,,2.31,152.6,,120.2,15.5,23.2,203.2,83.5,21.8,,,5.0,中感稻瘟病,,,9.0,,耐冷性较弱,66.6,0.1,,18.3,74.0,4.1,7.0,2.0,《食用稻品种品质》,False,,530,Upper Yangtze,Single/Mid,Three-line hybrid,Unknown,0,1.0,1.0,True,False,False
6739,百香优 125,国审稻20210083,2021.0,国审,,True,True,False,籼,中稻,长江上游中籼迟熟组,581.96,3.56,,,2.48,150.8,,117.0,15.2,23.8,210.7,83.2,21.6,,,5.0,中感稻瘟病,,,9.0,,耐冷性一般,66.5,0.0,,18.8,61.0,3.7,7.0,2.0,《食用稻品种品质》,False,,535,Upper Yangtze,Single/Mid,Three-line hybrid,Unknown,0,1.0,1.0,True,False,False
4589,荃优雅占,国审稻20210084,2021.0,国审,,True,True,False,籼,中稻,长江上游中籼迟熟组,673.83,6.97,,,3.73,154.0,,107.3,15.7,24.2,200.4,84.1,27.2,,,5.0,中感稻瘟病,,,9.0,抽穗期耐热性强,耐冷性一般,49.6,5.8,,15.0,75.0,3.0,3.7,,,False,,510,Upper Yangtze,Single/Mid,Three-line hybrid,Unknown,0,,1.0,True,False,False
6609,深两优五山丝苗,国审稻20210085,2021.0,国审,,True,False,True,籼,中稻,长江上游中籼迟熟组,653.05,3.7,,,5.13,157.0,,104.1,17.1,24.0,192.4,83.5,24.24,,,5.0,中感稻瘟病,,,9.0,,耐冷性一般,57.9,2.9,,17.4,65.0,3.0,6.6,,《食用稻品种品质》,False,,533,Upper Yangtze,Single/Mid,Two-line hybrid,Unknown,0,,1.0,True,False,False
7198,和两优 1177,国审稻20210087,2021.0,国审,,True,False,True,籼,中稻,长江上游中籼迟熟组,650.29,5.2,,,5.89,153.1,,107.3,17.8,23.6,168.7,85.9,26.3,,,7.0,感稻瘟病,,,9.0,抽穗期耐热性 强,耐冷性较强,64.7,1.4,,15.6,,2.8,6.7,2.0,《食用稻品种品质》,False,,538,Upper Yangtze,Single/Mid,Two-line hybrid,Unknown,0,1.0,0.0,True,False,False
6656,宜香优润禾,国审稻20210088,2021.0,国审,,True,True,False,籼,中稻,长江上游中籼迟熟组,636.54,3.2,,,4.1,153.5,,123.6,14.5,25.4,185.8,81.4,29.1,,,5.0,中感稻瘟病,,,9.0,,耐冷性较弱,68.2,1.7,,,75.7,3.0,7.0,2.0,,False,,541,Upper Yangtze,Single/Mid,Three-line hybrid,Unknown,0,1.0,1.0,True,False,False
6621,川康优 6308,国审稻20210090,2021.0,国审,,True,True,False,籼,中稻,长江上游中籼迟熟组,625.46,2.46,,639.16,3.15,153.9,,114.5,15.1,23.4,182.1,82.1,28.0,,,7.0,感稻瘟病,,,9.0,抽穗期耐热性 较弱,耐冷性一般,61.3,0.8,,18.8,77.5,3.3,7.0,,《食用稻品种品质》,False,,538,Upper Yangtze,Single/Mid,Three-line hybrid,Unknown,0,,0.0,True,False,False
4344,喜两优丝苗,国审稻20210091,2021.0,国审,,True,False,True,籼,中稻,长江上游中籼迟熟组,621.76,1.9,,,3.79,155.6,,111.2,15.8,23.2,,84.0,26.2,,,5.0,中感稻瘟病,,,7.0,抽穗期耐热性较强,耐冷性一般,64.4,0.2,,16.4,68.0,3.0,6.8,2.0,《食用稻品种品质》,False,,524,Upper Yangtze,Single/Mid,Two-line hybrid,Unknown,0,1.0,1.0,True,False,False
5994,喜两优超占,国审稻20210092,2021.0,国审,,True,False,True,籼,中稻,长江上游中籼迟熟组,626.07,2.4,,,3.19,156.6,,115.0,15.4,23.7,,83.2,26.5,,,5.0,中感稻瘟病,,,9.0,抽穗期耐热性较 强,耐冷性一般,64.4,0.5,,16.5,,2.9,6.8,2.0,《食用稻品种品质》,False,,532,Upper Yangtze,Single/Mid,Two-line hybrid,Unknown,0,1.0,1.0,True,False,False
6586,泰两优 887,国审稻20210093,2021.0,国审,,True,False,True,籼,中稻,长江上游中籼迟熟组,642.91,5.27,,,6.37,154.5,,118.9,15.0,25.6,183.9,87.7,31.5,,,5.0,中感稻瘟病,,,9.0,,耐冷性一般,55.0,1.8,,17.1,64.0,3.1,7.0,2.0,《食用稻品种品质》,False,,529,Upper Yangtze,Single/Mid,Two-line hybrid,Unknown,0,1.0,1.0,True,False,False
3451,甬优 4949,国审稻20210094,2021.0,国审,,True,True,False,籼,中稻,长江上游中籼迟熟组,638.67,4.21,,,4.83,152.3,,108.6,14.4,22.9,234.0,88.5,24.2,,,7.0,感稻瘟病,,,9.0,耐热性强,耐冷性较弱,71.4,1.2,,16.0,67.0,2.0,6.8,,《食用稻品种品质》,False,,542,Upper Yangtze,Single/Mid,Three-line hybrid,Unknown,0,,0.0,True,False,False
6224,甬优 4149,国审稻20210095,2021.0,国审,,True,True,False,籼,中稻,长江上游中籼迟熟组,639.44,4.12,,,4.11,150.5,,115.6,13.9,24.6,226.6,88.0,25.9,,,5.0,中感稻瘟病,,,9.0,耐热性强,耐冷性一般,70.0,3.4,,15.8,71.0,2.1,6.9,3.0,《食用稻品种品质》,False,,546,Upper Yangtze,Single/Mid,Three-line hybrid,Unknown,0,0.0,1.0,True,False,False
973,荃优鄂丰丝苗,国审稻20210097,2021.0,国审,,True,True,False,籼,中稻,长江上游中籼迟熟组,701.26,6.55,丰两优四号,653.96,6.01,155.1,,111.9,14.6,25.4,213.9,84.2,27.5,,,5.0,中感稻瘟病,7.0,感白叶枯病,9.0,抽穗期耐热性较强,耐冷性较弱,66.0,7.4,,16.3,77.0,2.9,6.8,2.0,,False,,1009,Upper Yangtze,Single/Mid,Three-line hybrid,Unknown,0,1.0,1.0,True,False,False
5658,锦城优丝苗,国审稻20210098,2021.0,国审,,True,True,False,籼,中稻,长江上游中籼迟熟组,630.85,5.32,,,4.89,147.7,,109.6,15.8,23.8,174.9,88.4,26.4,,,7.0,感稻瘟病,,,9.0,抽穗期耐热性 较强,耐冷性一般,62.6,1.5,,17.9,77.7,3.0,6.9,2.0,《食用稻品种品质》,False,,534,Upper Yangtze,Single/Mid,Three-line hybrid,Unknown,0,1.0,0.0,True,False,False
5057,钰香优 2727,国审稻20210099,2021.0,国审,,True,True,False,籼,中稻,长江上游中籼迟熟组,621.6,3.77,,,3.04,151.7,,120.3,15.7,25.8,166.2,84.7,30.5,,,5.0,中感稻瘟病,,,9.0,,耐冷性一般,57.2,2.7,,18.4,80.7,3.4,6.9,2.0,《食用稻品种品质》,False,,538,Upper Yangtze,Single/Mid,Three-line hybrid,Unknown,0,1.0,1.0,True,False,False
4511,锦城优 808,国审稻20210101,2021.0,国审,,True,True,False,籼,中稻,长江上游中籼迟熟组,638.49,5.57,,,8.17,154.6,,113.4,14.3,24.9,216.8,84.8,27.5,,,7.0,感稻瘟病,,,9.0,抽穗期耐热性 一般,耐冷性一般,55.0,3.0,,17.9,68.0,3.2,6.8,,《食用稻品种品质》,False,,540,Upper Yangtze,Single/Mid,Three-line hybrid,Unknown,0,,0.0,True,False,False
3191,甜香优 2115,国审稻20210102,2021.0,国审,,True,True,False,籼,中稻,长江上游中籼迟熟组,617.71,3.12,,,2.05,148.1,,115.4,15.5,25.5,167.0,85.8,30.6,,,7.0,感稻瘟病,,,9.0,抽穗期耐热性 较强,耐冷性较弱,58.8,0.9,,17.4,77.0,3.4,7.0,,《食用稻品种品质》,False,,537,Upper Yangtze,Single/Mid,Three-line hybrid,Unknown,0,,0.0,True,False,False
5095,蜀香优 668,国审稻20210104,2021.0,国审,,True,True,False,籼,中稻,长江上游中籼迟熟组,633.36,4.82,,,6.62,154.0,,111.1,17.1,24.7,174.4,86.5,25.7,,,5.0,中感稻瘟病,,,7.0,抽穗期耐热性 较强,耐冷性较强,68.0,0.6,,16.8,72.0,2.8,7.0,,《食用稻品种品质》,False,,536,Upper Yangtze,Single/Mid,Three-line hybrid,Unknown,0,,1.0,True,False,False
5096,泰香优美玉,国审稻20210105,2021.0,国审,,True,True,False,籼,中稻,长江上游中籼迟熟组,630.44,3.33,,,5.58,151.1,,114.4,16.1,24.2,182.8,86.2,26.2,,,7.0,感稻瘟病,,,9.0,抽穗期耐热性 较强,耐冷性较弱,62.3,0.4,,16.5,74.5,3.7,7.0,,《食用稻品种品质》,False,,534,Upper Yangtze,Single/Mid,Three-line hybrid,Unknown,0,,0.0,True,False,False
3340,宜香优 2118,国审稻20210107,2021.0,国审,,True,True,False,籼,中稻,长江上游中籼迟熟组,618.09,5.49,,,5.27,152.6,,125.7,15.0,26.4,157.7,83.6,32.9,,,7.0,感稻瘟病,,,7.0,抽穗期耐热性较 弱,耐冷性一般,66.0,1.7,,15.3,,3.0,6.8,,《食用稻品种品质》,False,,533,Upper Yangtze,Single/Mid,Three-line hybrid,Unknown,0,,0.0,True,False,False
4235,品香优五山丝苗,国审稻20210110,2021.0,国审,,True,True,False,籼,中稻,长江上游中籼迟熟组,639.35,3.66,,,4.9,152.5,,112.7,15.6,25.1,,83.6,26.1,,,7.0,感稻瘟病,,,5.0,抽穗期耐热性较强,耐冷性较强,65.7,0.8,,17.1,72.3,3.1,6.9,2.0,《食用稻品种品质》,False,,534,Upper Yangtze,Single/Mid,Three-line hybrid,Unknown,0,1.0,0.0,True,False,False
6672,品香优明珍,国审稻20210111,2021.0,国审,,True,True,False,籼,中稻,长江上游中籼迟熟组,638.1,3.46,,,3.86,152.4,,115.0,15.6,25.1,182.7,83.6,27.4,,,5.0,中感稻瘟病,,,7.0,抽穗期耐热性 较强,耐冷性较弱,64.0,1.0,,15.8,76.3,3.1,7.0,,《食用稻品种品质》,False,,531,Upper Yangtze,Single/Mid,Three-line hybrid,Unknown,0,,1.0,True,False,False
5439,秋两优慧丝,国审稻20210114,2021.0,国审,,True,False,True,籼,中稻,长江上游中籼迟熟组,609.15,8.39,,585.38,4.95,152.8,,109.7,15.3,24.2,196.0,84.3,25.8,,,5.0,中感稻瘟病,,,9.0,,耐冷性较强,58.9,0.9,,16.2,72.0,3.3,6.7,,《食用稻品种品质》,False,,532,Upper Yangtze,Single/Mid,Two-line hybrid,Unknown,0,,1.0,True,False,False
3463,徽两优美香新占,国审稻20210115,2021.0,国审,,True,False,True,籼,中稻,长江上游中籼迟熟组,682.65,3.68,丰两优四号,665.68,4.49,153.9,,104.5,17.0,22.2,210.5,82.3,24.0,,,7.0,感稻瘟病,5.0,中感白叶枯病,9.0,抽穗期耐热性 强,耐冷性一般,55.1,1.2,,17.7,60.0,3.1,6.9,2.0,《食用稻品种品质》,False,,1029,Upper Yangtze,Single/Mid,Two-line hybrid,Unknown,0,1.0,0.0,True,False,False
3617,荃两优 069,国审稻20210116,2021.0,国审,,True,False,True,籼,中稻,长江上游中籼迟熟组,685.46,4.1,,,3.39,155.5,,107.8,16.2,22.0,,84.7,26.2,,,5.0,中感稻瘟病,,,9.0,抽穗期耐热性较 强,耐冷性较强,55.0,1.5,,17.5,,3.1,7.0,2.0,《食用稻品种品质》,False,,536,Upper Yangtze,Single/Mid,Two-line hybrid,Unknown,0,1.0,1.0,True,False,False
3415,晶两优 8612,国审稻20210118,2021.0,国审,,True,False,True,籼,中稻,武陵山区中籼组,,,,586.54,10.93,147.4,,117.1,16.6,25.6,194.8,82.5,24.6,,,1.0,抗稻瘟病,,,,,耐冷性一般,61.0,5.6,,13.6,90.0,3.0,3.8,,,False,,472,Wuling Mountains,Single/Mid,Two-line hybrid,Unknown,0,,1.0,False,False,False
3542,宜香优 2115,国审稻20210119,2021.0,国审,,True,True,False,籼,中稻,武陵山区中籼组,,,瑞优399,553.15,4.62,146.0,,124.0,15.5,26.9,162.4,83.7,32.1,,,1.0,抗稻瘟病,,,,,耐冷性一般,52.3,4.9,,15.9,73.0,3.1,6.8,3.0,《食用稻品种品质》,False,,493,Wuling Mountains,Single/Mid,Three-line hybrid,Unknown,0,0.0,1.0,False,False,False
3356,全两优 1822,国审稻20210121,2021.0,国审,,True,False,True,籼,中稻,长江中下游中籼迟熟组,619.34,1.96,丰两优四号,,,134.5,,114.0,16.0,25.2,204.3,81.1,24.3,,,3.0,中抗稻瘟病,7.0,感白叶枯病,9.0,抽穗期耐热性较强,,61.1,1.4,,14.0,74.0,3.2,5.1,3.0,,False,,536,Middle-Lower Yangtze,Single/Mid,Two-line hybrid,Unknown,0,0.0,1.0,False,False,False
6278,泸两优 2840,国审稻20210124,2021.0,国审,,True,False,True,籼,中稻,长江中下游中籼迟熟组,629.74,3.44,丰两优四号,,,,,,,,,,,,,,,,,,,,,,,,,,,,,False,,250,Middle-Lower Yangtze,Single/Mid,Two-line hybrid,Unknown,0,,,False,False,False
6270,荃优 291,国审稻20210125,2021.0,国审,,True,True,False,籼,中稻,长江中下游中籼迟熟组,626.44,4.34,丰两优四号,,,,,,,,,,,,,,,,,,,,,,,,,,,,,False,,251,Middle-Lower Yangtze,Single/Mid,Three-line hybrid,Unknown,0,,,False,False,False
3667,Y 两优 919,国审稻20210127,2021.0,国审,,True,False,True,籼,中稻,长江中下游中籼迟熟组,673.59,8.09,丰两优四号,,,138.4,,123.7,16.7,27.7,201.4,84.2,24.6,,,7.0,感稻瘟病,5.0,感白叶枯病,9.0,抽穗期耐热性较强,,70.3,0.6,,13.8,78.0,3.0,5.0,3.0,,False,,519,Middle-Lower Yangtze,Single/Mid,Two-line hybrid,Unknown,0,0.0,0.0,True,False,False
5287,Q 两优 169,国审稻20210128,2021.0,国审,,True,False,True,籼,中稻,长江中下游中籼迟熟组,660.99,6.52,丰两优四号,,,136.3,,118.4,17.0,25.5,203.3,82.6,24.6,,,5.0,中感稻瘟病,5.0,中感白叶枯病,9.0,抽穗期耐热性一般,,67.3,1.7,,15.0,77.0,3.2,6.1,2.0,,False,,533,Middle-Lower Yangtze,Single/Mid,Two-line hybrid,Unknown,0,1.0,1.0,True,False,False
5074,钢两优 1010,国审稻20210131,2021.0,国审,,True,False,True,籼,中稻,长江中下游中籼迟熟组,672.06,9.59,丰两优四号,,,137.4,,119.0,17.0,24.4,224.1,82.3,23.6,,,3.0,中抗稻瘟病,7.0,感白叶枯病,9.0,抽穗期耐热性较弱,,60.7,2.0,,21.4,65.7,3.1,6.3,3.0,,False,,530,Middle-Lower Yangtze,Single/Mid,Two-line hybrid,Unknown,0,0.0,1.0,False,False,False
6165,荃优 60,国审稻20210132,2021.0,国审,,True,True,False,籼,中稻,长江中下游中籼迟熟组,646.24,5.64,丰两优四号,,,134.4,,124.8,13.9,26.1,187.2,87.1,31.6,,,3.0,中抗稻瘟病,7.0,感白叶枯病,9.0,抽穗期耐热性较强,,64.6,2.0,,14.7,79.0,3.0,5.1,3.0,,False,,526,Middle-Lower Yangtze,Single/Mid,Three-line hybrid,Unknown,0,0.0,1.0,False,False,False
3051,Q 两优 532,国审稻20210133,2021.0,国审,,True,False,True,籼,中稻,长江中下游中籼迟熟组,672.78,9.52,丰两优四号,,,135.6,,112.7,15.8,25.5,217.7,86.2,25.4,,,3.0,中抗稻瘟病,7.0,感白叶枯病,9.0,抽穗期耐热性强,,56.8,1.3,,14.8,80.3,3.0,5.3,3.0,,False,,527,Middle-Lower Yangtze,Single/Mid,Two-line hybrid,Unknown,0,0.0,1.0,False,False,False
6225,荆两优 1167,国审稻20210134,2021.0,国审,,True,False,True,籼,中稻,长江中下游中籼迟熟组,647.56,5.6,丰两优四号,,,139.5,,123.0,16.2,24.9,202.8,81.8,24.9,,,,中抗稻瘟病,,感白叶枯病,,抽穗期耐热性一般,,60.9,0.6,,15.2,76.0,3.1,6.8,2.0,《食用稻品种品质》,False,,540,Middle-Lower Yangtze,Single/Mid,Two-line hybrid,Unknown,0,1.0,,False,False,False
5219,两优 5074,国审稻20210135,2021.0,国审,,True,False,True,籼,中稻,长江中下游中籼迟熟组,669.3,8.25,丰两优四号,,,133.3,,113.1,17.6,24.1,200.9,86.2,23.1,,,5.0,中感稻瘟病,5.0,中感白叶枯病,9.0,抽穗期耐热性较强,,64.1,0.8,,17.1,76.5,3.2,6.8,1.0,《食用稻品种品质》,False,,525,Middle-Lower Yangtze,Single/Mid,Two-line hybrid,Unknown,0,1.0,1.0,True,False,False
4226,星两优 551,国审稻20210137,2021.0,国审,,True,False,True,籼,中稻,长江中下游中籼迟熟组,625.73,4.7,丰两优四号,,,134.3,,130.1,15.2,27.3,217.7,81.3,25.3,,,5.0,中感稻瘟病,7.0,感白叶枯病,7.0,抽穗期耐热性一般,,62.6,11.9,,20.9,40.0,3.1,7.0,,,False,,510,Middle-Lower Yangtze,Single/Mid,Two-line hybrid,Unknown,0,,1.0,True,False,False
6451,Y 两优 1166,国审稻20210139,2021.0,国审,,True,False,True,籼,中稻,长江中下游中籼迟熟组,582.65,-4.1,丰两优四号,617.8,1.7,125.9,,116.9,19.4,27.1,186.2,86.1,22.0,,,7.0,感稻瘟病,5.0,中感白叶枯病,7.0,抽穗期耐热性一般,,62.8,1.1,,13.9,73.3,3.4,6.1,2.0,,False,,528,Middle-Lower Yangtze,Single/Mid,Two-line hybrid,Unknown,0,1.0,0.0,True,False,False
5723,徽两优 007,国审稻20210140,2021.0,国审,,True,False,True,籼,中稻,长江中下游中籼迟熟组,647.1,5.6,丰两优四号,632.7,6.0,131.0,,123.8,16.4,24.8,211.4,81.7,24.9,,,7.0,感稻瘟病,7.0,感白叶枯病,9.0,抽穗期耐热性一般,,61.5,10.8,,,34.0,3.2,5.3,,,False,,498,Middle-Lower Yangtze,Single/Mid,Two-line hybrid,Unknown,0,,0.0,True,False,False
7524,深两优 19,国审稻20210141,2021.0,国审,,True,False,True,籼,中稻,长江中下游中籼迟熟组,624.06,1.68,丰两优四号,,,136.9,,129.9,15.4,26.5,197.9,83.9,26.2,,,9.0,高感稻瘟病,7.0,感白叶枯病,9.0,抽穗期耐热性较强,,62.6,16.0,,,72.0,3.1,6.0,,《食用稻品种品质》,False,,526,Middle-Lower Yangtze,Single/Mid,Two-line hybrid,Unknown,0,,0.0,True,False,False
6940,深两优 8226,国审稻20210142,2021.0,国审,,True,False,True,籼,中稻,长江中下游中籼迟熟组,666.73,4.89,丰两优四号,,,135.3,,139.7,14.5,27.4,210.3,85.4,27.9,,,9.0,高感稻瘟病,9.0,高感白叶枯病,9.0,抽穗期耐热性较强,,52.4,13.0,,19.7,57.0,2.9,5.5,,,False,,510,Middle-Lower Yangtze,Single/Mid,Two-line hybrid,Unknown,0,,0.0,True,False,False
4663,两优 1314,国审稻20210146,2021.0,国审,,True,False,True,籼,中稻,长江中下游中籼迟熟组,645.24,4.51,丰两优四号,,,133.4,,125.6,17.5,25.1,163.4,88.2,27.9,,,9.0,高感稻瘟病,5.0,中感白叶枯病,7.0,抽穗期耐热性强,,59.5,0.6,,15.1,78.0,3.2,6.6,2.0,,False,,528,Middle-Lower Yangtze,Single/Mid,Two-line hybrid,Unknown,0,1.0,0.0,True,False,False
6348,兴两优 1134,国审稻20210147,2021.0,国审,,True,False,True,籼,中稻,长江中下游中籼迟熟组,655.76,6.1,丰两优四号,588.07,3.65,132.9,,123.1,16.8,25.5,190.5,61.2,25.7,,,9.0,高感稻瘟病,7.0,感白叶枯病,9.0,,耐冷性较强,61.2,8.5,,,44.0,2.9,4.2,,,False,,504,Middle-Lower Yangtze,Single/Mid,Two-line hybrid,Unknown,0,,0.0,True,False,False
3711,润君优 656,国审稻20210151,2021.0,国审,,True,True,False,籼,中稻,长江中下游中籼迟熟组,650.05,4.3,丰两优四号,656.66,5.56,130.5,,121.4,19.1,25.5,205.4,83.5,23.1,,,7.0,感稻瘟病,5.0,中感白叶枯病,9.0,抽穗期耐热性较强,,58.3,1.6,,14.6,66.0,4.1,5.0,3.0,《食用稻品种品质》,False,,519,Middle-Lower Yangtze,Single/Mid,Three-line hybrid,Unknown,0,0.0,0.0,True,False,False
4849,徽两优 27 占,国审稻20210152,2021.0,国审,,True,False,True,籼,中稻,长江中下游中籼迟熟组,652.3,2.6,丰两优四号,609.5,3.3,127.8,,111.2,18.3,23.1,190.0,84.9,24.9,,,5.0,中感稻瘟病,9.0,高感白叶枯病,9.0,抽穗期耐热性较强,,60.3,1.7,,13.3,75.3,3.3,5.5,3.0,《食用稻品种品质》,False,,519,Middle-Lower Yangtze,Single/Mid,Two-line hybrid,Unknown,0,0.0,1.0,True,False,False
4254,浙大荃优 1610,国审稻20210153,2021.0,国审,,True,True,False,籼,中稻,长江中下游中籼迟熟组,656.0,3.2,丰两优四号,620.1,5.1,131.4,,112.3,15.1,22.0,273.3,79.4,21.5,,,7.0,感稻瘟病,5.0,中感白叶枯病,9.0,抽穗期耐热性较弱,,63.4,2.2,,15.1,74.7,2.3,6.3,2.0,,False,,521,Middle-Lower Yangtze,Single/Mid,Three-line hybrid,Unknown,0,1.0,0.0,True,False,False
5731,两优 8206,国审稻20210155,2021.0,国审,,True,False,True,籼,中稻,长江中下游中籼迟熟组,647.46,4.32,丰两优四号,,,,,,,,,,,,,,,,,,,,,,,,,,,,,False,,254,Middle-Lower Yangtze,Single/Mid,Two-line hybrid,Unknown,0,,,False,False,False
6789,深两优 7278,国审稻20210156,2021.0,国审,,True,False,True,籼,中稻,长江中下游中籼迟熟组,640.13,4.52,丰两优四号,,,131.3,,117.3,16.6,25.3,210.0,87.2,23.1,,,9.0,高感稻瘟病,9.0,高感白叶枯病,9.0,抽穗期耐热性较强,,64.7,3.3,,15.0,67.0,3.0,5.1,3.0,,False,,538,Middle-Lower Yangtze,Single/Mid,Two-line hybrid,Unknown,0,0.0,0.0,True,False,False
3395,徽两优慧占,国审稻20210158,2021.0,国审,,True,False,True,籼,中稻,长江中下游中籼迟熟组,656.2,5.1,丰两优四号,,,132.6,,119.7,17.9,24.5,207.0,84.3,23.2,,,7.0,感稻瘟病,7.0,感白叶枯病,9.0,抽穗期耐热性较强,,64.9,6.2,,15.4,62.0,3.3,4.3,,,False,,509,Middle-Lower Yangtze,Single/Mid,Two-line hybrid,Unknown,0,,0.0,True,False,False
5334,淳丰优 3 号,国审稻20210159,2021.0,国审,,True,True,False,籼,中稻,长江中下游中籼迟熟组,648.17,3.29,丰两优四号,,,135.8,,123.9,16.1,28.5,188.9,82.2,26.8,,,5.0,中感稻瘟病,5.0,中感白叶枯病,9.0,抽穗期耐热性较强,,55.4,0.8,,15.2,85.0,3.4,6.9,2.0,,False,,533,Middle-Lower Yangtze,Single/Mid,Three-line hybrid,Unknown,0,1.0,1.0,True,False,False
5041,徽两优 008,国审稻20210160,2021.0,国审,,True,False,True,籼,中稻,长江中下游中籼迟熟组,674.4,4.6,丰两优四号,641.3,4.8,137.0,,119.7,17.2,24.0,209.1,83.1,23.5,,,5.0,,7.0,感白叶枯病,9.0,抽穗期耐热性较强,,69.8,4.9,,,57.0,3.2,5.6,3.0,,False,,511,Middle-Lower Yangtze,Single/Mid,Two-line hybrid,Unknown,0,0.0,1.0,False,False,False
4069,荃两优 136,国审稻20210161,2021.0,国审,,True,False,True,籼,中稻,长江中下游中籼迟熟组,664.49,3.29,丰两优四号,,,134.2,,129.6,15.6,25.3,200.8,82.8,26.5,,,3.0,中抗稻瘟病,5.0,中感白叶枯病,9.0,抽穗期耐热性较强,,57.7,6.3,,19.0,59.0,2.9,7.0,,,False,,511,Middle-Lower Yangtze,Single/Mid,Two-line hybrid,Unknown,0,,1.0,False,False,False
3259,徽两优香丝苗,国审稻20210162,2021.0,国审,,True,False,True,籼,中稻,长江中下游中籼迟熟组,656.05,0.82,丰两优四号,627.36,3.23,132.1,,119.9,17.4,24.4,194.0,87.2,24.8,,,3.0,中抗稻瘟病,7.0,感白叶枯病,9.0,,,55.4,0.4,,,78.0,3.3,5.3,,,False,,502,Middle-Lower Yangtze,Single/Mid,Two-line hybrid,Unknown,0,,1.0,False,False,False
3786,荃优绿丝苗,国审稻20210163,2021.0,国审,,True,True,False,籼,中稻,长江中下游中籼迟熟组,662.38,3.18,丰两优四号,,,130.7,,127.0,15.3,26.2,217.1,84.2,26.0,,,5.0,中感稻瘟病,7.0,感白叶枯病,9.0,抽穗期耐热性较强,,51.3,6.2,,14.7,75.0,3.1,5.0,,,False,,505,Middle-Lower Yangtze,Single/Mid,Three-line hybrid,Unknown,0,,1.0,True,False,False
3567,荃优美香新占,国审稻20210164,2021.0,国审,,True,True,False,籼,中稻,长江中下游中籼迟熟组,669.62,7.02,丰两优四号,,,132.2,,118.5,16.7,25.6,215.0,83.2,25.5,,,5.0,中感稻瘟病,7.0,感白叶枯病,9.0,抽穗期耐热性强,,64.8,3.2,,15.7,57.0,3.1,6.5,3.0,,False,,535,Middle-Lower Yangtze,Single/Mid,Three-line hybrid,Unknown,0,0.0,1.0,True,False,False
6392,N 两优 4118,国审稻20210166,2021.0,国审,,True,False,True,籼,中稻,长江中下游中籼迟熟组,668.51,6.83,丰两优四号,,,133.3,,119.2,18.1,24.7,186.4,84.9,24.3,,,7.0,感稻瘟病,7.0,,9.0,抽穗期耐热性一般,,65.1,4.6,,15.5,56.0,3.1,6.6,3.0,,False,,529,Middle-Lower Yangtze,Single/Mid,Two-line hybrid,Unknown,0,0.0,0.0,True,False,False
4648,C 两优晶丝苗,国审稻20210169,2021.0,国审,,True,False,True,籼,中稻,长江中下游中籼迟熟组,653.84,1.45,丰两优四号,,,133.0,,115.5,17.3,24.6,200.2,85.0,24.0,,,9.0,高感稻瘟病,5.0,中感白叶枯病,9.0,抽穗期耐热性强,,67.9,2.0,,,60.0,3.1,6.0,2.0,《食用稻品种品质》,False,,528,Middle-Lower Yangtze,Single/Mid,Two-line hybrid,Unknown,0,1.0,0.0,True,False,False
5702,华两优 236,国审稻20210170,2021.0,国审,,True,False,True,籼,中稻,长江中下游中籼迟熟组,651.71,4.15,丰两优四号,,,135.9,,135.6,16.2,27.1,195.6,82.8,28.4,,,5.0,中感稻瘟病,1.0,抗白叶枯病,9.0,耐热性 7 级,,63.5,5.0,,,77.0,3.2,5.0,3.0,部标,False,,521,Middle-Lower Yangtze,Single/Mid,Two-line hybrid,Unknown,0,0.0,1.0,True,False,False
5017,信两优 905,国审稻20210171,2021.0,国审,,True,False,True,籼,中稻,长江中下游中籼迟熟组,660.95,5.62,丰两优四号,,,,,,,,,,,,,,,,,,,,,,,,,,,,,False,,257,Middle-Lower Yangtze,Single/Mid,Two-line hybrid,Unknown,0,,,False,False,False
6926,济优 6 号,国审稻20210172,2021.0,国审,,True,True,False,籼,中稻,长江中下游中籼迟熟组,642.88,2.47,丰两优四号,,,127.2,,107.8,16.7,25.4,178.4,82.2,27.9,,,7.0,感稻瘟病,5.0,感白叶枯病,9.0,抽穗期耐热性强,,56.7,1.9,,16.2,71.0,3.4,6.9,2.0,,False,,526,Middle-Lower Yangtze,Single/Mid,Three-line hybrid,Unknown,0,1.0,0.0,True,False,False
6115,勇两优全赢丝苗,国审稻20210173,2021.0,国审,,True,False,True,籼,中稻,长江中下游中籼迟熟组,663.85,3.47,丰两优四号,,,132.7,,121.7,16.6,25.7,218.8,82.7,23.7,,,5.0,中感稻瘟病,5.0,中感白叶枯病,9.0,抽穗期耐热性较强,,57.7,5.6,,19.4,61.3,3.2,6.8,,,False,,509,Middle-Lower Yangtze,Single/Mid,Two-line hybrid,Unknown,0,,1.0,True,False,False
6835,功两优 2 号,国审稻20210174,2021.0,国审,,True,False,True,籼,中稻,长江中下游中籼迟熟组,674.01,7.35,丰两优四号,,,135.7,,122.4,16.8,24.6,205.2,83.6,26.6,,,5.0,中感稻瘟病,5.0,中感白叶枯病,9.0,,,56.5,0.1,,15.2,82.0,3.3,6.3,2.0,《食用稻品种品质》,False,,524,Middle-Lower Yangtze,Single/Mid,Two-line hybrid,Unknown,0,1.0,1.0,True,False,False
5499,冲两优 2 号,国审稻20210175,2021.0,国审,,True,False,True,籼,中稻,长江中下游中籼迟熟组,666.65,6.25,丰两优四号,,,134.7,,122.0,17.3,25.1,193.8,85.5,24.8,,,7.0,感稻瘟病,5.0,中感白叶枯病,9.0,,,57.6,0.5,,14.8,78.0,3.3,6.2,,《食用稻品种品质》,False,,519,Middle-Lower Yangtze,Single/Mid,Two-line hybrid,Unknown,0,,0.0,True,False,False
6698,泰两优 1808,国审稻20210176,2021.0,国审,,True,False,True,籼,中稻,长江中下游中籼迟熟组,677.21,4.23,丰两优四号,,,130.8,,118.4,17.7,25.0,187.1,88.3,26.0,,,7.0,感稻瘟病,7.0,感白叶枯病,9.0,抽穗期耐热性较强,,62.6,8.4,,14.2,85.0,3.2,3.4,,,False,,510,Middle-Lower Yangtze,Single/Mid,Two-line hybrid,Unknown,0,,0.0,True,False,False
4391,荃优 8016,国审稻20210177,2021.0,国审,,True,True,False,籼,中稻,长江中下游中籼迟熟组,659.76,5.99,丰两优四号,,,134.0,,124.2,15.4,26.2,207.0,81.1,29.4,,,5.0,中感稻瘟病,7.0,,9.0,抽穗期耐热性较强,,53.0,3.2,,,79.0,3.0,4.7,,,False,,508,Middle-Lower Yangtze,Single/Mid,Three-line hybrid,Unknown,0,,1.0,True,False,False
6646,徽两优 699,国审稻20210178,2021.0,国审,,True,False,True,籼,中稻,长江中下游中籼迟熟组,642.7,4.85,丰两优四号,,,133.0,,124.9,16.0,25.4,205.8,80.0,27.0,,,7.0,感稻瘟病,9.0,,9.0,抽穗期耐热性一般,,66.7,5.2,,,81.0,3.1,3.3,,,False,,505,Middle-Lower Yangtze,Single/Mid,Two-line hybrid,Unknown,0,,0.0,True,False,False
6941,荃优 2289,国审稻20210181,2021.0,国审,,True,True,False,籼,中稻,长江中下游中籼迟熟组,675.73,4.85,丰两优四号,,,133.1,,120.7,16.3,25.5,207.7,85.5,26.2,,,7.0,感稻瘟病,7.0,感白叶枯病,9.0,抽穗期耐热性较强,,67.6,3.6,,17.1,68.0,3.0,5.3,3.0,,False,,533,Middle-Lower Yangtze,Single/Mid,Three-line hybrid,Unknown,0,0.0,0.0,True,False,False
5505,深两优 811,国审稻20210182,2021.0,国审,,True,False,True,籼,中稻,长江中下游中籼迟熟组,658.17,2.13,丰两优四号,,,131.0,,124.8,13.7,26.8,236.6,87.8,26.3,,,7.0,感稻瘟病,9.0,高感白叶枯病,9.0,抽穗期耐热性较强,,64.0,2.3,,16.4,60.0,3.1,7.0,2.0,,False,,537,Middle-Lower Yangtze,Single/Mid,Two-line hybrid,Unknown,0,1.0,0.0,True,False,False
5703,圳两优 2018,国审稻20210183,2021.0,国审,,True,False,True,籼,中稻,长江中下游中籼迟熟组,668.21,4.1,丰两优四号,,,133.0,,121.9,17.5,25.0,194.5,86.9,23.7,,,3.0,中抗稻瘟病,5.0,中感白叶枯病,9.0,抽穗期耐热性较强,,68.7,1.5,,17.2,60.0,3.1,7.0,2.0,,False,,526,Middle-Lower Yangtze,Single/Mid,Two-line hybrid,Unknown,0,1.0,1.0,False,False,False
5516,原两优越丰占,国审稻20210186,2021.0,国审,,True,False,True,籼,中稻,长江中下游中籼迟熟组,646.01,5.49,丰两优四号,,,134.5,,120.8,15.9,27.0,208.8,84.4,25.3,,,,高感稻瘟病,5.0,中感白叶枯病,9.0,抽穗期耐热性较强,,60.1,9.5,,15.4,63.0,3.1,4.8,,,False,,505,Middle-Lower Yangtze,Single/Mid,Two-line hybrid,Unknown,0,,,True,False,False
4314,春 9 两优 534,国审稻20210191,2021.0,国审,,True,False,True,籼,中稻,长江中下游中籼迟熟组,664.84,6.04,丰两优四号,660.07,6.66,132.6,,120.4,16.0,24.6,218.8,81.6,26.0,,,5.0,中感稻瘟病,9.0,高感白叶枯病,9.0,抽穗期耐热性强,,58.1,4.2,,15.8,61.0,3.2,6.6,3.0,,False,,525,Middle-Lower Yangtze,Single/Mid,Two-line hybrid,Unknown,0,0.0,1.0,True,False,False
5600,硕两优 5 号,国审稻20210195,2021.0,国审,,True,False,True,籼,中稻,长江中下游中籼迟熟组,661.62,3.07,丰两优四号,,,133.0,,122.2,16.7,23.8,205.7,84.6,23.5,,,5.0,中感稻瘟病,7.0,感白叶枯病,9.0,抽穗期耐热性较强,,68.9,2.7,,16.7,61.0,3.1,6.0,2.0,,False,,530,Middle-Lower Yangtze,Single/Mid,Two-line hybrid,Unknown,0,1.0,1.0,True,False,False
7589,韶优 766,国审稻20210196,2021.0,国审,,True,True,False,籼,中稻,长江中下游中籼迟熟组,658.6,5.4,丰两优四号,645.95,3.43,128.4,,122.3,18.1,27.2,217.4,78.7,22.4,,,7.0,中感稻瘟病,7.0,感白叶枯病,9.0,抽穗期耐热性较强,,41.3,3.5,,16.9,55.0,3.5,7.0,,,False,,503,Middle-Lower Yangtze,Single/Mid,Three-line hybrid,Unknown,0,,0.0,True,False,False
5634,徽两优 636,国审稻20210197,2021.0,国审,,True,False,True,籼,中稻,长江中下游中籼迟熟组,648.59,5.77,丰两优四号,,,133.3,,117.1,16.6,25.3,210.0,84.9,23.4,,,7.0,感稻瘟病,5.0,感白叶枯病,9.0,抽穗期耐热性较强,,60.0,1.8,,19.1,60.0,3.4,6.7,2.0,,False,,531,Middle-Lower Yangtze,Single/Mid,Two-line hybrid,Unknown,0,1.0,0.0,True,False,False
6557,巧两优丝占,国审稻20210198,2021.0,国审,,True,False,True,籼,中稻,长江中下游中籼迟熟组,649.29,5.61,丰两优四号,,,135.7,,122.4,16.3,23.7,211.7,85.8,25.3,,,5.0,中感稻瘟病,5.0,中感白叶枯病,9.0,抽穗期耐热性较强,,60.6,2.0,,18.1,60.0,3.3,6.7,2.0,,False,,533,Middle-Lower Yangtze,Single/Mid,Two-line hybrid,Unknown,0,1.0,1.0,True,False,False
3771,易两优 311,国审稻20210199,2021.0,国审,,True,False,True,籼,中稻,长江中下游中籼迟熟组,688.9,10.57,丰两优四号,650.9,6.9,133.0,,117.7,18.2,24.5,171.7,86.6,27.4,,,5.0,中感稻瘟病,5.0,中感白叶枯病,3.0,抽穗期耐热性强,,59.9,1.5,,,79.0,3.3,5.5,3.0,,False,,527,Middle-Lower Yangtze,Single/Mid,Two-line hybrid,Unknown,0,0.0,1.0,True,False,False
5635,岑两优 1810,国审稻20210202,2021.0,国审,,True,False,True,籼,中稻,长江中下游中籼迟熟组,658.31,5.52,丰两优四号,,,128.1,,108.1,20.1,25.3,202.3,84.0,21.3,,,5.0,中感稻瘟病,7.0,感白叶枯病,9.0,抽穗期耐热性较强,,55.3,1.6,,13.7,71.0,3.2,6.3,2.0,,False,,528,Middle-Lower Yangtze,Single/Mid,Two-line hybrid,Unknown,0,1.0,1.0,True,False,False
5145,兴两优 1257,国审稻20210203,2021.0,国审,,True,False,True,籼,中稻,长江中下游中籼迟熟组,668.64,3.75,丰两优四号,,,130.8,,118.7,213.5,24.9,213.5,85.7,23.9,,,9.0,高感稻瘟病,7.0,感白叶枯病,9.0,抽穗期耐热性强,,67.8,2.1,,17.0,55.0,3.1,4.3,,,False,,510,Middle-Lower Yangtze,Single/Mid,Two-line hybrid,Unknown,0,,0.0,True,False,False
4885,嘉丰优 911,国审稻20210204,2021.0,国审,,True,True,False,籼,中稻,长江中下游中籼迟熟组,655.46,7.05,丰两优四号,,,134.2,,113.1,14.5,21.5,262.9,79.4,24.3,,,7.0,感稻瘟病,7.0,感白叶枯病,9.0,抽穗期耐热性一般,,63.1,7.1,,16.0,77.0,2.6,5.7,,,False,,517,Middle-Lower Yangtze,Single/Mid,Three-line hybrid,Unknown,0,,0.0,True,False,False
4580,徽两优绿丝苗,国审稻20210205,2021.0,国审,,True,False,True,籼,中稻,长江中下游中籼迟熟组,661.98,3.64,丰两优四号,638.57,4.79,131.0,,120.7,16.9,24.4,206.1,84.5,24.0,,,5.0,中感稻瘟病,7.0,感白叶枯病,9.0,抽穗期耐热性较强,,69.2,1.6,,16.8,66.3,3.4,6.5,2.0,,False,,527,Middle-Lower Yangtze,Single/Mid,Two-line hybrid,Unknown,0,1.0,1.0,True,False,False
6128,徽两优赋丝占,国审稻20210206,2021.0,国审,,True,False,True,籼,中稻,长江中下游中籼迟熟组,633.53,4.24,丰两优四号,,,130.2,,115.5,16.5,24.6,207.5,86.5,24.1,,,3.0,中抗稻瘟病,7.0,感白叶枯病,9.0,抽穗期耐热性较强,,59.3,7.7,,15.8,83.0,3.3,3.9,,,False,,503,Middle-Lower Yangtze,Single/Mid,Two-line hybrid,Unknown,0,,1.0,False,False,False
5482,林两优 1771,国审稻20210207,2021.0,国审,,True,False,True,籼,中稻,长江中下游中籼迟熟组,669.4,5.73,丰两优四号,,,133.8,,126.6,16.3,25.6,185.0,83.0,28.8,,,7.0,感稻瘟病,7.0,,9.0,抽穗期耐热性较强,,55.5,6.4,,14.4,78.0,3.2,3.9,,,False,,513,Middle-Lower Yangtze,Single/Mid,Two-line hybrid,Unknown,0,,0.0,True,False,False
4808,润两优 313,国审稻20210208,2021.0,国审,,True,False,True,籼,中稻,长江中下游中籼迟熟组,643.77,4.54,丰两优四号,,,130.1,,115.8,17.7,24.6,201.1,86.4,22.7,,,3.0,中抗稻瘟病,1.0,抗白叶枯病,9.0,抽穗期耐热性一般,,64.5,3.4,,16.0,63.0,3.3,5.0,3.0,《食用稻品种品质》,False,,542,Middle-Lower Yangtze,Single/Mid,Two-line hybrid,Unknown,0,0.0,1.0,False,False,False
4794,浙两优粤禾丝苗,国审稻20210209,2021.0,国审,,True,False,True,籼,中稻,长江中下游中籼迟熟组,669.45,3.34,丰两优四号,,,130.4,,118.6,16.4,24.1,209.6,84.5,24.1,,,5.0,中感稻瘟病,5.0,中感白叶枯病,9.0,抽穗期耐热性一般,,58.3,7.4,,19.1,74.7,3.1,4.3,,,False,,512,Middle-Lower Yangtze,Single/Mid,Two-line hybrid,Unknown,0,,1.0,True,False,False
3849,亮两优 423,国审稻20210210,2021.0,国审,,True,False,True,籼,中稻,长江中下游中籼迟熟组,678.6,7.1,丰两优四号,651.5,6.7,139.0,,125.6,17.3,25.7,202.7,93.0,24.3,,,5.0,中感稻瘟病,5.0,中感白叶枯病,9.0,抽穗期耐热性较强,,62.7,5.2,,16.5,52.0,3.2,5.3,,,False,,498,Middle-Lower Yangtze,Single/Mid,Two-line hybrid,Unknown,0,,1.0,True,False,False
5083,春 8 两优 1736,国审稻20210211,2021.0,国审,,True,False,True,籼,中稻,长江中下游中籼迟熟组,648.89,,丰两优四号（CK）,640.11,6.36,132.7,,127.1,15.9,27.0,248.9,78.1,23.6,,,3.0,中抗稻瘟病,5.0,,7.0,抽穗期耐热性较强,,71.7,,,14.2,70.3,3.0,3.5,,,False,,534,Middle-Lower Yangtze,Single/Mid,Two-line hybrid,Unknown,0,,1.0,False,False,False
5659,G 两优 345,国审稻20210213,2021.0,国审,,True,False,True,籼,中稻,长江中下游中籼迟熟组,641.15,6.07,丰两优四号,,,131.9,,123.1,16.7,24.2,217.7,80.9,24.4,,,5.0,中感稻瘟病,5.0,中感白叶枯病,9.0,抽穗期耐热性较强,,56.7,9.5,,13.4,71.7,3.1,3.5,,,False,,509,Middle-Lower Yangtze,Single/Mid,Two-line hybrid,Unknown,0,,1.0,True,False,False
5914,明糯优 8301,国审稻20210214,2021.0,国审,,True,True,False,籼,中稻,长江中下游中籼迟熟组,626.8,3.13,丰两优四号,,,130.3,,125.6,15.55,26.3,216.9,84.6,25.8,,,7.0,感稻瘟病,7.0,,7.0,抽穗期耐热性较强,,42.5,,2.0,1.6,97.7,2.9,5.7,,,False,,553,Middle-Lower Yangtze,Single/Mid,Three-line hybrid,Unknown,0,,0.0,True,False,False
7233,登两优 2016,国审稻20210216,2021.0,国审,,True,False,True,籼,中稻,长江中下游中籼迟熟组,644.61,4.3,丰两优四号,583.33,2.82,134.8,,122.5,16.7,25.7,218.6,84.2,23.0,,,9.0,高感稻瘟病,7.0,感白叶枯病,9.0,,,63.9,5.6,,15.1,73.0,3.2,3.7,,,False,,487,Middle-Lower Yangtze,Single/Mid,Two-line hybrid,Unknown,0,,0.0,True,False,False
6349,桂香优 169,国审稻20210217,2021.0,国审,,True,True,False,籼,中稻,长江中下游中籼迟熟组,610.83,0.95,丰两优四号,,,134.1,,117.3,15.7,25.9,228.1,82.7,23.6,,,5.0,中感稻瘟病,7.0,感白叶枯病,9.0,抽穗期耐热性较强,,67.1,2.9,,16.1,62.0,3.9,6.6,2.0,,False,,522,Middle-Lower Yangtze,Single/Mid,Three-line hybrid,Unknown,0,1.0,1.0,True,False,False
5296,桂香优玉占,国审稻20210218,2021.0,国审,,True,True,False,籼,中稻,长江中下游中籼迟熟组,637.56,5.43,丰两优四号,,,132.6,,117.5,15.9,24.9,231.3,84.8,22.7,,,7.0,感稻瘟病,5.0,中感白叶枯病,9.0,抽穗期耐热性较强,,64.8,3.2,,17.3,55.0,4.0,7.0,3.0,,False,,524,Middle-Lower Yangtze,Single/Mid,Three-line hybrid,Unknown,0,0.0,0.0,True,False,False
5014,爽两优粤王丝苗,国审稻20210220,2021.0,国审,,True,False,True,籼,中稻,长江中下游中籼迟熟组,635.34,2.46,丰两优四号,,,133.1,,125.0,16.5,25.7,194.5,84.7,23.9,,,3.0,中抗稻瘟病,5.0,中感白叶枯病,9.0,抽穗期耐热性较强,,66.7,3.0,,15.4,60.7,3.7,6.4,2.0,《食用稻品种品质》,False,,534,Middle-Lower Yangtze,Single/Mid,Two-line hybrid,Unknown,0,1.0,1.0,False,False,False
5361,爽两优粤农丝苗,国审稻20210221,2021.0,国审,,True,False,True,籼,中稻,长江中下游中籼迟熟组,659.21,4.99,丰两优四号,,,134.9,,122.8,16.4,24.3,204.2,86.1,24.0,,,7.0,感稻瘟病,5.0,中感白叶枯病,9.0,抽穗期耐热性强,,65.0,2.6,,15.2,67.0,3.2,6.2,2.0,,False,,529,Middle-Lower Yangtze,Single/Mid,Two-line hybrid,Unknown,0,1.0,0.0,True,False,False
3915,春两优长 70,国审稻20210222,2021.0,国审,,True,False,True,籼,中稻,长江中下游中籼迟熟组,667.49,7.65,丰两优四号,,,133.3,,123.7,14.8,26.1,228.2,84.5,25.4,,,9.0,高感稻瘟病,7.0,感白叶枯病,9.0,抽穗期耐热性较强,,67.5,4.4,,15.1,64.0,3.4,5.1,3.0,,False,,529,Middle-Lower Yangtze,Single/Mid,Two-line hybrid,Unknown,0,0.0,0.0,True,False,False
3655,徽两优 985,国审稻20210223,2021.0,国审,,True,False,True,籼,中稻,长江中下游中籼迟熟组,637.82,2.92,丰两优四号,,,131.5,,111.5,16.9,23.6,204.3,81.3,23.5,,,5.0,中感稻瘟病,5.0,中感白叶枯病,9.0,抽穗期耐热性较强,,68.0,5.0,,14.5,68.0,3.2,5.0,3.0,,False,,536,Middle-Lower Yangtze,Single/Mid,Two-line hybrid,Unknown,0,0.0,1.0,True,False,False
6194,鑫隆优 3 号,国审稻20210224,2021.0,国审,,True,True,False,籼,中稻,长江中下游中籼迟熟组,614.67,5.78,丰两优四号,,,132.8,,113.8,19.3,26.2,205.9,84.0,23.3,,,5.0,中感稻瘟病,7.0,感白叶枯病,9.0,抽穗期耐热性较强,,65.9,2.8,,15.8,63.0,3.4,5.1,3.0,,False,,521,Middle-Lower Yangtze,Single/Mid,Three-line hybrid,Unknown,0,0.0,1.0,True,False,False
6573,鑫隆优丝占,国审稻20210225,2021.0,国审,,True,True,False,籼,中稻,长江中下游中籼迟熟组,656.64,4.68,丰两优四号,,,131.9,,112.0,17.6,25.3,211.7,80.2,24.4,,,7.0,感稻瘟病,7.0,感白叶枯病,9.0,抽穗期耐热性一般,,64.1,2.6,,18.4,53.0,3.8,7.0,3.0,,False,,513,Middle-Lower Yangtze,Single/Mid,Three-line hybrid,Unknown,0,0.0,0.0,True,False,False
4934,泰两优 27 占,国审稻20210226,2021.0,国审,,True,False,True,籼,中稻,长江中下游中籼迟熟组,645.3,4.1,丰两优四号,598.9,4.8,128.3,,109.6,18.8,23.3,179.2,87.0,23.7,,,5.0,中感稻瘟病,5.0,中感白叶枯病,9.0,抽穗期耐热性较强,,63.1,1.4,,15.6,72.3,3.3,6.9,2.0,《食用稻品种品质》,False,,527,Middle-Lower Yangtze,Single/Mid,Two-line hybrid,Unknown,0,1.0,1.0,True,False,False
270,山两优 164,国审稻20210227,2021.0,国审,,True,False,True,籼,中稻,长江中下游中籼迟熟组,667.15,8.92,丰两优四号,,,134.7,,119.7,16.8,24.2,211.7,80.3,26.4,,,5.0,中感稻瘟病,5.0,中感白叶枯病,9.0,抽穗期耐热性较强,,65.5,4.6,,15.2,71.0,3.0,3.4,,,False,,506,Middle-Lower Yangtze,Single/Mid,Two-line hybrid,Unknown,0,,1.0,True,False,False
5732,垦两优 909,国审稻20210228,2021.0,国审,,True,False,True,籼,中稻,长江中下游中籼迟熟组,654.62,4.85,丰两优四号,,,132.1,,120.3,19.0,26.1,187.3,84.7,23.5,,,7.0,感稻瘟病,5.0,中感白叶枯病,9.0,抽穗期耐热性较强,,56.4,0.8,,17.8,68.0,3.7,5.0,3.0,,False,,526,Middle-Lower Yangtze,Single/Mid,Two-line hybrid,Unknown,0,0.0,0.0,True,False,False
6384,垦两优 332,国审稻20210229,2021.0,国审,,True,False,True,籼,中稻,长江中下游中籼迟熟组,652.41,4.5,丰两优四号,,,134.1,,122.5,17.6,26.1,226.2,85.9,24.6,,,5.0,中感稻瘟病,5.0,中感白叶枯病,9.0,抽穗期耐热性强,,53.4,0.8,,16.2,62.0,4.4,6.5,3.0,,False,,522,Middle-Lower Yangtze,Single/Mid,Two-line hybrid,Unknown,0,0.0,1.0,True,False,False
4720,长两优 803,国审稻20210230,2021.0,国审,,True,False,True,籼,中稻,长江中下游中籼迟熟组,662.49,5.79,丰两优四号,,,132.5,,119.2,18.2,24.0,198.3,86.7,25.4,,,3.0,中抗稻瘟病,7.0,感白叶枯病,9.0,抽穗期耐热性强,,60.0,2.5,,17.5,63.0,4.3,6.3,2.0,,False,,521,Middle-Lower Yangtze,Single/Mid,Two-line hybrid,Unknown,0,1.0,1.0,False,False,False
4758,悠香优 2 号,国审稻20210231,2021.0,国审,,True,True,False,籼,中稻,长江中下游中籼迟熟组,646.66,3.08,丰两优四号,,,131.1,,124.5,17.5,28.4,222.4,83.5,23.5,,,5.0,中感稻瘟病,7.0,感白叶枯病,9.0,抽穗期耐热性一般,,60.2,3.4,,17.0,61.0,4.3,6.5,3.0,,False,,532,Middle-Lower Yangtze,Single/Mid,Three-line hybrid,Unknown,0,0.0,1.0,True,False,False
4410,泰两优香丝苗,国审稻20210232,2021.0,国审,,True,False,True,籼,中稻,长江中下游中籼迟熟组,655.33,4.29,丰两优四号,,,132.2,,123.0,18.4,24.9,204.3,83.3,22.3,,,9.0,高感稻瘟病,5.0,中感白叶枯病,9.0,抽穗期耐热性较强,,65.5,2.4,,17.6,63.0,3.9,6.6,2.0,,False,,526,Middle-Lower Yangtze,Single/Mid,Two-line hybrid,Unknown,0,1.0,0.0,True,False,False
6309,弋两优 929,国审稻20210234,2021.0,国审,,True,False,True,籼,中稻,长江中下游中籼迟熟组,667.53,8.97,丰两优四号,,,135.9,,126.6,17.3,24.4,194.2,85.6,24.9,,,5.0,中感稻瘟病,7.0,感白叶枯病,9.0,抽穗期耐热性较强,,62.2,5.0,,15.2,59.0,3.0,5.7,3.0,,False,,526,Middle-Lower Yangtze,Single/Mid,Two-line hybrid,Unknown,0,0.0,1.0,True,False,False
5340,深两优 5438,国审稻20210236,2021.0,国审,,True,False,True,籼,中稻,长江中下游中籼迟熟组,642.83,5.65,丰两优四号,,,135.6,,118.5,16.9,25.4,191.7,88.0,24.6,,,5.0,中感稻瘟病,7.0,感白叶枯病,9.0,抽穗期耐热性强,,58.1,5.0,,13.8,76.0,2.9,6.1,3.0,,False,,534,Middle-Lower Yangtze,Single/Mid,Two-line hybrid,Unknown,0,0.0,1.0,True,False,False
3955,盖两优 9977,国审稻20210237,2021.0,国审,,True,False,True,籼,中稻,长江中下游中籼迟熟组,640.7,5.3,丰两优四号,,,137.3,,119.4,16.7,25.4,206.2,85.6,24.6,,,3.0,中抗稻瘟病,7.0,感白叶枯病,9.0,抽穗期耐热性较强,,61.0,4.5,,15.1,69.0,3.3,3.8,,,False,,514,Middle-Lower Yangtze,Single/Mid,Two-line hybrid,Unknown,0,,1.0,False,False,False
5121,淳丰优 6319,国审稻20210239,2021.0,国审,,True,True,False,籼,中稻,长江中下游中籼迟熟组,655.35,4.67,丰两优四号,,,137.1,,130.1,16.5,28.2,175.6,86.0,28.0,,,9.0,高感稻瘟病,5.0,中感白叶枯病,9.0,抽穗期耐热性较强,,59.5,1.1,,15.7,75.3,3.7,5.9,3.0,《食用稻品种品质》,False,,536,Middle-Lower Yangtze,Single/Mid,Three-line hybrid,Unknown,0,0.0,0.0,True,False,False
6885,弘优秋占,国审稻20210240,2021.0,国审,,True,True,False,籼,中稻,长江中下游中籼迟熟组,635.48,4.93,丰两优四号,,,137.0,,122.2,17.3,25.6,190.7,86.4,23.7,,,5.0,中感稻瘟病,7.0,感白叶枯病,9.0,抽穗期耐热性一般,,70.3,1.4,,18.2,60.0,3.3,7.0,2.0,,False,,523,Middle-Lower Yangtze,Single/Mid,Three-line hybrid,Unknown,0,1.0,1.0,True,False,False
7625,淳丰优国泰,国审稻20210241,2021.0,国审,,True,True,False,籼,中稻,长江中下游中籼迟熟组,650.58,3.97,丰两优四号,,,138.3,,126.6,17.0,26.7,174.8,85.7,27.1,,,9.0,高感稻瘟病,5.0,中感白叶枯病,9.0,抽穗期耐热性较强,,58.1,1.5,,17.0,72.7,3.6,7.0,2.0,,False,,527,Middle-Lower Yangtze,Single/Mid,Three-line hybrid,Unknown,0,1.0,0.0,True,False,False
3756,科荃优 4302,国审稻20210242,2021.0,国审,,True,True,False,籼,中稻,长江中下游中籼迟熟组,645.42,6.99,丰两优四号,,,131.7,,122.7,16.6,26.4,190.6,86.7,28.1,,,5.0,中感稻瘟病,1.0,抗白叶枯病,9.0,抽穗期耐热性强,,63.5,0.5,,19.0,76.0,3.1,7.0,2.0,,False,,538,Middle-Lower Yangtze,Single/Mid,Three-line hybrid,Unknown,0,1.0,1.0,True,False,False
2525,华两优 919,国审稻20210243,2021.0,国审,,True,False,True,籼,中稻,长江中下游中籼迟熟组,662.03,5.28,丰两优四号,,,136.3,,112.1,15.3,24.3,220.6,83.1,25.6,,,7.0,感稻瘟病,5.0,感白叶枯病,9.0,抽穗期耐热性较强,,69.1,1.8,,15.0,66.0,3.0,6.5,2.0,,False,,528,Middle-Lower Yangtze,Single/Mid,Two-line hybrid,Unknown,0,1.0,0.0,True,False,False
6470,美两优 1617,国审稻20210244,2021.0,国审,,True,False,True,籼,中稻,长江中下游中籼迟熟组,664.5,5.5,丰两优四号,600.3,5.3,135.0,,126.3,16.7,26.3,210.4,84.8,24.6,,,5.0,中感稻瘟病,7.0,感白叶枯病,9.0,抽穗期耐热性强,,68.4,4.6,,16.2,52.0,3.1,5.4,3.0,,False,,521,Middle-Lower Yangtze,Single/Mid,Two-line hybrid,Unknown,0,0.0,1.0,True,False,False
6512,润两优 619,国审稻20210246,2021.0,国审,,True,False,True,籼,中稻,长江中下游中籼迟熟组,656.64,3.33,丰两优四号,,,133.4,,121.8,17.8,25.8,191.1,87.0,22.3,,,5.0,中感稻瘟病,5.0,中感白叶枯病,9.0,抽穗期耐热性一般,,69.9,4.2,,15.6,78.0,3.2,5.8,3.0,,False,,530,Middle-Lower Yangtze,Single/Mid,Two-line hybrid,Unknown,0,0.0,1.0,True,False,False
6523,盐两优丝苗 1 号,国审稻20210247,2021.0,国审,,True,False,True,籼,中稻,长江中下游中籼迟熟组,650.86,3.64,丰两优四号,,,128.8,,117.9,18.2,24.1,187.4,85.9,23.5,,,5.0,中感稻瘟病,5.0,中感白叶枯病,9.0,抽穗期耐热性较强,,57.3,3.5,,15.0,70.0,3.4,6.2,3.0,,False,,536,Middle-Lower Yangtze,Single/Mid,Two-line hybrid,Unknown,0,0.0,1.0,True,False,False
4437,百香优 005,国审稻20210248,2021.0,国审,,True,True,False,籼,中稻,长江中下游中籼迟熟组,633.96,2.39,丰两优四号,,,135.0,,129.6,17.0,25.3,208.6,81.5,20.0,,,7.0,感稻瘟病,5.0,中感白叶枯病,9.0,抽穗期耐热性一般,,68.1,1.3,,18.7,50.0,3.5,7.0,3.0,,False,,524,Middle-Lower Yangtze,Single/Mid,Three-line hybrid,Unknown,0,0.0,0.0,True,False,False
4089,Q 两优粤农丝苗,国审稻20210249,2021.0,国审,,True,False,True,籼,中稻,长江中下游中籼迟熟组,678.37,6.76,丰两优四号,,,132.4,,112.8,16.3,24.8,209.1,87.1,24.6,,,3.0,中抗稻瘟病,5.0,中感白叶枯病,9.0,抽穗期耐热性较强,,69.8,5.8,,15.9,77.0,3.2,4.7,,,False,,509,Middle-Lower Yangtze,Single/Mid,Two-line hybrid,Unknown,0,,1.0,False,False,False
6640,功两优 3 号,国审稻20210250,2021.0,国审,,True,False,True,籼,中稻,长江中下游中籼迟熟组,645.1,6.88,丰两优四号,,,126.3,,108.2,17.3,24.5,189.9,86.3,23.8,,,7.0,感稻瘟病,7.0,,9.0,抽穗期耐热性一般,,64.1,6.4,,15.0,73.0,3.4,4.5,,,False,,509,Middle-Lower Yangtze,Single/Mid,Two-line hybrid,Unknown,0,,0.0,True,False,False
4015,唐两优郁香占,国审稻20210251,2021.0,国审,,True,False,True,籼,中稻,长江中下游中籼迟熟组,645.7,5.0,丰两优四号,,,136.8,,122.9,17.4,25.1,199.8,83.0,24.0,,,3.0,中抗稻瘟病,5.0,中感白叶枯病,9.0,抽穗期耐热性强,,65.4,3.2,,17.4,53.0,3.6,6.9,3.0,,False,,530,Middle-Lower Yangtze,Single/Mid,Two-line hybrid,Unknown,0,0.0,1.0,False,False,False
4046,仁优 6553,国审稻20210252,2021.0,国审,,True,True,False,籼,中稻,长江中下游中籼迟熟组,659.23,5.39,丰两优四号,,,129.6,,111.0,16.4,24.5,205.1,86.3,24.4,,,7.0,感稻瘟病,5.0,感白叶枯病,9.0,抽穗期耐热性较强,,62.7,1.2,,16.7,67.7,3.1,7.0,2.0,,False,,535,Middle-Lower Yangtze,Single/Mid,Three-line hybrid,Unknown,0,1.0,0.0,True,False,False
5791,仁优国泰,国审稻20210253,2021.0,国审,,True,True,False,籼,中稻,长江中下游中籼迟熟组,652.65,4.44,丰两优四号,,,132.1,,113.4,17.6,25.2,167.5,86.3,26.1,,,7.0,感稻瘟病,7.0,,9.0,抽穗期耐热性较强,,58.8,1.0,,17.0,66.7,3.2,7.0,2.0,,False,,527,Middle-Lower Yangtze,Single/Mid,Three-line hybrid,Unknown,0,1.0,0.0,True,False,False
4667,深两优 788,国审稻20210254,2021.0,国审,,True,False,True,籼,中稻,长江中下游中籼迟熟组,666.7,5.5,丰两优四号,603.0,4.5,137.8,,122.3,16.8,26.0,205.1,85.2,23.8,,,5.0,中感稻瘟病,7.0,感白叶枯病,9.0,抽穗期耐热性较强,,69.5,1.9,,16.0,72.0,3.1,6.5,2.0,,False,,519,Middle-Lower Yangtze,Single/Mid,Two-line hybrid,Unknown,0,1.0,1.0,True,False,False
5512,耕香优 579,国审稻20210256,2021.0,国审,,True,True,False,籼,中稻,长江中下游中籼迟熟组,640.3,4.12,丰两优四号,,,136.8,,124.0,17.0,25.9,210.9,83.4,22.5,,,5.0,中感稻瘟病,3.0,中抗白叶枯病,9.0,抽穗期耐热性较强,,68.5,2.6,,16.8,62.0,3.6,6.5,2.0,,False,,524,Middle-Lower Yangtze,Single/Mid,Three-line hybrid,Unknown,0,1.0,1.0,True,False,False
5299,钢两优 18,国审稻20210257,2021.0,国审,,True,False,True,籼,中稻,长江中下游中籼迟熟组,642.7,3.8,丰两优四号,,,138.2,,120.9,16.3,23.9,208.7,83.2,23.2,,,5.0,中感稻瘟病,5.0,中感白叶枯病,9.0,抽穗期耐热性较强,,68.9,0.8,,17.0,70.0,3.2,6.0,2.0,,False,,535,Middle-Lower Yangtze,Single/Mid,Two-line hybrid,Unknown,0,1.0,1.0,True,False,False
3992,青香优香九,国审稻20210259,2021.0,国审,,True,True,False,籼,中稻,长江中下游中籼迟熟组,653.91,5.03,丰两优四号,,,129.0,,123.9,17.8,27.0,195.6,83.9,23.4,,,5.0,中感稻瘟病,5.0,中感白叶枯病,9.0,抽穗期耐热性较强,,63.0,0.8,,14.4,60.0,4.1,7.0,1.0,,False,,521,Middle-Lower Yangtze,Single/Mid,Three-line hybrid,Unknown,0,1.0,1.0,True,False,False
5445,易两优 7102,国审稻20210263,2021.0,国审,,True,False,True,籼,中稻,长江中下游中籼迟熟组,635.4,5.33,丰两优四号,,,133.4,,117.7,16.7,23.9,171.7,85.8,26.7,,,5.0,中感稻瘟病,5.0,中感白叶枯病,9.0,耐热性 3 级、耐,,66.2,3.3,,,64.0,3.2,5.3,3.0,,False,,532,Middle-Lower Yangtze,Single/Mid,Two-line hybrid,Unknown,0,0.0,1.0,True,False,False
3573,荃两优鄂丰丝苗,国审稻20210264,2021.0,国审,,True,False,True,籼,中稻,长江中下游中籼迟熟组,661.31,3.14,丰两优四号,,,134.0,,119.7,15.7,24.4,214.4,82.0,24.7,,,3.0,中抗稻瘟病,7.0,感白叶枯病,9.0,抽穗期耐热性较强,,70.4,1.6,,18.4,60.0,3.0,7.0,2.0,,False,,525,Middle-Lower Yangtze,Single/Mid,Two-line hybrid,Unknown,0,1.0,1.0,False,False,False
4215,箴两优荃晶丝苗,国审稻20210265,2021.0,国审,,True,False,True,籼,中稻,长江中下游中籼迟熟组,663.86,4.53,丰两优四号,,,130.1,,119.0,16.4,24.8,182.5,86.3,26.4,,,5.0,中感稻瘟病,7.0,感白叶枯病,9.0,抽穗期耐热性较强,,70.3,1.2,,16.0,67.0,3.1,6.7,2.0,,False,,534,Middle-Lower Yangtze,Single/Mid,Two-line hybrid,Unknown,0,1.0,1.0,True,False,False
5312,泰香优润香,国审稻20210266,2021.0,国审,,True,True,False,籼,中稻,长江中下游中籼迟熟组,625.2,3.64,丰两优四号,612.79,2.07,132.0,,124.0,16.8,27.2,182.1,85.5,27.0,,,5.0,中感稻瘟病,7.0,感白叶枯病,9.0,抽穗期耐热性较强,,57.1,1.7,,18.8,67.0,3.4,6.9,2.0,,False,,525,Middle-Lower Yangtze,Single/Mid,Three-line hybrid,Unknown,0,1.0,1.0,True,False,False
4868,明兴两优 164,国审稻20210267,2021.0,国审,,True,False,True,籼,中稻,长江中下游中籼迟熟组,675.73,5.18,丰两优四号,,,135.3,,121.9,16.7,24.2,201.3,83.7,25.4,,,3.0,中抗稻瘟病,5.0,中感白叶枯病,9.0,抽穗期耐热性较强,,59.9,6.4,,17.1,51.0,2.8,3.9,,,False,,518,Middle-Lower Yangtze,Single/Mid,Two-line hybrid,Unknown,0,,1.0,False,False,False
3170,明 1 优臻占,国审稻20210268,2021.0,国审,,True,True,False,籼,中稻,长江中下游中籼迟熟组,644.22,4.82,丰两优四号,,,135.0,,122.8,16.3,28.3,188.5,82.7,27.1,,,3.0,中抗稻瘟病,7.0,感白叶枯病,9.0,抽穗期耐热性一般,,61.0,0.4,,16.9,70.3,3.4,6.3,2.0,,False,,537,Middle-Lower Yangtze,Single/Mid,Three-line hybrid,Unknown,0,1.0,1.0,False,False,False
7279,鸿邦两优 6363,国审稻20210269,2021.0,国审,,True,False,True,籼,中稻,长江中下游中籼迟熟组,650.1,5.36,丰两优四号,,,136.8,,118.8,17.6,24.4,178.5,81.3,27.6,,,3.0,中抗稻瘟病,7.0,感白叶枯病,9.0,抽穗期耐热性较强,,62.8,0.8,,16.1,77.0,3.4,5.6,3.0,,False,,534,Middle-Lower Yangtze,Single/Mid,Two-line hybrid,Unknown,0,0.0,1.0,False,False,False
4905,喜两优晶丝占,国审稻20210270,2021.0,国审,,True,False,True,籼,中稻,长江中下游中籼迟熟组,661.42,3.17,丰两优四号,,,131.5,,116.8,15.5,23.9,196.2,86.6,26.1,,,3.0,中抗稻瘟病,5.0,中感白叶枯病,9.0,抽穗期耐热性较强,,69.0,1.1,,17.6,64.0,3.0,6.4,2.0,,False,,535,Middle-Lower Yangtze,Single/Mid,Two-line hybrid,Unknown,0,1.0,1.0,False,False,False
5513,巧两优晶香丝占,国审稻20210271,2021.0,国审,,True,False,True,籼,中稻,长江中下游中籼迟熟组,665.32,4.51,丰两优四号,,,135.5,,119.3,16.7,23.7,199.5,84.4,24.3,,,3.0,中抗稻瘟病,5.0,中感白叶枯病,9.0,抽穗期耐热性一般,,68.9,0.8,,16.9,73.0,3.0,6.4,2.0,,False,,529,Middle-Lower Yangtze,Single/Mid,Two-line hybrid,Unknown,0,1.0,1.0,False,False,False
4395,荃优禾广丝苗,国审稻20210272,2021.0,国审,,True,True,False,籼,中稻,长江中下游中籼迟熟组,664.21,4.57,丰两优四号,,,131.4,,119.1,15.7,26.2,195.0,85.9,27.7,,,5.0,中感稻瘟病,5.0,中感白叶枯病,9.0,抽穗期耐热性较强,,52.8,4.8,,15.1,74.0,3.1,6.3,3.0,,False,,528,Middle-Lower Yangtze,Single/Mid,Three-line hybrid,Unknown,0,0.0,1.0,True,False,False
7539,欣优 1881,国审稻20210273,2021.0,国审,,True,True,False,籼,中稻,长江中下游中籼迟熟组,656.18,3.7,丰两优四号,,,132.5,,124.4,15.0,25.5,210.7,83.6,27.7,,,9.0,高感稻瘟病,5.0,中感白叶枯病,9.0,抽穗期耐热性较强,,64.5,5.0,,14.7,84.0,3.0,6.3,3.0,,False,,536,Middle-Lower Yangtze,Single/Mid,Three-line hybrid,Unknown,0,0.0,0.0,True,False,False
5976,神农优 452,国审稻20210274,2021.0,国审,,True,True,False,籼,中稻,长江中下游中籼迟熟组,647.17,3.46,丰两优四号,,,131.7,,125.4,15.8,26.0,212.2,86.0,24.1,,,5.0,中感稻瘟病,9.0,高感白叶枯病,9.0,抽穗期耐热性较强,,61.2,1.7,,16.1,63.0,3.2,7.0,2.0,《食用稻品种品质》,False,,525,Middle-Lower Yangtze,Single/Mid,Three-line hybrid,Unknown,0,1.0,1.0,True,False,False
6927,荆两优 3867,国审稻20210275,2021.0,国审,,True,False,True,籼,中稻,长江中下游中籼迟熟组,668.65,7.4,丰两优四号,,,135.1,,120.6,17.2,24.3,214.7,81.7,24.6,,,,,,感白叶枯病,,抽穗期耐热性较强,,69.3,,,21.7,62.0,3.0,5.4,3.0,《食用稻品种品质》,False,,536,Middle-Lower Yangtze,Single/Mid,Two-line hybrid,Unknown,0,0.0,,False,False,False
4755,未两优 10 号,国审稻20210276,2021.0,国审,,True,False,True,籼,中稻,长江中下游中籼迟熟组,631.95,1.79,丰两优四号,,,136.2,,111.4,14.8,25.9,229.2,83.1,25.1,,,9.0,高感稻瘟病,7.0,感白叶枯病,9.0,抽穗期耐热性一般,,66.8,2.3,,16.0,63.0,2.8,6.0,2.0,,False,,533,Middle-Lower Yangtze,Single/Mid,Two-line hybrid,Unknown,0,1.0,0.0,True,False,False
6471,升两优 311,国审稻20210277,2021.0,国审,,True,False,True,籼,中稻,长江中下游中籼迟熟组,644.12,6.98,丰两优四号,,,133.4,,118.8,16.9,24.0,186.8,86.5,25.0,,,7.0,感稻瘟病,5.0,中感白叶枯病,9.0,抽穗期耐热性较强,,68.4,1.2,,16.7,60.0,3.2,6.9,2.0,,False,,522,Middle-Lower Yangtze,Single/Mid,Two-line hybrid,Unknown,0,1.0,0.0,True,False,False
3408,华浙优 210,国审稻20210278,2021.0,国审,,True,True,False,籼,中稻,长江中下游中籼迟熟组,646.61,4.26,丰两优四号,599.79,,127.9,,117.6,18.4,24.7,190.4,86.2,22.8,,,7.0,感稻瘟病,7.0,感白叶枯病,9.0,抽穗期耐热性较弱,耐冷性较弱,71.0,0.2,,16.1,64.0,3.4,7.0,1.0,《食用稻品种品质》,False,,1014,Middle-Lower Yangtze,Single/Mid,Three-line hybrid,Unknown,0,1.0,0.0,True,False,False
6533,棠两优 751,国审稻20210279,2021.0,国审,,True,False,True,籼,中稻,长江中下游中籼迟熟组,623.16,3.3,丰两优四号,,,130.0,,118.1,20.0,26.2,186.7,83.6,23.0,,,5.0,中感稻瘟病,5.0,中感白叶枯病,9.0,抽穗期耐热性较强,,57.0,0.9,,19.0,66.0,3.8,7.0,2.0,,False,,526,Middle-Lower Yangtze,Single/Mid,Two-line hybrid,Unknown,0,1.0,1.0,True,False,False
3654,卓两优 1126,国审稻20210281,2021.0,国审,,True,False,True,籼,中稻,长江中下游中籼迟熟组,627.76,4.07,丰两优四号,,,135.7,,124.1,15.9,26.6,263.4,78.4,22.7,,,5.0,中感稻瘟病,5.0,中感白叶枯病,9.0,抽穗期耐热性一般,,62.9,0.6,,18.6,62.0,,7.0,2.0,,False,,523,Middle-Lower Yangtze,Single/Mid,Two-line hybrid,Unknown,0,1.0,1.0,True,False,False
5488,泰两优油晶,国审稻20210282,2021.0,国审,,True,False,True,籼,中稻,长江中下游中籼迟熟组,630.37,4.13,丰两优四号,,,128.6,,105.8,18.6,23.7,181.6,88.8,22.7,,,,高感稻瘟病,5.0,中感白叶枯病,9.0,抽穗期耐热性较强,,57.1,2.3,,17.2,60.0,3.2,6.7,2.0,,False,,534,Middle-Lower Yangtze,Single/Mid,Two-line hybrid,Unknown,0,1.0,,True,False,False
4370,珂两优 8612,国审稻20210283,2021.0,国审,,True,False,True,籼,中稻,长江中下游中籼迟熟组,669.46,7.89,丰两优四号,,,135.8,,122.5,15.4,25.9,219.3,77.04,25.8,,,5.0,中感稻瘟病,7.0,感白叶枯病,9.0,抽穗期耐热性一般,,58.5,11.6,,20.1,47.0,3.1,3.5,,,False,,511,Middle-Lower Yangtze,Single/Mid,Two-line hybrid,Unknown,0,,1.0,True,False,False
7315,岑两优 1011,国审稻20210284,2021.0,国审,,True,False,True,籼,中稻,长江中下游中籼迟熟组,656.5,3.8,丰两优四号,600.0,4.0,131.7,,122.7,17.9,24.0,202.5,85.2,22.2,,,3.0,中抗稻瘟病,5.0,中感白叶枯病,7.0,抽穗期耐热性较强,,63.8,2.7,,17.7,60.0,3.3,6.8,2.0,,False,,512,Middle-Lower Yangtze,Single/Mid,Two-line hybrid,Unknown,0,1.0,1.0,False,False,False
7280,巧两优晶丝苗,国审稻20210285,2021.0,国审,,True,False,True,籼,中稻,长江中下游中籼迟熟组,664.01,4.63,丰两优四号,,,135.6,,119.4,17.3,23.1,195.6,85.6,24.1,,,3.0,中抗稻瘟病,5.0,中感白叶枯病,9.0,抽穗期耐热性较强,,69.8,1.8,,16.7,63.0,3.0,6.3,2.0,,False,,532,Middle-Lower Yangtze,Single/Mid,Two-line hybrid,Unknown,0,1.0,1.0,False,False,False
6226,绿两优 189,国审稻20210287,2021.0,国审,,True,False,True,籼,中稻,长江中下游中籼迟熟组,640.21,5.76,丰两优四号,,,128.5,,112.0,17.6,23.9,199.4,86.4,22.4,,,5.0,中感稻瘟病,5.0,中感白叶枯病,9.0,抽穗期耐热性较强,,61.7,5.2,,13.8,83.0,3.2,3.5,,,False,,512,Middle-Lower Yangtze,Single/Mid,Two-line hybrid,Unknown,0,,1.0,True,False,False
4255,湘两优 998,国审稻20210290,2021.0,国审,,True,False,True,籼,中稻,长江中下游中籼迟熟组,661.96,6.74,丰两优四号,,,133.4,,118.1,16.3,23.1,225.0,78.1,24.2,,,5.0,中感稻瘟病,7.0,感白叶枯病,9.0,抽穗期耐热性一般,,69.4,1.5,,21.0,62.0,3.1,5.2,3.0,,False,,524,Middle-Lower Yangtze,Single/Mid,Two-line hybrid,Unknown,0,0.0,1.0,True,False,False
6237,七两优 17,国审稻20210291,2021.0,国审,,True,False,True,籼,中稻,长江中下游中籼迟熟组,668.72,7.67,丰两优四号,,,135.2,,119.1,16.1,24.3,207.9,84.4,24.4,,,3.0,中抗稻瘟病,5.0,中感白叶枯病,9.0,抽穗期耐热性一般,,60.4,1.8,,23.7,88.0,3.2,6.1,,,False,,511,Middle-Lower Yangtze,Single/Mid,Two-line hybrid,Unknown,0,,1.0,False,False,False
3837,和两优 55,国审稻20210292,2021.0,国审,,True,False,True,籼,中稻,长江中下游中籼迟熟组,652.57,2.33,丰两优四号,,,135.4,,114.0,16.8,25.5,195.4,84.1,23.8,,,5.0,中感稻瘟病,5.0,中感白叶枯病,9.0,抽穗期耐热性强,,69.3,2.8,,17.8,66.0,3.6,6.4,2.0,,False,,530,Middle-Lower Yangtze,Single/Mid,Two-line hybrid,Unknown,0,1.0,1.0,True,False,False
6460,两优 985,国审稻20210293,2021.0,国审,,True,False,True,籼,中稻,长江中下游中籼迟熟组,641.33,5.95,丰两优四号,,,133.3,,119.7,16.5,25.6,187.4,89.1,24.5,,,3.0,中抗稻瘟病,7.0,感白叶枯病,9.0,抽穗期耐热性强,,59.7,4.7,,14.4,75.0,3.4,6.6,3.0,,False,,530,Middle-Lower Yangtze,Single/Mid,Two-line hybrid,Unknown,0,0.0,1.0,False,False,False
6408,岑两优 1430,国审稻20210294,2021.0,国审,,True,False,True,籼,中稻,长江中下游中籼迟熟组,668.93,7.84,丰两优四号,,,132.9,,127.4,17.7,23.9,195.6,83.5,25.7,,,7.0,感稻瘟病,5.0,中感白叶枯病,9.0,抽穗期耐热性较强,,66.8,0.2,,15.3,64.0,4.0,7.0,2.0,《食用稻品种品质》,False,,526,Middle-Lower Yangtze,Single/Mid,Two-line hybrid,Unknown,0,1.0,0.0,True,False,False
3416,壮香优 1205,国审稻20210295,2021.0,国审,,True,True,False,籼,中稻,长江中下游中籼迟熟组,640.6,3.05,丰两优四号,,,136.4,,137.3,15.5,26.5,237.4,81.3,23.8,,,7.0,中感稻瘟病,7.0,感白叶枯病,9.0,抽穗期耐热性较强,,64.9,4.7,,17.8,51.0,3.2,5.7,3.0,,False,,523,Middle-Lower Yangtze,Single/Mid,Three-line hybrid,Unknown,0,0.0,0.0,True,False,False
4835,荃两优美香新占,国审稻20210296,2021.0,国审,,True,False,True,籼,中稻,长江中下游中籼迟熟组,658.81,3.5,丰两优四号,,,130.4,,116.7,16.2,23.5,204.5,84.4,24.6,,,5.0,中感稻瘟病,5.0,中感白叶枯病,9.0,抽穗期耐热性较强,,63.1,2.4,,17.3,62.0,3.1,6.5,2.0,,False,,534,Middle-Lower Yangtze,Single/Mid,Two-line hybrid,Unknown,0,1.0,1.0,True,False,False
6377,韧两优绿银占,国审稻20210297,2021.0,国审,,True,False,True,籼,中稻,长江中下游中籼迟熟组,660.01,2.95,丰两优四号,,,,,,,,,,,,,,,,,,,,,,,,,,,,,False,,252,Middle-Lower Yangtze,Single/Mid,Two-line hybrid,Unknown,0,,,False,False,False
5433,浙两优美香新占,国审稻20210298,2021.0,国审,,True,False,True,籼,中稻,长江中下游中籼迟熟组,677.57,6.19,丰两优四号,,,131.6,,112.2,17.4,23.8,212.1,82.7,22.5,,,5.0,中感稻瘟病,5.0,中感白叶枯病,9.0,抽穗期耐热性较强,,59.0,2.4,,18.6,51.0,3.2,5.0,3.0,,False,,528,Middle-Lower Yangtze,Single/Mid,Two-line hybrid,Unknown,0,0.0,1.0,True,False,False
5277,瑞两优 1053,国审稻20210299,2021.0,国审,,True,False,True,籼,,长江中下游麦茬籼稻组,672.64,3.69,,,4.84,122.0,,126.9,15.7,24.0,197.8,85.4,26.5,,,5.0,,5.0,中感白叶枯病,9.0,,,58.2,0.8,,16.6,81.0,3.2,5.2,3.0,《食用稻品种品质》,False,,527,Middle-Lower Yangtze,Single/Mid,Two-line hybrid,Unknown,0,0.0,1.0,False,False,False
4457,荃早优 851,国审稻20210300,2021.0,国审,,True,True,False,籼,双季,长江中下游麦茬籼稻组,651.28,0.4,,578.34,2.32,124.3,,112.7,18.5,22.1,186.6,83.5,23.9,,,5.0,中感稻瘟病,5.0,中感白叶枯病,9.0,,耐冷性一般,64.3,0.8,5.0,18.7,61.0,3.1,6.9,2.0,《食用稻品种品质》,False,,1024,Middle-Lower Yangtze,Single/Mid,Three-line hybrid,Unknown,0,1.0,1.0,True,False,False
6211,隆香优晶占,国审稻20210301,2021.0,国审,,True,True,False,籼,,长江中下游麦茬籼稻组,659.77,1.71,,,2.98,122.9,,108.9,19.4,23.0,184.7,84.2,24.3,,,7.0,感稻瘟病,7.0,感白叶枯病,9.0,,,61.2,0.7,,15.9,81.7,3.2,5.0,3.0,《食用稻品种品质》,False,,518,Middle-Lower Yangtze,Single/Mid,Three-line hybrid,Unknown,0,0.0,0.0,True,False,False
4727,荃早优晶占,国审稻20210302,2021.0,国审,,True,True,False,籼,,长江中下游麦茬籼稻组,689.72,5.95,,,4.31,124.5,,110.3,18.0,22.8,193.7,86.0,25.1,,,5.0,中感稻瘟病,7.0,,9.0,,,57.8,0.9,,20.6,,3.0,7.0,3.0,《食用稻品种品质》,False,,514,Middle-Lower Yangtze,Single/Mid,Three-line hybrid,Unknown,0,0.0,1.0,True,False,False
3284,万丰优 107,国审稻20210303,2021.0,国审,,True,True,False,籼,,长江中下游麦茬籼稻组,701.05,7.69,,,6.62,123.0,,109.4,16.9,23.9,,84.9,23.0,,,7.0,感稻瘟病,7.0,,9.0,,,62.2,0.7,,15.3,76.7,3.0,6.8,2.0,《食用稻品种品质》,False,,525,Middle-Lower Yangtze,Single/Mid,Three-line hybrid,Unknown,0,1.0,0.0,True,False,False
6250,鹏优 6553,国审稻20210304,2021.0,国审,,True,True,False,籼,,长江中下游麦茬籼稻组,653.16,6.92,,649.22,6.85,123.7,,111.9,17.9,22.8,188.4,88.0,23.7,,,5.0,,5.0,中感白叶枯病,9.0,,,53.3,6.5,,15.4,66.0,3.0,5.8,,,False,,505,Middle-Lower Yangtze,Single/Mid,Three-line hybrid,Unknown,0,,1.0,False,False,False
4194,圳两优 1053,国审稻20210305,2021.0,国审,,True,False,True,籼,双季,长江中下游麦茬籼稻组,657.54,3.64,,611.75,7.38,120.0,,119.9,16.3,23.6,192.3,87.8,25.0,,,7.0,感稻瘟病,5.0,中感白叶枯病,9.0,,耐冷性一般,67.7,1.9,,18.7,63.0,3.0,6.5,3.0,《食用稻品种品质》,False,,1024,Middle-Lower Yangtze,Single/Mid,Two-line hybrid,Unknown,0,0.0,0.0,True,False,False
6548,中香黄占,国审稻20210306,2021.0,国审,,False,False,False,籼,,长江中下游麦茬籼稻组,626.16,5.09,,,2.31,123.0,,117.7,18.0,25.5,,87.4,24.2,,,3.0,,5.0,中感白叶枯病,9.0,抽穗期耐热性较强,,72.7,0.8,,19.5,61.0,3.4,6.8,,《食用稻品种品质》,False,,523,Middle-Lower Yangtze,Single/Mid,Inbred/Other,Unknown,0,,1.0,False,False,False
3961,桃优香占,国审稻20210307,2021.0,国审,,True,True,False,籼,,长江中下游麦茬籼稻组,627.22,5.22,,,2.06,124.9,,114.0,18.8,25.0,155.6,85.7,27.2,,,7.0,感稻瘟病,7.0,感白叶枯病,9.0,,耐冷性较弱,61.7,0.6,,,71.5,3.4,7.0,1.0,,False,,541,Middle-Lower Yangtze,Single/Mid,Three-line hybrid,Unknown,0,1.0,0.0,True,False,False
7819,荃早优鄂丰丝苗,国审稻20210308,2021.0,国审,,True,True,False,籼,,长江中下游麦茬籼稻组,669.24,5.48,,,5.6,121.2,,114.7,18.6,23.6,,84.6,24.1,,,3.0,中抗稻瘟病,7.0,感白叶枯病,9.0,,,67.7,4.9,,16.8,53.0,3.0,6.2,3.0,《食用稻品种品质》,False,,518,Middle-Lower Yangtze,Single/Mid,Three-line hybrid,Unknown,0,0.0,1.0,False,False,False
6534,五优晶丝苗,国审稻20210309,2021.0,国审,,True,True,False,籼,,长江中下游麦茬籼稻组,669.33,5.47,,,7.38,122.3,,112.7,18.6,23.2,195.1,85.7,23.6,,,5.0,中感稻瘟病,9.0,高感白叶枯病,9.0,,,67.2,1.5,,17.1,67.0,3.0,6.0,2.0,《食用稻品种品质》,False,,529,Middle-Lower Yangtze,Single/Mid,Three-line hybrid,Unknown,0,1.0,1.0,True,False,False
4939,欣两优晚一号,国审稻20210310,2021.0,国审,,True,False,True,籼,,长江中下游麦茬籼稻组,658.88,3.63,,,4.4,121.7,,107.4,19.5,24.9,174.9,86.2,23.7,,,5.0,,7.0,感白叶枯病,9.0,,,61.2,0.4,,17.6,,3.4,6.9,1.0,《食用稻品种品质》,False,,523,Middle-Lower Yangtze,Single/Mid,Two-line hybrid,Unknown,0,1.0,1.0,False,False,False
6976,欣两优晚二号,国审稻20210311,2021.0,国审,,True,False,True,籼,,长江中下游麦茬籼稻组,661.87,4.1,,,6.26,124.6,,114.4,19.0,24.7,189.6,84.1,24.4,,,3.0,中感稻瘟病,5.0,,9.0,,,61.4,1.0,,21.4,80.0,3.3,6.0,3.0,《食用稻品种品质》,False,,525,Middle-Lower Yangtze,Single/Mid,Two-line hybrid,Unknown,0,0.0,1.0,True,False,False
4896,玉丁丝苗,国审稻20210313,2021.0,国审,,False,False,False,籼,,长江中下游麦茬籼稻组,625.28,4.94,,,4.26,124.0,,112.9,19.2,23.9,,86.8,23.7,,,5.0,中感稻瘟病,5.0,,9.0,抽穗期耐热性较强,,69.4,0.6,,19.0,50.0,3.2,7.0,,《食用稻品种品质》,False,,522,Middle-Lower Yangtze,Single/Mid,Inbred/Other,Unknown,0,,1.0,True,False,False
3684,荷优丝苗,国审稻20210314,2021.0,国审,,True,True,False,籼,,长江中下游麦茬籼稻组,663.82,4.65,,,6.12,120.9,,122.4,16.8,24.9,216.0,84.2,23.6,,,7.0,感稻瘟病,5.0,,9.0,,,60.0,1.2,,17.5,,3.8,6.5,2.0,《食用稻品种品质》,False,,525,Middle-Lower Yangtze,Single/Mid,Three-line hybrid,Unknown,0,1.0,0.0,True,False,False
6724,天丝莹占,国审稻20210315,2021.0,国审,,False,False,False,籼,,长江中下游麦茬籼稻组,617.54,3.64,,,2.06,123.1,,116.7,17.1,24.8,,86.0,21.5,,,5.0,中感稻瘟病,5.0,中感白叶枯病,9.0,抽穗期耐热性一般,,72.3,1.0,,18.0,60.0,3.4,7.0,,《食用稻品种品质》,False,,526,Middle-Lower Yangtze,Single/Mid,Inbred/Other,Unknown,0,,1.0,True,False,False
5957,邦两优香丝苗,国审稻20210318,2021.0,国审,,True,False,True,籼,双季,长江中下游晚籼早熟组,594.03,3.13,,,1.28,120.3,,108.2,19.6,23.4,179.6,82.1,21.6,,,5.0,中感稻瘟病,7.0,感白叶枯病,9.0,,耐冷性较弱,63.5,3.7,,,50.0,4.1,6.8,3.0,,False,,532,Middle-Lower Yangtze,Late,Two-line hybrid,Unknown,0,0.0,1.0,True,False,False
7557,润君优 9 号,国审稻20210320,2021.0,国审,,True,True,False,籼,双季,长江中下游晚籼早熟组,629.95,2.9,,,5.71,118.2,,112.0,22.3,23.6,192.2,77.5,23.9,,,7.0,感稻瘟病,7.0,感白叶枯病,9.0,,耐冷性一般,60.7,4.5,,,57.0,3.4,4.5,3.0,,False,,526,Middle-Lower Yangtze,Late,Three-line hybrid,Unknown,0,0.0,0.0,True,False,False
7501,早丰优 7998,国审稻20210322,2021.0,国审,,True,True,False,籼,双季,长江中下游晚籼早熟组,628.05,4.06,,,3.2,117.4,,110.6,21.1,20.9,164.1,81.6,24.6,,,7.0,感稻瘟病,7.0,感白叶枯病,9.0,,耐冷性一般,61.8,1.7,,,70.7,3.2,6.6,3.0,,False,,535,Middle-Lower Yangtze,Late,Three-line hybrid,Unknown,0,0.0,0.0,True,False,False
4021,玖两优 164,国审稻20210323,2021.0,国审,,True,False,True,籼,双季,长江中下游晚籼早熟组,650.62,5.63,,,6.04,115.9,,108.6,20.0,22.2,177.9,78.8,26.3,,,5.0,中感稻瘟病,7.0,感白叶枯病,9.0,,耐冷性中,54.7,6.1,,,39.0,2.7,5.8,,,False,,514,Middle-Lower Yangtze,Late,Two-line hybrid,Unknown,0,,1.0,True,False,False
4598,荆楚优 89,国审稻20210325,2021.0,国审,,True,True,False,籼,双季,长江中下游晚籼早熟组,605.94,4.38,,560.24,4.24,114.0,,110.4,19.7,23.2,171.0,81.0,25.8,,,,,,高感白叶枯病,,,耐冷性弱,66.8,,,16.9,70.0,3.4,7.0,2.0,《食用稻品种品质》,False,,548,Middle-Lower Yangtze,Late,Three-line hybrid,Unknown,0,1.0,,False,False,False
6129,广 8 优粤禾丝苗,国审稻20210326,2021.0,国审,,True,True,False,籼,双季,长江中下游晚籼早熟组,641.16,4.09,,,3.24,116.0,,113.7,20.8,23.2,184.5,82.3,21.7,,,7.0,感稻瘟病,5.0,感白叶枯病,9.0,,耐冷性较弱,57.1,5.8,,,56.7,3.3,6.7,,,False,,517,Middle-Lower Yangtze,Late,Three-line hybrid,Unknown,0,,0.0,True,False,False
7809,安优靓占,国审稻20210327,2021.0,国审,,True,True,False,籼,双季,长江中下游晚籼早熟组,638.5,3.7,,,2.2,115.3,,108.7,19.8,21.9,159.7,80.8,25.6,,,5.0,中感稻瘟病,5.0,中感白叶枯病,9.0,,耐冷性弱,58.2,5.3,,,32.0,3.1,6.1,,,False,,511,Middle-Lower Yangtze,Late,Three-line hybrid,Unknown,0,,1.0,True,False,False
6002,汉两优 801,国审稻20210330,2021.0,国审,,True,False,True,籼,双季,长江中下游晚籼早熟组,604.44,5.48,,,6.32,119.5,,105.15,16.95,24.25,204.9,78.9,26.1,,,5.0,中感稻瘟病,5.0,中感白叶枯病,9.0,,耐冷性一般,62.7,1.8,,16.0,63.0,3.0,6.4,2.0,,False,,534,Middle-Lower Yangtze,Late,Two-line hybrid,Unknown,0,1.0,1.0,True,False,False
3035,佳优长晶,国审稻20210331,2021.0,国审,,False,False,False,籼,双季,长江中下游晚籼早熟组,574.53,0.27,,,1.62,108.2,,104.5,24.1,23.2,120.4,81.4,25.9,,,5.0,,7.0,感白叶枯病,9.0,,耐冷性较弱,60.9,3.9,,,73.0,4.2,6.2,,《食用稻品种品质》,False,,531,Middle-Lower Yangtze,Late,Inbred/Other,Unknown,0,,1.0,False,False,False
5114,楚两优 6 号,国审稻20210333,2021.0,国审,,True,False,True,籼,双季,长江中下游晚籼早熟组,615.01,5.9,,,3.18,119.6,,116.2,20.1,25.2,164.6,82.6,25.2,,,5.0,中感稻瘟病,7.0,感白叶枯病,9.0,,耐冷性较弱,67.5,1.8,,,67.0,3.4,6.1,2.0,,False,,533,Middle-Lower Yangtze,Late,Two-line hybrid,Unknown,0,1.0,1.0,True,False,False
4438,又香优龙丝苗,国审稻20210334,2021.0,国审,,True,True,False,籼,双季,长江中下游晚籼早熟组,599.36,4.15,,,2.13,120.8,,110.7,19.3,24.0,185.0,81.1,21.7,,,5.0,中感稻瘟病,7.0,感白叶枯病,9.0,,耐冷性较弱,58.0,1.7,,,60.0,4.4,6.8,2.0,,False,,536,Middle-Lower Yangtze,Late,Three-line hybrid,Unknown,0,1.0,1.0,True,False,False
6452,又香优香丝苗,国审稻20210335,2021.0,国审,,True,True,False,籼,双季,长江中下游晚籼早熟组,590.36,2.55,,,1.46,119.2,,113.5,19.9,24.4,184.4,80.9,20.8,,,5.0,中感稻瘟病,5.0,中感白叶枯病,9.0,,耐冷性一般,59.8,1.4,,17.3,68.0,4.3,6.7,2.0,,False,,534,Middle-Lower Yangtze,Late,Three-line hybrid,Unknown,0,1.0,1.0,True,False,False
7164,贡香两优粤香晶丝,国审稻20210337,2021.0,国审,,True,False,True,籼,双季,长江中下游晚籼早熟组,593.08,2.95,,,0.91,119.9,,118.1,19.3,24.8,177.8,81.2,22.1,,,5.0,中感稻瘟病,7.0,感白叶枯病,9.0,,耐冷性较弱,57.5,1.5,,,65.0,4.3,6.9,2.0,,False,,542,Middle-Lower Yangtze,Late,Two-line hybrid,Unknown,0,1.0,1.0,True,False,False
5506,广 8 优香丝苗,国审稻20210341,2021.0,国审,,True,True,False,籼,双季,长江中下游晚籼早熟组,589.64,2.34,,,1.82,120.4,,113.8,20.2,24.8,180.5,82.0,20.3,,,5.0,中感稻瘟病,5.0,中感白叶枯病,9.0,,耐冷性较弱,63.7,2.7,,18.3,60.0,3.9,6.6,2.0,,False,,534,Middle-Lower Yangtze,Late,Three-line hybrid,Unknown,0,1.0,1.0,True,False,False
7863,深香优 6 号,国审稻20210342,2021.0,国审,,True,True,False,籼,双季,长江中下游晚籼早熟组,559.4,3.17,,,2.51,120.0,,109.7,20.2,23.1,175.0,78.2,24.0,,,3.0,中抗稻瘟病,5.0,中感白叶枯病,9.0,,耐冷性一般,56.4,1.4,,18.2,67.3,3.7,6.9,2.0,,False,,541,Middle-Lower Yangtze,Late,Three-line hybrid,Unknown,0,1.0,1.0,False,False,False
5394,仁优 6 号,国审稻20210343,2021.0,国审,,True,True,False,籼,双季,长江中下游晚籼早熟组,573.38,5.77,,,6.02,117.5,,100.8,22.2,23.6,145.6,82.6,23.9,,,5.0,中感稻瘟病,7.0,感白叶枯病,9.0,,耐冷性较强,60.7,1.7,,,70.0,3.2,7.0,2.0,,False,,535,Middle-Lower Yangtze,Late,Three-line hybrid,Unknown,0,1.0,1.0,True,False,False
4740,华浙优 261,国审稻20210345,2021.0,国审,,True,True,False,籼,双季,长江中下游晚籼早熟组,585.77,4.68,,,4.38,120.1,,113.5,20.5,22.2,178.3,82.0,22.5,,,5.0,中感稻瘟病,5.0,感白叶枯病,9.0,,,65.9,0.3,,18.2,72.0,3.5,7.0,,《食用稻品种品质》,False,,531,Middle-Lower Yangtze,Late,Three-line hybrid,Unknown,0,,1.0,True,False,False
4057,长田优 405,国审稻20210346,2021.0,国审,,True,True,False,籼,双季,长江中下游晚籼早熟组,597.84,6.79,,,6.83,118.4,,99.7,21.8,23.2,162.7,82.0,23.4,,,5.0,中感稻瘟病,5.0,,9.0,,耐冷性一般,59.7,0.3,,,73.0,3.8,5.8,3.0,,False,,539,Middle-Lower Yangtze,Late,Three-line hybrid,Unknown,0,0.0,1.0,True,False,False
4152,泰两优 1332,国审稻20210347,2021.0,国审,,True,False,True,籼,双季,长江中下游晚籼中迟熟组,597.66,-1.8,天优华占,,2.45,121.4,,103.3,22.5,21.6,142.8,85.9,22.6,,,5.0,中感稻瘟病,5.0,中感白叶枯病,9.0,,耐冷性一般,69.3,0.5,,16.3,66.0,3.3,6.9,1.0,《食用稻品种品质》,False,,521,Middle-Lower Yangtze,Late,Two-line hybrid,Unknown,0,1.0,1.0,True,False,False
6495,福玉香占,国审稻20210354,2021.0,国审,,False,False,False,籼,双季,长江中下游晚籼中迟熟组,565.05,2.76,天优华占,,,121.2,,111.3,20.8,21.6,,79.2,21.9,,,5.0,中感稻瘟病,5.0,中感白叶枯病,9.0,,耐冷性一般,67.7,0.4,,17.0,72.7,3.5,6.8,,《食用稻品种品质》,False,,517,Middle-Lower Yangtze,Late,Inbred/Other,Unknown,0,,1.0,True,False,False
3260,荃优 879,国审稻20210358,2021.0,国审,,True,True,False,籼,双季,华南感光晚籼组,502.38,5.36,,,3.49,114.2,,104.3,15.3,24.3,187.3,79.0,28.2,,,3.0,中抗稻瘟病,5.0,,9.0,,,57.3,2.3,,15.4,60.0,3.0,7.0,2.0,《食用稻品种品质》,False,,524,South China,Late,Three-line hybrid,Unknown,0,1.0,1.0,False,False,False
4850,隆两优 1307,国审稻20210359,2021.0,国审,,True,False,True,籼,双季,华南感光晚籼组,500.94,4.24,,,12.34,114.9,,108.9,15.5,25.2,,81.1,28.3,,,3.0,中感稻瘟病,7.0,感白叶枯病,9.0,,,62.2,4.1,,13.6,85.0,3.2,5.2,3.0,《食用稻品种品质》,False,,522,South China,Late,Two-line hybrid,Unknown,0,0.0,1.0,True,False,False
4157,F 两优 1252,国审稻20210362,2021.0,国审,,True,False,True,籼,双季,华南感光晚籼组,510.94,6.32,,,9.77,117.1,,109.6,17.0,23.3,,80.0,25.3,,,3.0,中抗稻瘟病,5.0,中感白叶枯病,9.0,,,65.9,2.4,,13.3,84.0,3.3,5.3,3.0,《食用稻品种品质》,False,,527,South China,Late,Two-line hybrid,Unknown,0,0.0,1.0,False,False,False
7745,福泰优 661,国审稻20210366,2021.0,国审,,True,True,False,籼,双季,华南感光晚籼组,500.44,3.67,,,7.38,115.5,,108.65,17.7,24.7,,72.0,24.7,,,3.0,中抗稻瘟病,3.0,中抗白叶枯病,9.0,,,64.5,0.5,,17.9,,3.5,5.8,3.0,《食用稻品种品质》,False,,521,South China,Late,Three-line hybrid,Unknown,0,0.0,1.0,False,False,False
5297,美香优 165,国审稻20210368,2021.0,国审,,True,True,False,籼,双季,华南感光晚籼组,537.11,4.08,,,,113.3,,107.5,18.0,23.0,153.4,82.8,24.1,,,3.0,中抗稻瘟病,9.0,高感白叶枯病,9.0,,,64.8,2.3,,17.4,63.0,3.9,6.9,,《食用稻品种品质》,False,,530,South China,Late,Three-line hybrid,Unknown,0,,1.0,False,False,False
5660,荃粳优 70,国审稻20210371,2021.0,国审,,True,True,False,粳,单季,长江中下游单季晚粳组,713.24,6.98,,,4.69,145.2,,110.0,17.5,20.4,240.5,83.7,24.0,,,,中感稻瘟病,5.0,中感白叶枯病,9.0,,,68.6,1.8,,16.2,78.0,2.4,6.7,3.0,《食用稻品种品质》,False,,540,Middle-Lower Yangtze,Late,Three-line hybrid,Unknown,0,0.0,,True,False,False
4836,春优 87,国审稻20210374,2021.0,国审,,True,True,False,粳,单季,长江中下游单季晚粳组,699.28,10.51,,,4.94,160.3,,120.6,14.5,21.3,280.5,79.7,26.1,,,,中感稻瘟病,5.0,中感白叶枯病,9.0,,,66.1,2.5,,16.5,72.0,2.4,7.0,2.0,《食用稻品种品质》,False,,529,Middle-Lower Yangtze,Late,Three-line hybrid,Unknown,0,1.0,,True,False,False
7820,中研稻 1 号,国审稻20210376,2021.0,国审,,False,False,False,粳,单季,长江中下游单季晚粳组,635.77,0.39,,,0.87,148.3,,,20.8,16.7,143.7,89.8,25.0,,,,中感稻瘟病,3.0,中抗白叶枯病,9.0,,,74.7,3.5,,17.4,63.0,1.7,6.9,,《食用稻品种品质》,False,,529,Middle-Lower Yangtze,Late,Inbred/Other,Unknown,0,,,True,False,False
4906,浙粳优 77,国审稻20210378,2021.0,国审,,True,True,False,粳,单季,长江中下游单季晚粳组,712.45,11.44,,,,154.9,,116.8,15.1,21.9,277.9,82.2,23.6,,,,,5.0,中感白叶枯病,9.0,,,69.0,2.7,,15.3,62.0,2.1,7.0,3.0,《食用稻品种品质》,False,,535,Middle-Lower Yangtze,Late,Three-line hybrid,Unknown,0,0.0,,False,False,False
5173,皖垦糯 6 号,国审稻20210380,2021.0,国审,,False,False,False,粳,单季,长江中下游单季晚粳组,633.8,-0.5,,,3.27,146.9,,95.6,19.8,15.5,,86.6,25.9,,,5.0,,3.0,中抗白叶枯病,5.0,,,66.6,,,,100.0,1.6,7.0,2.0,,False,,529,Middle-Lower Yangtze,Late,Inbred/Other,Unknown,0,1.0,1.0,False,False,False
6740,嘉禾优 726,国审稻20210381,2021.0,国审,,True,True,False,粳,单季,长江中下游单季晚粳组,739.9,13.98,,,10.54,149.4,,118.5,16.2,21.0,263.3,79.3,25.3,,,5.0,中感稻瘟病,5.0,中感白叶枯病,,,,74.8,3.5,,,74.0,2.0,6.2,3.0,,False,,532,Middle-Lower Yangtze,Late,Three-line hybrid,Unknown,0,0.0,1.0,True,False,False
6339,浙优 812,国审稻20210384,2021.0,国审,,True,True,False,粳,单季,长江中下游单季晚粳组,720.2,13.43,,,,152.1,,126.6,16.1,21.9,242.1,80.3,25.1,,,5.0,中感稻瘟病,5.0,中感白叶枯病,9.0,,,72.4,6.6,,17.3,56.0,2.1,5.8,,,False,,527,Middle-Lower Yangtze,Late,Three-line hybrid,Unknown,0,,1.0,True,False,False
7525,浙优 810,国审稻20210385,2021.0,国审,,True,True,False,粳,单季,长江中下游单季晚粳组,715.85,12.58,,,,153.2,,125.5,16.2,22.0,258.1,82.2,24.7,,,5.0,中感稻瘟病,5.0,中感白叶枯病,9.0,,,72.1,3.6,,16.6,61.0,2.2,6.2,3.0,《食用稻品种品质》,False,,552,Middle-Lower Yangtze,Late,Three-line hybrid,Unknown,0,0.0,1.0,True,False,False
3598,淮粳糯 20,国审稻20210387,2021.0,国审,,False,False,False,粳,,北方黄淮粳稻组,,,,691.08,8.22,157.3,,98.9,20.9,16.9,139.3,85.1,28.4,,,3.0,中抗稻瘟病,,,,,,64.0,,,1.2,100.0,1.6,6.6,3.0,,False,,471,North/Huanghuai,Single/Mid,Inbred/Other,Unknown,0,0.0,1.0,False,False,False
6258,连粳 317,国审稻20210388,2021.0,国审,,False,False,False,粳,,北方黄淮粳稻组,,,,707.5,5.96,153.5,,99.5,22.1,16.4,150.8,86.7,24.7,,,3.0,中抗稻瘟病,,,,,,68.9,4.6,,14.6,67.0,1.9,6.3,3.0,,False,,493,North/Huanghuai,Single/Mid,Inbred/Other,Unknown,0,0.0,1.0,False,False,False
1631,金粳 616,国审稻20210389,2021.0,国审,,False,False,False,粳,,北方黄淮粳稻组,,,,678.53,6.25,149.3,,90.1,20.6,15.4,129.9,89.6,29.1,,,5.0,中感稻瘟病,,,,,,64.8,4.9,,15.9,61.0,1.8,6.8,3.0,,False,,482,North/Huanghuai,Single/Mid,Inbred/Other,Unknown,0,0.0,1.0,True,False,False
4350,泗稻 21 号,国审稻20210390,2021.0,国审,,False,False,False,粳,,北方黄淮粳稻组,,,,684.52,7.18,151.4,,100.3,20.2,17.2,144.8,87.8,28.5,,,3.0,中抗稻瘟病,,,,,,72.1,4.7,,15.4,67.0,1.8,6.8,3.0,,False,,493,North/Huanghuai,Single/Mid,Inbred/Other,Unknown,0,0.0,1.0,False,False,False
4692,金香玉 686,国审稻20210392,2021.0,国审,,False,False,False,粳,,北方黄淮粳稻组,,,,683.08,7.56,153.7,,98.9,22.0,16.4,143.4,89.9,26.0,,,5.0,中感稻瘟病,,,,,,68.6,5.5,,12.7,72.0,1.7,7.0,,,False,,464,North/Huanghuai,Single/Mid,Inbred/Other,Unknown,0,,1.0,True,False,False
4318,圣稻 23,国审稻20210393,2021.0,国审,,False,False,False,粳,,北方黄淮粳稻组,,,,655.61,5.9,155.3,,100.1,21.5,16.6,143.8,86.9,26.3,,,3.0,中抗稻瘟病,,,,,,73.4,4.3,,15.0,72.0,1.8,6.0,3.0,,False,,479,North/Huanghuai,Single/Mid,Inbred/Other,Unknown,0,0.0,1.0,False,False,False
6850,镇稻 31 号,国审稻20210395,2021.0,国审,,False,False,False,粳,,北方黄淮粳稻组,,,,663.67,3.91,152.3,,94.8,21.6,16.8,132.7,92.0,26.9,,,3.0,中感稻瘟病,,,,,,68.9,2.4,,15.6,70.0,1.7,7.0,2.0,,False,,483,North/Huanghuai,Single/Mid,Inbred/Other,Unknown,0,1.0,1.0,True,False,False
5636,嘉禾优 5 号,国审稻20210396,2021.0,国审,,True,True,False,粳,,北方黄淮粳稻组,,,,758.41,18.76,155.0,,121.9,16.9,22.6,220.7,82.6,25.2,,,3.0,中抗稻瘟病,,,,,,66.7,3.7,,15.5,61.0,2.5,6.1,3.0,,False,,485,North/Huanghuai,Single/Mid,Three-line hybrid,Unknown,0,0.0,1.0,False,False,False
6400,新粮 12 号,国审稻20210398,2021.0,国审,,False,False,False,粳,,北方黄淮粳稻组,,,,696.54,5.94,150.8,,88.8,23.1,16.2,143.0,87.8,25.1,,,3.0,中抗稻瘟病,,,,,,72.6,3.3,,16.2,63.0,1.9,6.8,3.0,,False,,481,North/Huanghuai,Single/Mid,Inbred/Other,Unknown,0,0.0,1.0,False,False,False
5797,校博 19,国审稻20210399,2021.0,国审,,False,False,False,粳,,黄淮粳稻组,679.1,7.55,,,3.8,145.3,,95.4,19.2,16.6,144.7,90.3,27.3,,,5.0,中感稻瘟病,5.0,中感白叶枯病,,,,74.6,0.2,,17.6,78.0,1.8,7.0,1.0,《食用稻品种品质》,False,,497,North/Huanghuai,Single/Mid,Inbred/Other,Unknown,0,1.0,1.0,True,False,False
5922,大华糯 168,国审稻20210402,2021.0,国审,,False,False,False,粳,,黄淮粳稻组,672.41,6.9,,,6.11,153.1,,,23.1,16.1,149.7,88.9,26.5,,,5.0,中感稻瘟病,,,,,,70.7,,,0.9,100.0,1.7,6.3,3.0,,False,,498,North/Huanghuai,Single/Mid,Inbred/Other,Unknown,0,0.0,1.0,True,False,False
5948,圣稻 258,国审稻20210403,2021.0,国审,,False,False,False,粳,,黄淮粳稻组,,,,694.0,6.6,153.2,,94.31,22.0,16.0,151.0,89.5,25.3,,,5.0,中感稻瘟病,5.0,中感白叶枯病,,,,72.2,2.5,,16.9,,1.9,7.0,2.0,《食用稻品种品质》,False,,503,North/Huanghuai,Single/Mid,Inbred/Other,Unknown,0,1.0,1.0,True,False,False
5825,连粳 172,国审稻20210404,2021.0,国审,,False,False,False,粳,,黄淮粳稻组,,,,697.4,5.1,154.4,,93.6,23.2,16.0,134.1,90.8,23.6,,,3.0,中抗稻瘟病,5.0,中感白叶枯病,,,,68.2,2.4,,16.3,70.0,2.1,7.0,2.0,《食用稻品种品质》,False,,498,North/Huanghuai,Single/Mid,Inbred/Other,Unknown,0,1.0,1.0,False,False,False
4753,连粳 166,国审稻20210405,2021.0,国审,,False,False,False,粳,,黄淮粳稻组,,,,684.5,3.3,151.4,,89.4,23.3,15.6,135.0,90.7,27.3,,,5.0,中感稻瘟病,3.0,中抗白叶枯病,,,,72.1,3.8,,15.7,61.0,1.9,6.7,3.0,《食用稻品种品质》,False,,503,North/Huanghuai,Single/Mid,Inbred/Other,Unknown,0,0.0,1.0,True,False,False
4983,泗稻 23 号,国审稻20210406,2021.0,国审,,False,False,False,粳,,黄淮粳稻组,,,,685.2,6.7,148.9,,88.5,22.6,15.8,129.5,91.5,26.6,,,5.0,中感稻瘟病,5.0,中感白叶枯病,,,,75.09,2.1,,16.7,70.0,1.8,7.0,2.0,《食用稻品种品质》,False,,510,North/Huanghuai,Single/Mid,Inbred/Other,Unknown,0,1.0,1.0,True,False,False
4852,春优 916,国审稻20210407,2021.0,国审,,True,True,False,粳,,黄淮粳稻组,694.0,12.4,,,9.86,157.0,,114.7,18.9,20.7,212.3,80.7,24.9,,,5.0,中感稻瘟病,,,,,,64.8,6.4,,15.3,67.0,2.4,5.0,,,False,,467,North/Huanghuai,Single/Mid,Three-line hybrid,Unknown,0,,1.0,True,False,False
6657,晶稻 66,国审稻20210409,2021.0,国审,,False,False,False,粳,,黄淮粳稻组,,,,698.0,6.8,155.7,,94.6,19.9,17.7,147.5,89.8,29.0,,,5.0,中感稻瘟病,5.0,中感白叶枯病,,,,74.4,4.1,,15.8,64.0,1.7,6.5,3.0,《食用稻品种品质》,False,,497,North/Huanghuai,Single/Mid,Inbred/Other,Unknown,0,0.0,1.0,True,False,False
6142,中禾优 7 号,国审稻20210410,2021.0,国审,,True,True,False,粳,,黄淮粳稻组,752.18,19.07,,,16.4,153.8,,117.1,16.3,23.0,242.3,82.8,27.6,,,,中抗稻瘟病,,,,,,74.1,4.5,,15.5,78.0,2.6,6.4,3.0,《食用稻品种品质》,False,,503,North/Huanghuai,Single/Mid,Three-line hybrid,Unknown,0,0.0,,False,False,False
7083,华粳 13 号,国审稻20210411,2021.0,国审,,False,False,False,粳,,黄淮粳稻组,683.5,5.95,,,6.18,150.6,,87.0,23.3,16.9,130.6,91.4,28.7,,,5.0,中感稻瘟病,5.0,中感白叶枯病,,,,68.9,1.8,,16.0,71.0,2.2,7.0,2.0,《食用稻品种品质》,False,,506,North/Huanghuai,Single/Mid,Inbred/Other,Unknown,0,1.0,1.0,True,False,False
3358,润农 17,国审稻20210414,2021.0,国审,,False,False,False,粳,,黄淮粳稻组,,,,,4.58,154.1,,96.3,21.6,16.2,142.2,88.5,26.6,,,5.0,中感稻瘟病,3.0,中抗白叶枯病,,,,66.1,6.2,,14.1,79.0,2.0,7.0,,,False,,477,North/Huanghuai,Single/Mid,Inbred/Other,Unknown,0,,1.0,True,False,False
4003,泗稻 22 号,国审稻20210419,2021.0,国审,,False,False,False,粳,,黄淮粳稻组,687.2,7.0,,,6.7,151.3,,96.5,20.8,17.5,156.0,88.3,26.9,,,3.0,中抗稻瘟病,5.0,中感白叶枯病,,,,73.6,2.9,,16.3,73.0,1.8,7.0,2.0,《食用稻品种品质》,False,,514,North/Huanghuai,Single/Mid,Inbred/Other,Unknown,0,1.0,1.0,False,False,False
4798,华农 99,国审稻20210421,2021.0,国审,,False,False,False,粳,,黄淮粳稻组,643.02,-0.27,,,3.04,149.7,,99.5,21.7,17.0,143.8,88.6,25.3,,,3.0,中抗稻瘟病,,,,,,73.8,2.0,,18.4,73.0,1.9,0.0,2.0,,False,,490,North/Huanghuai,Single/Mid,Inbred/Other,Unknown,0,1.0,1.0,False,False,False
4340,9 优 30,国审稻20210422,2021.0,国审,,True,True,False,粳,,黄淮粳稻组,721.9,12.4,,,12.2,149.2,,97.8,19.1,20.3,233.1,83.6,23.7,,,5.0,中感稻瘟病,5.0,中感白叶枯病,,,,73.9,2.9,,15.5,72.0,2.2,7.0,2.0,《食用稻品种品质》,False,,498,North/Huanghuai,Single/Mid,Three-line hybrid,Unknown,0,1.0,1.0,True,False,False
6942,晶稻 88,国审稻20210423,2021.0,国审,,False,False,False,粳,,黄淮粳稻组,,,,688.2,7.2,148.4,,92.0,20.4,16.0,151.7,90.9,26.4,,,3.0,中抗稻瘟病,5.0,中感白叶枯病,,,,74.9,1.9,,17.1,71.0,1.7,7.0,2.0,《食用稻品种品质》,False,,502,North/Huanghuai,Single/Mid,Inbred/Other,Unknown,0,1.0,1.0,False,False,False
4974,苏秀糯 889,国审稻20210424,2021.0,国审,,False,False,False,粳,,黄淮粳稻组,664.56,3.11,,,2.67,147.6,,85.0,22.3,15.8,134.5,88.0,24.8,,,3.0,中抗稻瘟病,,,,,,74.2,,,1.4,100.0,1.7,7.0,2.0,,False,,479,North/Huanghuai,Single/Mid,Inbred/Other,Unknown,0,1.0,1.0,False,False,False
3663,浙粳优 1734,国审稻20210425,2021.0,国审,,True,True,False,粳,,黄淮粳稻组,731.1,13.59,,,10.47,152.0,,105.8,18.1,19.9,259.5,77.3,23.3,,,,中抗稻瘟病,,,,,,77.0,2.7,,16.1,70.0,2.2,4.4,,,False,,473,North/Huanghuai,Single/Mid,Three-line hybrid,Unknown,0,,,False,False,False
4790,新丰 136,国审稻20210427,2021.0,国审,,False,False,False,粳,,黄淮粳稻组,,,,679.82,8.59,156.1,,98.8,23.8,16.9,131.1,90.8,26.2,,,5.0,中感稻瘟病,5.0,中感白叶枯病,,,,72.3,2.2,,16.2,70.0,1.9,6.2,3.0,《食用稻品种品质》,False,,507,North/Huanghuai,Single/Mid,Inbred/Other,Unknown,0,0.0,1.0,True,False,False
3234,淮稻 40,国审稻20210428,2021.0,国审,,False,False,False,粳,,黄淮粳稻组,669.4,5.63,,,8.07,148.6,,91.8,21.2,15.5,141.5,91.0,26.5,,,5.0,中感稻瘟病,5.0,中感白叶枯病,,,,74.1,4.3,,14.9,68.0,1.7,6.5,3.0,《食用稻品种品质》,False,,508,North/Huanghuai,Single/Mid,Inbred/Other,Unknown,0,0.0,1.0,True,False,False
7502,通禾 861,国审稻20210433,2021.0,国审,,False,False,False,粳,,北方中早粳中熟组,,,秋光,673.44,7.13,157.9,,100.7,32.6,15.9,153.3,83.3,,,,5.0,感稻瘟病,,,,,,70.6,2.4,,16.2,63.0,2.0,7.0,3.0,《食用稻品种品质》,False,,459,North/Huanghuai,Early,Inbred/Other,Unknown,0,0.0,1.0,True,False,False
3681,龙稻 185,国审稻20210442,2021.0,国审,,False,False,False,粳,,北方早粳中熟组,,,,598.99,10.27,147.9,,108.2,26.9,19.5,127.8,87.0,25.2,,,5.0,中感稻瘟病,,,,,,69.1,1.0,,17.5,70.0,2.2,7.0,1.0,《食用稻品种品质》,False,,460,North/Huanghuai,Early,Inbred/Other,Unknown,0,1.0,1.0,True,False,False
3581,松粳 215,国审稻20210446,2021.0,国审,,False,False,False,粳,,,,,,570.4,6.12,150.8,,114.2,27.0,20.0,115.9,86.6,26.9,,,5.0,中感稻瘟病,,,,,,65.4,5.8,,17.7,68.0,2.6,7.0,,,False,,440,Other/Unspecified,Unspecified,Inbred/Other,Unknown,0,,1.0,True,False,False
3539,旱两优 8200,国审稻20210448,2021.0,国审,,True,False,True,籼,中稻,,561.73,3.68,,,4.2,117.2,,116.0,20.5,24.4,168.8,88.4,26.3,,,7.0,,3.0,中抗白叶枯病,9.0,抽穗期耐热性较强,,54.5,4.1,,16.4,67.0,3.4,6.7,3.0,,False,,538,Other/Unspecified,Single/Mid,Two-line hybrid,Unknown,0,0.0,0.0,False,False,False
7667,盐稻 21 号,国审稻20210449,2021.0,国审,,False,False,False,粳,,国家耐盐（碱） 水稻黄淮粳稻组,520.0,4.2,,,,151.2,,,20.3,15.1,120.2,86.6,25.5,,,5.0,中感稻瘟病,,,,,,75.4,0.9,,15.6,,1.9,7.0,1.0,《食用稻品种品质》,False,,570,North/Huanghuai,Single/Mid,Inbred/Other,Unknown,0,1.0,1.0,True,False,False
5849,南粳盐 1 号,国审稻20210451,2021.0,国审,,False,False,False,粳,,国家耐盐（碱） 水稻黄淮粳稻组,484.9,7.8,,,,150.5,,,19.0,15.3,121.3,86.2,25.5,,,5.0,中感稻瘟病,,,,,,71.4,3.0,,16.8,,1.8,7.0,2.0,《食用稻品种品质》,False,,571,North/Huanghuai,Single/Mid,Inbred/Other,Unknown,0,1.0,1.0,True,False,False
7642,贵优华占,国审稻20216001,2021.0,国审,,True,True,False,籼,双季,华南早籼组,,,天优华占,542.21,3.17,125.3,,108.7,18.5,22.9,,84.6,21.4,,,5.0,中感稻瘟病,7.0,感白叶枯病,9.0,,,60.0,5.6,,,90.0,3.4,4.2,,,False,,493,South China,Early,Three-line hybrid,Unknown,0,,1.0,True,False,False
7356,贵优 9822,国审稻20216002,2021.0,国审,,True,True,False,籼,双季,华南早籼组,,,天优华占,526.84,0.18,124.6,,107.8,19.4,22.8,,84.9,22.5,,,5.0,中感稻瘟病,3.0,中抗白叶枯病,9.0,,,57.7,5.5,,13.3,90.0,3.3,3.8,,,False,,492,South China,Early,Three-line hybrid,Unknown,0,,1.0,True,False,False
5544,K 两优 144,国审稻20216005,2021.0,国审,,True,False,True,籼,双季,长江中下游早籼早中熟组,536.34,5.3,,,4.97,108.9,,89.3,21.8,19.3,128.3,81.6,26.1,,,9.0,高感稻瘟病,7.0,感白叶枯病,7.0,,,56.5,5.3,,17.3,42.0,2.6,4.2,,,False,,505,Middle-Lower Yangtze,Early,Two-line hybrid,Unknown,0,,0.0,True,False,False
4990,隆科早 1 号,国审稻20216006,2021.0,国审,,False,False,False,籼,双季,长江中下游早籼早中熟组,475.89,-2.36,,,1.68,111.1,,98.4,16.7,22.4,,82.0,27.8,,,5.0,,7.0,感白叶枯病,,,,64.8,3.0,,13.8,,3.2,6.4,2.0,《食用稻品种品质》,False,,526,Middle-Lower Yangtze,Early,Inbred/Other,Unknown,0,1.0,1.0,False,False,False
6378,川康优 2117,国审稻20216007,2021.0,国审,,True,True,False,籼,中稻,长江上游中籼迟熟组,,,,626.0,5.33,152.8,,115.6,15.5,25.6,198.9,80.3,28.1,,,7.0,感稻瘟病,,,9.0,抽穗期耐热性 较弱,耐冷性一般,61.0,1.7,,18.1,80.5,3.2,7.0,2.0,《食用稻品种品质》,False,,539,Upper Yangtze,Single/Mid,Three-line hybrid,Unknown,0,1.0,0.0,True,False,False
6886,玮两优华占,国审稻20216008,2021.0,国审,,True,False,True,籼,中稻,长江上游中籼迟熟组,516.89,9.6,,526.0,0.42,152.5,,109.4,16.6,23.1,162.0,86.2,25.5,,,5.0,中感稻瘟病,7.0,感白叶枯病,9.0,抽穗期耐热性强,耐冷性一般,57.5,2.0,,13.2,80.0,3.1,5.0,3.0,《食用稻品种品质》,False,,1009,Upper Yangtze,Single/Mid,Two-line hybrid,Unknown,0,0.0,1.0,True,False,False
4882,和两优晶丝,国审稻20216011,2021.0,国审,,True,False,True,籼,中稻,长江上游中籼迟熟组,592.21,3.6,,604.65,4.73,149.8,,111.9,15.4,23.9,193.4,85.4,25.1,,,5.0,中感稻瘟病,,,9.0,,耐冷性一般,63.2,4.8,,16.5,65.0,3.3,6.2,3.0,《食用稻品种品质》,False,,984,Upper Yangtze,Single/Mid,Two-line hybrid,Unknown,0,0.0,1.0,True,False,False
3709,荃优 169,国审稻20216012,2021.0,国审,,True,True,False,籼,中稻,长江上游中籼迟熟组,,,,,5.87,150.0,,105.7,15.9,23.3,186.5,84.9,28.0,,,7.0,感稻瘟病,,,9.0,抽穗期耐热性 较强,耐冷性一般,69.1,1.3,,16.7,79.0,3.0,7.0,,《食用稻品种品质》,False,,538,Upper Yangtze,Single/Mid,Three-line hybrid,Unknown,0,,0.0,True,False,False
4535,荃香优 575,国审稻20216013,2021.0,国审,,True,True,False,籼,中稻,长江上游中籼迟熟组,,,,,5.76,149.8,,114.7,15.8,23.8,178.9,85.8,28.7,,,3.0,中抗稻瘟病,,,9.0,,耐冷性一般,62.9,1.7,,15.9,79.5,3.0,6.7,2.0,《食用稻品种品质》,False,,535,Upper Yangtze,Single/Mid,Three-line hybrid,Unknown,0,1.0,1.0,False,False,False
4373,荃广优 851,国审稻20216014,2021.0,国审,,True,True,False,籼,中稻,长江上游中籼迟熟组,637.5,,丰两优四号,614.95,4.63,149.3,,101.7,15.6,22.6,225.0,81.6,23.4,,,5.0,中感稻瘟病,9.0,高感白叶枯病,9.0,抽穗期耐热性较强,耐冷性较弱,69.2,0.6,,17.4,74.0,3.0,7.0,1.0,《食用稻品种品质》,False,,1026,Upper Yangtze,Single/Mid,Three-line hybrid,Unknown,0,1.0,1.0,True,False,False
4293,荃两优 1606,国审稻20216015,2021.0,国审,,True,False,True,籼,中稻,长江上游中籼迟熟组,,,,,7.16,151.0,,113.9,14.6,22.7,208.1,84.3,26.0,,,5.0,中感稻瘟病,,,7.0,抽穗期耐热性 较强,耐冷性一般,64.5,0.6,,16.3,61.5,3.0,7.0,1.0,《食用稻品种品质》,False,,538,Upper Yangtze,Single/Mid,Two-line hybrid,Unknown,0,1.0,1.0,True,False,False
3568,荃优银泰香占,国审稻20216016,2021.0,国审,,True,True,False,籼,中稻,长江上游中籼迟熟组,620.44,,丰两优四号,593.13,3.22,150.4,,119.9,16.2,25.5,182.2,83.9,27.0,,,5.0,中感稻瘟病,5.0,中感白叶枯病,9.0,,耐冷性一般,65.9,1.0,,18.0,81.0,3.4,6.8,1.0,《食用稻品种品质》,False,,1020,Upper Yangtze,Single/Mid,Three-line hybrid,Unknown,0,1.0,1.0,True,False,False
56,荃优 836,国审稻20216017,2021.0,国审,,True,True,False,籼,中稻,长江上游中籼迟熟组,,,,,1.89,153.8,,106.8,15.3,23.6,194.1,84.6,27.2,,,7.0,感稻瘟病,,,9.0,抽穗期耐热性 较强,耐冷性一般,67.6,2.4,,16.5,69.0,2.9,6.8,,《食用稻品种品质》,False,,533,Upper Yangtze,Single/Mid,Three-line hybrid,Unknown,0,,0.0,True,False,False
4196,泰优奥美香,国审稻20216018,2021.0,国审,,True,True,False,籼,中稻,长江上游中籼迟熟组,588.92,3.09,,570.62,4.15,147.6,,107.7,14.8,22.6,184.8,84.9,26.0,,,7.0,感稻瘟病,,,9.0,抽穗期耐热性 一般,耐冷性一般,55.0,1.5,,15.3,75.0,4.3,6.1,2.0,《食用稻品种品质》,False,,988,Upper Yangtze,Single/Mid,Three-line hybrid,Unknown,0,1.0,0.0,True,False,False
5762,康两优 901,国审稻20216020,2021.0,国审,,True,False,True,籼,中稻,长江上游中籼迟熟组,693.78,,丰两优四号,675.2,4.25,155.0,,105.0,16.8,23.9,209.7,84.2,25.0,,,7.0,感稻瘟病,5.0,中感白叶枯病,9.0,抽穗期耐热性强,耐冷性较弱,55.0,1.1,,17.3,61.0,3.4,6.6,2.0,《食用稻品种品质》,False,,1030,Upper Yangtze,Single/Mid,Two-line hybrid,Unknown,0,1.0,0.0,True,False,False
2160,吨两优 818,国审稻20216021,2021.0,国审,,True,False,True,籼,中稻,长江上游中籼迟熟组,,,,,4.53,154.9,,106.9,16.0,23.1,227.4,84.1,24.5,,,7.0,感稻瘟病,,,9.0,抽穗期耐热性 较强,耐冷性一般,67.4,2.9,,18.1,61.0,3.1,6.4,2.0,《食用稻品种品质》,False,,535,Upper Yangtze,Single/Mid,Two-line hybrid,Unknown,0,1.0,0.0,True,False,False
73,万丰优 818,国审稻20216022,2021.0,国审,,True,True,False,籼,中稻,长江上游中籼迟熟组,697.38,,丰两优四号,692.8,4.84,154.6,,105.6,15.8,23.3,251.5,83.9,24.0,,,5.0,中感稻瘟病,,感白叶枯病,9.0,抽穗期耐热性较 强,耐冷性一般,64.3,1.1,,18.1,60.0,3.5,7.0,2.0,《食用稻品种品质》,False,,1023,Upper Yangtze,Single/Mid,Three-line hybrid,Unknown,0,1.0,1.0,True,False,False
4241,Y 两优 911,国审稻20216023,2021.0,国审,,True,False,True,籼,中稻,长江上游中籼迟熟组,,,,,4.86,152.2,,101.3,16.3,24.6,220.8,85.4,24.1,,,7.0,感稻瘟病,,,9.0,抽穗期耐热性 较强,耐冷性较强,56.6,1.7,,18.5,61.0,3.3,7.0,2.0,《食用稻品种品质》,False,,533,Upper Yangtze,Single/Mid,Two-line hybrid,Unknown,0,1.0,0.0,True,False,False
4160,恒丰优京贵占,国审稻20216024,2021.0,国审,,True,True,False,籼,中稻,长江上游中籼迟熟组,597.61,3.09,天优华占,544.24,4.19,150.8,,115.3,16.3,23.5,193.7,89.5,24.1,,,3.0,中抗稻瘟病,,感白叶枯病,7.0,抽穗期耐热性强,耐冷性一般,60.9,3.6,,16.1,61.0,3.6,6.7,3.0,《食用稻品种品质》,False,,1023,Upper Yangtze,Single/Mid,Three-line hybrid,Unknown,0,0.0,1.0,False,False,False
5434,五乡优粤农丝苗,国审稻20216025,2021.0,国审,,True,True,False,籼,中稻,长江上游中籼迟熟组,,,,558.54,2.79,151.1,,112.0,16.8,23.2,182.9,89.8,25.2,,,5.0,中感稻瘟病,,,7.0,抽穗期耐热性 强,耐冷性一般,55.1,2.8,,17.3,,4.1,6.7,2.0,《食用稻品种品质》,False,,521,Upper Yangtze,Single/Mid,Three-line hybrid,Unknown,0,1.0,1.0,True,False,False
3994,泰香优秱珍,国审稻20216026,2021.0,国审,,True,True,False,籼,中稻,长江上游中籼迟熟组,,,,,4.21,148.7,,114.3,15.6,23.7,200.4,83.3,23.7,,,5.0,中感稻瘟病,,,9.0,,耐冷性一般,67.0,1.7,,15.8,64.0,3.4,7.0,2.0,《食用稻品种品质》,False,,523,Upper Yangtze,Single/Mid,Three-line hybrid,Unknown,0,1.0,1.0,True,False,False
5572,清香优 2238,国审稻20216028,2021.0,国审,,True,True,False,籼,中稻,长江上游中籼迟熟组,,,,,4.23,155.4,,124.4,15.9,28.4,182.2,79.3,30.7,,,5.0,中感稻瘟病,,,9.0,,耐冷性较强,62.1,0.3,,15.8,71.0,3.5,6.9,,《食用稻品种品质》,False,,530,Upper Yangtze,Single/Mid,Three-line hybrid,Unknown,0,,1.0,True,False,False
7151,圳优 6377,国审稻20216029,2021.0,国审,,True,True,False,籼,中稻,长江上游中籼迟熟组,,,,,6.24,147.8,,113.3,15.4,23.3,,87.0,26.5,,,7.0,感稻瘟病,,,9.0,抽穗期耐热性较强,耐冷性一般,62.8,1.1,,17.0,73.0,3.2,7.0,2.0,《食用稻品种品质》,False,,528,Upper Yangtze,Single/Mid,Three-line hybrid,Unknown,0,1.0,0.0,True,False,False
6711,川优 919,国审稻20216030,2021.0,国审,,True,True,False,籼,中稻,长江上游中籼迟熟组,,,,611.0,2.8,153.6,,117.6,16.0,26.5,192.1,83.2,25.1,,,5.0,中感稻瘟病,,,9.0,,耐冷性一般,63.3,0.5,,17.9,69.0,3.8,7.0,,《食用稻品种品质》,False,,529,Upper Yangtze,Single/Mid,Three-line hybrid,Unknown,0,,1.0,True,False,False
5206,鹏优 1269,国审稻20216031,2021.0,国审,,True,True,False,籼,中稻,长江上游中籼迟熟组,495.5,2.8,,600.3,1.01,149.5,,108.2,15.8,23.3,168.4,88.5,27.3,,,5.0,中感稻瘟病,,高感白叶枯病,9.0,,耐冷性较强,74.4,0.6,,16.3,68.0,3.0,7.0,1.0,《食用稻品种品质》,False,,1008,Upper Yangtze,Single/Mid,Three-line hybrid,Unknown,0,1.0,1.0,True,False,False
5661,兴农丝占,国审稻20216032,2021.0,国审,,False,False,False,籼,中稻,长江上游中籼迟熟组,,,,623.14,1.5,148.1,,100.6,18.5,22.8,,89.8,24.9,,,5.0,中感稻瘟病,,,9.0,抽穗期耐热性较强,,72.0,0.4,,17.8,80.0,3.0,7.0,2.0,《食用稻品种品质》,False,,514,Upper Yangtze,Single/Mid,Inbred/Other,Unknown,0,1.0,1.0,True,False,False
5643,仲旺丝苗,国审稻20216033,2021.0,国审,,False,False,False,籼,中稻,长江上游中籼迟熟组,,,,625.8,1.9,150.1,,105.0,20.5,22.1,,88.7,23.8,,,5.0,中感稻瘟病,,,9.0,抽穗期耐热性较弱,耐冷性强,69.2,0.4,,19.6,84.0,3.1,7.0,2.0,《食用稻品种品质》,False,,514,Upper Yangtze,Single/Mid,Inbred/Other,Unknown,0,1.0,1.0,True,False,False
6333,美香新占,国审稻20216036,2021.0,国审,,False,False,False,籼,中稻,长江上游中籼迟熟组,,,,,4.71,152.6,,99.8,19.0,21.3,,83.4,21.3,,,5.0,中感稻瘟病,,,9.0,抽穗期耐热性较 强,耐冷性一般,63.9,2.7,,16.4,,3.0,6.8,2.0,《食用稻品种品质》,False,,532,Upper Yangtze,Single/Mid,Inbred/Other,Unknown,0,1.0,1.0,True,False,False
7304,隆晶优 8129,国审稻20216037,2021.0,国审,,True,True,False,籼,中稻,长江上游中籼迟熟组,,,,,0.3,150.9,,107.0,16.4,24.6,170.5,88.9,28.2,,,7.0,感稻瘟病,,,9.0,抽穗期耐热性 较强,耐冷性一般,61.2,3.6,,14.3,90.0,3.2,5.0,3.0,《食用稻品种品质》,False,,540,Upper Yangtze,Single/Mid,Three-line hybrid,Unknown,0,0.0,0.0,True,False,False
5775,绿银占,国审稻20216038,2021.0,国审,,False,False,False,籼,中稻,长江上游中籼迟熟组,,,,,3.48,149.7,,107.1,15.8,23.0,,89.2,26.4,,,5.0,中感稻瘟病,,,9.0,抽穗期耐热性较 强,耐冷性一般,67.6,1.7,,15.5,,3.2,6.5,2.0,《食用稻品种品质》,False,,522,Upper Yangtze,Single/Mid,Inbred/Other,Unknown,0,1.0,1.0,True,False,False
4676,玮两优 1206,国审稻20216040,2021.0,国审,,True,False,True,籼,中稻,长江上游中籼迟熟组,,,,,2.95,153.5,,113.8,16.0,23.0,181.3,86.3,26.9,,,5.0,中感稻瘟病,,,9.0,抽穗期耐热性较强,耐冷性较强,58.6,2.7,,14.8,78.0,3.1,6.0,2.0,《食用稻品种品质》,False,,533,Upper Yangtze,Single/Mid,Two-line hybrid,Unknown,0,1.0,1.0,True,False,False
4343,臻两优泰丝,国审稻20216042,2021.0,国审,,True,False,True,籼,中稻,长江上游中籼迟熟组,609.95,,丰两优四号,612.97,0.29,155.1,,120.8,15.7,24.3,185.3,82.6,26.6,,,5.0,中感稻瘟病,7.0,感白叶枯病,9.0,抽穗期耐热性较强,耐冷性较强,63.4,2.4,,13.9,78.0,3.4,6.0,2.0,《食用稻品种品质》,False,,1018,Upper Yangtze,Single/Mid,Two-line hybrid,Unknown,0,1.0,1.0,True,False,False
5214,悦两优 8612,国审稻20216044,2021.0,国审,,True,False,True,籼,中稻,长江上游中籼迟熟组,,,,,2.09,152.4,,107.7,16.2,23.8,197.8,84.5,24.6,,,5.0,中感稻瘟病,,,9.0,,耐冷性较强,61.4,2.3,,15.0,74.0,3.0,6.0,2.0,《食用稻品种品质》,False,,531,Upper Yangtze,Single/Mid,Two-line hybrid,Unknown,0,1.0,1.0,True,False,False
4356,麟两优华占,国审稻20216046,2021.0,国审,,True,False,True,籼,中稻,长江上游中籼迟熟组,,,,,0.04,154.1,,113.5,16.3,23.6,,83.3,25.7,,,5.0,中感稻瘟病,,,9.0,抽穗期耐热性较 强,耐冷性较弱,65.1,3.0,,14.5,,3.2,6.0,2.0,《食用稻品种品质》,False,,529,Upper Yangtze,Single/Mid,Two-line hybrid,Unknown,0,1.0,1.0,True,False,False
5782,D 两优 8612,国审稻20216047,2021.0,国审,,True,False,True,籼,中稻,长江上游中籼迟熟组,,,,,3.3,150.7,,117.7,15.8,24.3,197.6,86.9,25.9,,,5.0,中感稻瘟病,,,9.0,,耐冷性较强,70.4,3.9,,15.8,52.0,3.0,5.0,3.0,《食用稻品种品质》,False,,529,Upper Yangtze,Single/Mid,Two-line hybrid,Unknown,0,0.0,1.0,True,False,False
7152,晶沅优蒂占,国审稻20216048,2021.0,国审,,True,True,False,籼,中稻,长江上游中籼迟熟组,,,,,0.44,147.0,,109.2,15.7,24.9,178.4,87.5,26.1,,,7.0,感稻瘟病,,,9.0,抽穗期耐热性 强,耐冷性较弱,61.6,2.3,,15.2,,3.6,6.9,2.0,《食用稻品种品质》,False,,525,Upper Yangtze,Single/Mid,Three-line hybrid,Unknown,0,1.0,0.0,True,False,False
4035,金龙优 263,国审稻20216049,2021.0,国审,,True,True,False,籼,中稻,长江上游中籼迟熟组,626.63,,丰两优四号,634.49,3.02,149.9,,114.1,15.2,22.8,197.0,89.3,27.0,,,5.0,中感稻瘟病,,感白叶枯病,9.0,抽穗期耐热性较强,耐冷性一般,63.7,2.5,,15.8,70.0,3.2,7.0,2.0,《食用稻品种品质》,False,,1029,Upper Yangtze,Single/Mid,Three-line hybrid,Unknown,0,1.0,1.0,True,False,False
5899,香龙优 263,国审稻20216050,2021.0,国审,,True,True,False,籼,中稻,长江上游中籼迟熟组,,,,,1.91,148.4,,115.7,14.4,23.0,181.5,89.6,29.1,,,7.0,感稻瘟病,,,9.0,抽穗期耐热性 较强,耐冷性一般,68.0,2.3,,17.4,61.0,3.1,6.8,2.0,《食用稻品种品质》,False,,538,Upper Yangtze,Single/Mid,Three-line hybrid,Unknown,0,1.0,0.0,True,False,False
7821,桃两优 2 号,国审稻20216051,2021.0,国审,,True,False,True,籼,中稻,长江上游中籼迟熟组,,,,,3.4,152.2,,111.4,15.7,24.1,215.5,81.8,24.8,,,5.0,中感稻瘟病,,,9.0,,耐冷性一般,59.2,1.6,,17.8,62.0,4.2,4.3,,《食用稻品种品质》,False,,526,Upper Yangtze,Single/Mid,Two-line hybrid,Unknown,0,,1.0,True,False,False
6058,桃湘优莉晶,国审稻20216052,2021.0,国审,,True,True,False,籼,中稻,武陵山区中籼组,,,,564.59,3.74,144.5,,120.3,16.3,25.3,,84.3,25.2,,,5.0,中感稻瘟病,,,,,耐冷性一般,60.2,5.5,,15.7,62.0,4.2,7.0,,,False,,469,Wuling Mountains,Single/Mid,Three-line hybrid,Unknown,0,,1.0,True,False,False
7446,天两优 666,国审稻20216057,2021.0,国审,,True,False,True,籼,中稻,长江中下游中籼迟熟组,677.77,3.31,丰两优四号,,,131.4,,107.1,16.9,26.8,202.6,87.8,24.0,,,5.0,中感稻瘟病,7.0,感白叶枯病,9.0,抽穗期耐热性较强,,66.2,0.5,,15.9,60.0,3.5,6.8,2.0,,False,,522,Middle-Lower Yangtze,Single/Mid,Two-line hybrid,Unknown,0,1.0,1.0,True,False,False
6687,花两优 776,国审稻20216058,2021.0,国审,,True,False,True,籼,中稻,长江中下游中籼迟熟组,672.2,3.34,丰两优四号,,,134.0,,116.5,17.8,25.8,214.3,84.3,23.2,,,5.0,中感稻瘟病,7.0,感白叶枯病,9.0,抽穗期耐热性较强,,68.5,2.8,,13.9,78.0,3.2,7.0,2.0,,False,,520,Middle-Lower Yangtze,Single/Mid,Two-line hybrid,Unknown,0,1.0,1.0,True,False,False
5693,花两优 563,国审稻20216059,2021.0,国审,,True,False,True,籼,中稻,长江中下游中籼迟熟组,684.5,4.87,丰两优四号,,,133.2,,120.9,17.2,25.2,218.4,86.2,23.3,,,9.0,高感稻瘟病,7.0,感白叶枯病,9.0,抽穗期耐热性较强,,65.0,3.9,,14.1,78.0,3.2,6.5,3.0,,False,,525,Middle-Lower Yangtze,Single/Mid,Two-line hybrid,Unknown,0,0.0,0.0,True,False,False
6943,桃两优 316,国审稻20216060,2021.0,国审,,True,False,True,籼,中稻,长江中下游中籼迟熟组,674.6,3.43,丰两优四号,,,132.9,,120.8,17.5,26.3,219.9,83.2,24.2,,,5.0,中感稻瘟病,9.0,高感白叶枯病,9.0,抽穗期耐热性一般,,41.3,14.8,,14.3,67.0,3.2,3.5,,,False,,496,Middle-Lower Yangtze,Single/Mid,Two-line hybrid,Unknown,0,,1.0,True,False,False
6901,黄泰占,国审稻20216061,2021.0,国审,,False,False,False,籼,中稻,长江中下游中籼迟熟组,669.0,8.1,丰两优四号,,5.8,129.1,,114.6,16.4,24.4,219.2,83.1,24.1,,,9.0,高感稻瘟病,9.0,,9.0,抽穗期耐热性一般,,65.3,3.5,,,72.7,2.8,7.0,,,False,,499,Middle-Lower Yangtze,Single/Mid,Inbred/Other,Unknown,0,,0.0,True,False,False
5253,黔丰优 990,国审稻20216063,2021.0,国审,,True,True,False,籼,中稻,长江中下游中籼迟熟组,687.05,3.33,丰两优四号,,,135.2,,116.9,15.0,26.5,215.7,85.6,25.0,,,7.0,感稻瘟病,7.0,感白叶枯病,9.0,,,64.2,2.1,,18.0,60.0,3.5,6.8,,《食用稻品种品质》,False,,515,Middle-Lower Yangtze,Single/Mid,Three-line hybrid,Unknown,0,,0.0,True,False,False
7055,强两优平占,国审稻20216065,2021.0,国审,,True,False,True,籼,中稻,长江中下游中籼迟熟组,696.02,4.68,丰两优四号,,,,,,,,,,,,,,,,,,,,,,,,,,,,,False,,244,Middle-Lower Yangtze,Single/Mid,Two-line hybrid,Unknown,0,,,False,False,False
6143,云两优 2118,国审稻20216067,2021.0,国审,,True,False,True,籼,中稻,长江中下游中籼迟熟组,692.68,4.18,丰两优四号,,,134.0,,111.6,16.0,24.9,198.6,82.1,25.2,,,7.0,感稻瘟病,7.0,感白叶枯病,9.0,抽穗期耐热性较强,,66.2,2.0,,15.7,70.0,3.4,6.5,2.0,,False,,522,Middle-Lower Yangtze,Single/Mid,Two-line hybrid,Unknown,0,1.0,0.0,True,False,False
4767,望两优 018,国审稻20216068,2021.0,国审,,True,False,True,籼,中稻,长江中下游中籼迟熟组,655.25,4.32,丰两优四号,,,137.2,,117.3,16.2,26.9,219.1,83.9,24.0,,,7.0,感稻瘟病,5.0,中感白叶枯病,9.0,抽穗期耐热性较强,,61.4,0.4,,15.7,77.0,3.5,7.0,2.0,,False,,524,Middle-Lower Yangtze,Single/Mid,Two-line hybrid,Unknown,0,1.0,0.0,True,False,False
6967,G8 优 1 号,国审稻20216069,2021.0,国审,,True,True,False,籼,中稻,长江中下游中籼迟熟组,651.39,6.6,丰两优四号,,,132.1,,123.1,13.3,27.0,251.9,83.8,26.9,,,5.0,中感稻瘟病,9.0,高感白叶枯病,9.0,抽穗期耐热性较强,,60.7,11.2,,23.8,44.0,2.4,4.8,,,False,,507,Middle-Lower Yangtze,Single/Mid,Three-line hybrid,Unknown,0,,1.0,True,False,False
5811,中两优 538,国审稻20216071,2021.0,国审,,True,False,True,籼,中稻,长江中下游中籼迟熟组,671.54,5.16,丰两优四号,,,127.2,,116.3,17.8,25.3,207.5,89.9,22.1,,,5.0,中感稻瘟病,5.0,中感白叶枯病,9.0,抽穗期耐热性较强,,59.7,3.7,,21.5,50.0,3.2,6.5,3.0,,False,,530,Middle-Lower Yangtze,Single/Mid,Two-line hybrid,Unknown,0,0.0,1.0,True,False,False
3790,两优 517,国审稻20216072,2021.0,国审,,True,False,True,籼,中稻,长江中下游中籼迟熟组,676.8,7.6,丰两优四号,,6.5,135.9,,118.9,17.7,24.2,187.0,82.2,24.9,,,5.0,中感稻瘟病,5.0,中感白叶枯病,9.0,抽穗期耐热性较强,,67.1,1.1,,15.7,65.7,3.2,6.8,2.0,《食用稻品种品质》,False,,519,Middle-Lower Yangtze,Single/Mid,Two-line hybrid,Unknown,0,1.0,1.0,True,False,False
4219,彦两优华占,国审稻20216073,2021.0,国审,,True,False,True,籼,中稻,长江中下游中籼迟熟组,679.69,4.9,丰两优四号,,,133.3,,121.3,17.8,24.5,201.7,85.7,22.2,,,5.0,中感稻瘟病,7.0,感白叶枯病,9.0,抽穗期耐热性较强,,64.3,6.5,,13.3,85.0,3.2,3.7,,,False,,498,Middle-Lower Yangtze,Single/Mid,Two-line hybrid,Unknown,0,,1.0,True,False,False
6187,珂两优 1019,国审稻20216077,2021.0,国审,,True,False,True,籼,中稻,长江中下游中籼迟熟组,658.01,5.72,丰两优四号,,,134.4,,121.4,16.6,25.6,198.8,84.7,26.8,,,5.0,中感稻瘟病,5.0,中感白叶枯病,9.0,抽穗期耐热性较强,,66.2,3.4,,21.3,54.0,3.3,5.0,3.0,,False,,525,Middle-Lower Yangtze,Single/Mid,Two-line hybrid,Unknown,0,0.0,1.0,True,False,False
5867,泰两优 3808,国审稻20216079,2021.0,国审,,True,False,True,籼,中稻,长江中下游中籼迟熟组,652.1,3.7,丰两优四号,,2.9,,,,,,,,,,,,,,,,,,,,,,,,,,,False,,241,Middle-Lower Yangtze,Single/Mid,Two-line hybrid,Unknown,0,,,False,False,False
3737,桃两优 67,国审稻20216082,2021.0,国审,,True,False,True,籼,中稻,长江中下游中籼迟熟组,704.28,4.33,丰两优四号,,,132.3,,113.4,15.8,24.5,200.2,88.2,24.3,,,5.0,中感稻瘟病,7.0,感白叶枯病,9.0,抽穗期耐热性较强,,55.8,2.5,,17.1,60.0,4.3,6.5,2.0,,False,,520,Middle-Lower Yangtze,Single/Mid,Two-line hybrid,Unknown,0,1.0,1.0,True,False,False
6059,桃两优 33,国审稻20216084,2021.0,国审,,True,False,True,籼,中稻,长江中下游中籼迟熟组,698.55,3.48,丰两优四号,,,132.5,,112.7,16.3,25.2,193.7,90.8,22.7,,,5.0,中感稻瘟病,5.0,中感白叶枯病,9.0,抽穗期耐热性强,,62.4,2.5,,16.8,75.0,3.7,5.0,3.0,,False,,527,Middle-Lower Yangtze,Single/Mid,Two-line hybrid,Unknown,0,0.0,1.0,True,False,False
3745,荃广优 822,国审稻20216085,2021.0,国审,,True,True,False,籼,中稻,长江中下游中籼迟熟组,646.72,5.41,丰两优四号,,,128.0,,108.7,15.8,24.6,227.8,86.8,23.1,,,7.0,感稻瘟病,5.0,中感白叶枯病,9.0,抽穗期耐热性强,,66.5,0.8,,15.0,78.5,3.2,6.8,2.0,,False,,523,Middle-Lower Yangtze,Single/Mid,Three-line hybrid,Unknown,0,1.0,0.0,True,False,False
3136,荃两优 532,国审稻20216086,2021.0,国审,,True,False,True,籼,中稻,长江中下游中籼迟熟组,654.49,6.6,丰两优四号,,,132.4,,119.7,15.0,23.9,208.9,85.7,26.5,,,3.0,中抗稻瘟病,7.0,感白叶枯病,9.0,抽穗期耐热性强,,63.4,1.5,,15.2,78.5,3.0,6.7,2.0,,False,,525,Middle-Lower Yangtze,Single/Mid,Two-line hybrid,Unknown,0,1.0,1.0,False,False,False
5884,荃优洁丰丝苗,国审稻20216087,2021.0,国审,,True,True,False,籼,中稻,长江中下游中籼迟熟组,627.98,2.43,丰两优四号,,,128.7,,112.7,15.4,25.3,182.7,86.3,28.4,,,5.0,中感稻瘟病,5.0,中感白叶枯病,9.0,抽穗期耐热性较强,,66.3,1.2,,16.3,76.0,3.1,6.8,2.0,《食用稻品种品质》,False,,536,Middle-Lower Yangtze,Single/Mid,Three-line hybrid,Unknown,0,1.0,1.0,True,False,False
4909,荃广优 879,国审稻20216088,2021.0,国审,,True,True,False,籼,中稻,长江中下游中籼迟熟组,648.74,5.73,丰两优四号,,,130.2,,111.1,15.0,24.8,237.1,83.6,24.5,,,7.0,感稻瘟病,5.0,中感白叶枯病,7.0,抽穗期耐热性较强,,64.8,1.8,,15.2,76.0,3.2,7.0,2.0,,False,,518,Middle-Lower Yangtze,Single/Mid,Three-line hybrid,Unknown,0,1.0,0.0,True,False,False
816,荃两优 879,国审稻20216089,2021.0,国审,,True,False,True,籼,中稻,长江中下游中籼迟熟组,652.6,6.3,丰两优四号,,,130.0,,119.4,13.9,23.8,228.4,85.5,27.0,,,5.0,中感稻瘟病,7.0,感白叶枯病,9.0,抽穗期耐热性较强,,65.4,0.9,,15.3,75.0,3.0,6.9,2.0,,False,,529,Middle-Lower Yangtze,Single/Mid,Two-line hybrid,Unknown,0,1.0,1.0,True,False,False
7763,荃广优巴斯香占,国审稻20216090,2021.0,国审,,True,True,False,籼,中稻,长江中下游中籼迟熟组,620.77,1.18,丰两优四号,,,130.9,,120.3,15.3,27.0,231.5,81.3,24.2,,,5.0,中感稻瘟病,5.0,中感白叶枯病,9.0,抽穗期耐热性较强,,63.9,0.6,,16.6,73.0,3.6,6.8,2.0,《食用稻品种品质》,False,,525,Middle-Lower Yangtze,Single/Mid,Three-line hybrid,Unknown,0,1.0,1.0,True,False,False
5938,荃广优银泰香占,国审稻20216091,2021.0,国审,,True,True,False,籼,中稻,长江中下游中籼迟熟组,610.16,-0.5,丰两优四号,,,129.4,,117.9,16.5,26.0,210.7,82.2,22.0,,,7.0,感稻瘟病,5.0,中感白叶枯病,9.0,抽穗期耐热性较强,,62.7,1.1,,15.3,76.0,3.5,6.8,2.0,,False,,522,Middle-Lower Yangtze,Single/Mid,Three-line hybrid,Unknown,0,1.0,0.0,True,False,False
3622,荃两优 8238,国审稻20216095,2021.0,国审,,True,False,True,籼,中稻,长江中下游中籼迟熟组,629.14,2.11,丰两优四号,,,129.6,,124.6,14.2,24.7,231.8,84.9,25.8,,,5.0,中感稻瘟病,3.0,中抗白叶枯病,9.0,抽穗期耐热性一般,,67.7,0.9,,14.9,71.0,3.0,6.9,2.0,《食用稻品种品质》,False,,532,Middle-Lower Yangtze,Single/Mid,Two-line hybrid,Unknown,0,1.0,1.0,True,False,False
2018,荃优 532,国审稻20216096,2021.0,国审,,True,True,False,籼,中稻,长江中下游中籼迟熟组,652.91,5.88,丰两优四号,,,131.8,,120.0,14.6,27.2,202.0,86.2,28.3,,,5.0,中感稻瘟病,7.0,感白叶枯病,9.0,抽穗期耐热性强,,67.7,0.6,,17.2,75.0,3.0,6.9,1.0,,False,,526,Middle-Lower Yangtze,Single/Mid,Three-line hybrid,Unknown,0,1.0,1.0,True,False,False
4958,荃两优洁丰丝苗,国审稻20216097,2021.0,国审,,True,False,True,籼,中稻,长江中下游中籼迟熟组,651.96,5.8,丰两优四号,,,132.8,,121.1,15.7,23.8,205.1,83.8,26.5,,,5.0,中感稻瘟病,7.0,感白叶枯病,9.0,抽穗期耐热性较强,,68.7,0.9,,17.4,70.0,3.0,7.0,1.0,,False,,529,Middle-Lower Yangtze,Single/Mid,Two-line hybrid,Unknown,0,1.0,1.0,True,False,False
3274,荃优 596,国审稻20216098,2021.0,国审,,True,True,False,籼,中稻,长江中下游中籼迟熟组,655.6,6.36,丰两优四号,,,129.9,,122.7,14.1,25.6,215.9,86.0,28.8,,,5.0,中感稻瘟病,9.0,高感白叶枯病,9.0,抽穗期耐热性较强,,72.9,1.5,,15.4,78.0,2.4,7.0,2.0,,False,,522,Middle-Lower Yangtze,Single/Mid,Three-line hybrid,Unknown,0,1.0,1.0,True,False,False
4799,荃优洁田丝苗,国审稻20216099,2021.0,国审,,True,True,False,籼,中稻,长江中下游中籼迟熟组,635.04,2.44,丰两优四号,,,129.1,,116.1,15.2,25.8,192.3,85.5,28.0,,,7.0,感稻瘟病,5.0,中感白叶枯病,9.0,抽穗期耐热性较强,,64.3,0.8,,16.8,72.0,3.1,6.9,1.0,,False,,528,Middle-Lower Yangtze,Single/Mid,Three-line hybrid,Unknown,0,1.0,0.0,True,False,False
4407,荃泰优 851,国审稻20216100,2021.0,国审,,True,True,False,籼,中稻,长江中下游中籼迟熟组,643.38,3.58,丰两优四号,,,126.6,,109.3,16.1,24.9,234.1,82.0,23.3,,,5.0,中感稻瘟病,5.0,中感白叶枯病,9.0,抽穗期耐热性较强,,68.2,1.3,,17.7,65.5,3.3,7.0,2.0,,False,,528,Middle-Lower Yangtze,Single/Mid,Three-line hybrid,Unknown,0,1.0,1.0,True,False,False
51,荃两优 087,国审稻20216101,2021.0,国审,,True,False,True,籼,中稻,长江中下游中籼迟熟组,656.07,5.71,丰两优四号,,,130.8,,121.2,14.7,24.3,216.5,87.2,26.2,,,5.0,中感稻瘟病,5.0,中感白叶枯病,9.0,抽穗期耐热性较强,,71.9,0.2,,16.4,65.0,3.1,7.0,1.0,,False,,524,Middle-Lower Yangtze,Single/Mid,Two-line hybrid,Unknown,0,1.0,1.0,True,False,False
5831,荃两优洁田丝苗,国审稻20216102,2021.0,国审,,True,False,True,籼,中稻,长江中下游中籼迟熟组,665.24,4.42,丰两优四号,,,130.9,,119.4,15.9,23.5,198.0,85.2,26.0,,,9.0,高感稻瘟病,5.0,中感白叶枯病,9.0,抽穗期耐热性强,,60.9,4.0,,14.5,70.0,3.1,6.5,3.0,,False,,528,Middle-Lower Yangtze,Single/Mid,Two-line hybrid,Unknown,0,0.0,0.0,True,False,False
5894,荃优绿银占,国审稻20216103,2021.0,国审,,True,True,False,籼,中稻,长江中下游中籼迟熟组,663.31,3.91,丰两优四号,,,134.2,,123.2,14.9,26.1,200.7,84.0,27.6,,,7.0,感稻瘟病,5.0,感白叶枯病,9.0,抽穗期耐热性较强,,61.4,2.5,,15.8,78.0,3.1,6.6,2.0,,False,,525,Middle-Lower Yangtze,Single/Mid,Three-line hybrid,Unknown,0,1.0,0.0,True,False,False
6271,泰优 950,国审稻20216104,2021.0,国审,,True,True,False,籼,中稻,长江中下游中籼迟熟组,635.6,7.6,丰两优四号,,5.6,136.9,,129.7,13.6,24.8,239.9,82.7,26.1,,,9.0,高感稻瘟病,5.0,中感白叶枯病,7.0,抽穗期耐热性较强,,65.0,1.3,,18.9,80.0,3.2,6.0,2.0,,False,,516,Middle-Lower Yangtze,Single/Mid,Three-line hybrid,Unknown,0,1.0,0.0,True,False,False
3381,贡两优粤农丝苗,国审稻20216105,2021.0,国审,,True,False,True,籼,中稻,长江中下游中籼迟熟组,649.09,2.6,丰两优四号,,,132.3,,118.9,16.1,26.0,202.5,86.2,26.2,,,7.0,感稻瘟病,5.0,感白叶枯病,9.0,抽穗期耐热性强,,70.1,1.9,,16.8,66.0,3.2,6.2,2.0,,False,,527,Middle-Lower Yangtze,Single/Mid,Two-line hybrid,Unknown,0,1.0,0.0,True,False,False
7330,京优 149,国审稻20216106,2021.0,国审,,True,True,False,籼,中稻,长江中下游中籼迟熟组,652.16,3.13,丰两优四号,,,134.2,,118.7,16.4,26.7,206.9,84.5,25.6,,,7.0,感稻瘟病,5.0,感白叶枯病,9.0,抽穗期耐热性较强,,66.0,3.0,,17.0,68.0,3.8,6.3,2.0,,False,,520,Middle-Lower Yangtze,Single/Mid,Three-line hybrid,Unknown,0,1.0,0.0,True,False,False
5756,宜两优粤禾丝苗,国审稻20216107,2021.0,国审,,True,False,True,籼,中稻,长江中下游中籼迟熟组,653.19,3.31,丰两优四号,,,133.5,,116.1,15.8,25.5,210.7,88.2,23.9,,,3.0,中抗稻瘟病,5.0,中感白叶枯病,7.0,抽穗期耐热性较强,,71.1,2.6,,17.3,60.0,3.1,6.4,2.0,,False,,522,Middle-Lower Yangtze,Single/Mid,Two-line hybrid,Unknown,0,1.0,1.0,False,False,False
6350,柚两优京贵占,国审稻20216108,2021.0,国审,,True,False,True,籼,中稻,长江中下游中籼迟熟组,644.77,2.0,丰两优四号,,,136.0,,117.4,15.5,26.1,233.4,82.9,23.6,,,9.0,高感稻瘟病,5.0,中感白叶枯病,9.0,抽穗期耐热性强,,67.7,4.5,,16.4,59.0,3.8,6.4,3.0,,False,,528,Middle-Lower Yangtze,Single/Mid,Two-line hybrid,Unknown,0,0.0,0.0,True,False,False
159,荃两优粤农丝苗,国审稻20216109,2021.0,国审,,True,False,True,籼,中稻,长江中下游中籼迟熟组,643.24,1.82,丰两优四号,,,132.6,,118.6,15.6,23.4,197.7,86.5,25.6,,,5.0,中感稻瘟病,5.0,中感白叶枯病,9.0,抽穗期耐热性较强,,70.6,3.6,,15.7,57.0,3.1,6.5,3.0,,False,,523,Middle-Lower Yangtze,Single/Mid,Two-line hybrid,Unknown,0,0.0,1.0,True,False,False
4651,强两优奥香丝苗,国审稻20216111,2021.0,国审,,True,False,True,籼,中稻,长江中下游中籼迟熟组,676.96,4.44,丰两优四号,503.16,0.81,130.1,,110.3,16.4,25.3,197.9,86.0,23.9,,,7.0,感稻瘟病,9.0,高感白叶枯病,9.0,抽穗期耐热性较强,,60.0,2.8,,15.9,62.0,4.3,6.2,2.0,《食用稻品种品质》,False,,1003,Middle-Lower Yangtze,Single/Mid,Two-line hybrid,Unknown,0,1.0,0.0,True,False,False
5244,雄两优奥美香,国审稻20216112,2021.0,国审,,True,False,True,籼,中稻,长江中下游中籼迟熟组,678.51,4.66,丰两优四号,,,133.9,,122.0,16.4,25.2,226.5,82.1,23.7,,,7.0,感稻瘟病,7.0,感白叶枯病,9.0,抽穗期耐热性较强,,55.2,1.3,,15.4,61.0,4.3,6.3,2.0,,False,,531,Middle-Lower Yangtze,Single/Mid,Two-line hybrid,Unknown,0,1.0,0.0,True,False,False
203,玮两优 7713,国审稻20216113,2021.0,国审,,True,False,True,籼,中稻,长江中下游中籼迟熟组,660.99,7.52,丰两优四号,,,136.9,,131.2,14.8,25.3,221.0,82.1,27.4,,,5.0,中感稻瘟病,7.0,感白叶枯病,3.0,抽穗期耐热性一般,,65.9,0.9,,14.3,82.0,3.0,6.6,2.0,,False,,527,Middle-Lower Yangtze,Single/Mid,Two-line hybrid,Unknown,0,1.0,1.0,True,False,False
3916,玮两优 6018,国审稻20216114,2021.0,国审,,True,False,True,籼,中稻,长江中下游中籼迟熟组,639.36,2.97,丰两优四号,,,133.4,,124.9,15.1,25.7,203.8,86.8,24.8,,,3.0,中抗稻瘟病,9.0,高感白叶枯病,9.0,抽穗期耐热性强,,69.0,0.2,,14.9,78.5,3.6,5.3,3.0,,False,,524,Middle-Lower Yangtze,Single/Mid,Two-line hybrid,Unknown,0,0.0,1.0,False,False,False
4020,昌两优馥香占,国审稻20216115,2021.0,国审,,True,False,True,籼,中稻,长江中下游中籼迟熟组,629.05,2.07,丰两优四号,,,139.2,,120.8,16.6,27.9,217.6,80.7,23.1,,,5.0,中感稻瘟病,7.0,感白叶枯病,9.0,抽穗期耐热性较强,,59.6,0.7,,17.4,75.5,3.8,7.0,1.0,,False,,524,Middle-Lower Yangtze,Single/Mid,Two-line hybrid,Unknown,0,1.0,1.0,True,False,False
4368,乾两优馥香占,国审稻20216116,2021.0,国审,,True,False,True,籼,中稻,长江中下游中籼迟熟组,632.3,2.65,丰两优四号,,,135.8,,129.1,15.7,26.7,233.3,82.9,22.3,,,7.0,感稻瘟病,7.0,感白叶枯病,9.0,抽穗期耐热性较弱,,62.8,0.5,,15.2,78.0,3.6,6.8,2.0,,False,,520,Middle-Lower Yangtze,Single/Mid,Two-line hybrid,Unknown,0,1.0,0.0,True,False,False
751,万丰优丝占,国审稻20216117,2021.0,国审,,True,True,False,籼,中稻,长江中下游中籼迟熟组,687.64,5.15,丰两优四号,,,131.2,,108.3,17.4,24.8,211.1,86.3,23.8,,,5.0,中感稻瘟病,7.0,感白叶枯病,9.0,抽穗期耐热性强,,65.0,1.0,,17.0,71.0,3.3,6.8,1.0,,False,,525,Middle-Lower Yangtze,Single/Mid,Three-line hybrid,Unknown,0,1.0,1.0,True,False,False
7234,万丰优 1577,国审稻20216118,2021.0,国审,,True,True,False,籼,中稻,长江中下游中籼迟熟组,698.21,6.77,丰两优四号,,6.02,136.2,,114.6,16.7,25.2,233.1,85.5,23.2,,,5.0,中感稻瘟病,7.0,感白叶枯病,9.0,抽穗期耐热性较强,,66.4,3.5,,16.7,60.0,3.1,7.0,3.0,,False,,530,Middle-Lower Yangtze,Single/Mid,Three-line hybrid,Unknown,0,0.0,1.0,True,False,False
3503,万丰优 957,国审稻20216119,2021.0,国审,,True,True,False,籼,中稻,长江中下游中籼迟熟组,707.53,8.2,丰两优四号,,,136.0,,116.3,16.7,25.4,234.3,85.7,23.3,,,5.0,中感稻瘟病,5.0,中感白叶枯病,9.0,抽穗期耐热性较强,,67.3,2.0,,18.7,60.7,3.3,7.0,2.0,,False,,525,Middle-Lower Yangtze,Single/Mid,Three-line hybrid,Unknown,0,1.0,1.0,True,False,False
3585,福泰 8522,国审稻20216122,2021.0,国审,,False,False,False,籼,中稻,长江中下游中籼迟熟组,621.51,2.88,丰两优四号,,,129.6,,107.4,16.7,23.6,195.7,85.8,24.6,,,9.0,高感稻瘟病,5.0,中感白叶枯病,9.0,抽穗期耐热性一般,,61.9,0.6,,,70.0,3.2,7.0,1.0,,False,,529,Middle-Lower Yangtze,Single/Mid,Inbred/Other,Unknown,0,1.0,0.0,True,False,False
3945,扬籼优 903,国审稻20216123,2021.0,国审,,True,True,False,籼,中稻,长江中下游中籼迟熟组,652.73,3.36,丰两优四号,,,131.0,,120.1,15.2,25.5,205.9,88.3,26.9,,,7.0,感稻瘟病,5.0,中感白叶枯病,9.0,抽穗期耐热性较强,,68.6,1.4,,16.7,78.0,3.0,6.7,2.0,,False,,524,Middle-Lower Yangtze,Single/Mid,Three-line hybrid,Unknown,0,1.0,0.0,True,False,False
5345,展两优 026,国审稻20216124,2021.0,国审,,True,False,True,籼,中稻,长江中下游中籼迟熟组,649.89,4.25,丰两优四号,,,131.9,,112.8,16.4,25.2,228.4,84.1,23.0,,,5.0,中感稻瘟病,5.0,中感白叶枯病,9.0,抽穗期耐热性强,,66.8,0.6,,15.3,70.0,3.4,7.0,2.0,,False,,523,Middle-Lower Yangtze,Single/Mid,Two-line hybrid,Unknown,0,1.0,1.0,True,False,False
3537,爽两优 138,国审稻20216130,2021.0,国审,,True,False,True,籼,中稻,长江中下游中籼迟熟组,665.98,5.52,丰两优四号,,,135.6,,128.3,15.7,25.0,236.2,87.8,24.3,,,3.0,中抗稻瘟病,7.0,感白叶枯病,9.0,抽穗期耐热性强,,64.7,1.8,,16.1,76.0,3.0,6.8,2.0,,False,,527,Middle-Lower Yangtze,Single/Mid,Two-line hybrid,Unknown,0,1.0,1.0,False,False,False
3890,煊两优香占,国审稻20216131,2021.0,国审,,True,False,True,籼,中稻,长江中下游中籼迟熟组,618.24,2.17,丰两优四号,627.73,5.11,130.9,,119.5,17.0,25.2,194.9,86.1,22.8,,,5.0,中感稻瘟病,5.0,中感白叶枯病,9.0,抽穗期耐热性较强,,55.5,1.5,,16.6,61.0,3.9,7.0,2.0,,False,,517,Middle-Lower Yangtze,Single/Mid,Two-line hybrid,Unknown,0,1.0,1.0,True,False,False
4360,荃优 967,国审稻20216132,2021.0,国审,,True,True,False,籼,中稻,长江中下游中籼迟熟组,635.42,5.06,丰两优四号,,,131.3,,123.2,15.4,25.3,201.0,83.2,26.5,,,3.0,中抗稻瘟病,5.0,中感白叶枯病,9.0,抽穗期耐热性较强,,66.7,1.0,,17.6,69.0,3.1,6.9,1.0,,False,,524,Middle-Lower Yangtze,Single/Mid,Three-line hybrid,Unknown,0,1.0,1.0,False,False,False
629,南晶香占,国审稻20216133,2021.0,国审,,False,False,False,籼,中稻,长江中下游中籼迟熟组,602.11,-0.49,丰两优四号,,,125.4,,113.8,17.7,25.2,179.9,83.1,22.6,,,5.0,,5.0,中感白叶枯病,9.0,抽穗期耐热性较强,,57.1,0.6,,,64.0,4.4,6.5,2.0,,False,,529,Middle-Lower Yangtze,Single/Mid,Inbred/Other,Unknown,0,1.0,1.0,False,False,False
5115,珠两优 5629,国审稻20216136,2021.0,国审,,True,False,True,籼,中稻,长江中下游中籼迟熟组,619.97,-2.12,丰两优四号,,,129.2,,119.6,18.1,25.3,163.0,85.0,25.7,,,9.0,高感稻瘟病,5.0,中感白叶枯病,9.0,抽穗期耐热性较强,,58.2,2.7,,15.5,60.0,4.0,6.6,2.0,,False,,524,Middle-Lower Yangtze,Single/Mid,Two-line hybrid,Unknown,0,1.0,0.0,True,False,False
7368,民升优 827,国审稻20216137,2021.0,国审,,True,True,False,籼,中稻,长江中下游中籼迟熟组,671.47,5.56,丰两优四号,,,134.0,,125.2,17.6,26.4,207.1,84.1,23.0,,,3.0,中抗稻瘟病,5.0,中感白叶枯病,9.0,抽穗期耐热性强,,59.5,12.0,,21.2,45.0,3.2,4.6,,,False,,501,Middle-Lower Yangtze,Single/Mid,Three-line hybrid,Unknown,0,,1.0,False,False,False
3178,臻两优钰占,国审稻20216142,2021.0,国审,,True,False,True,籼,中稻,长江中下游中籼迟熟组,638.83,3.44,丰两优四号,,,136.2,,129.3,16.6,26.6,197.4,83.1,25.6,,,3.0,中抗稻瘟病,9.0,高感白叶枯病,9.0,抽穗期耐热性较强,,60.2,1.6,,15.0,71.0,3.8,6.0,2.0,,False,,517,Middle-Lower Yangtze,Single/Mid,Two-line hybrid,Unknown,0,1.0,1.0,False,False,False
6041,捷两优隆占,国审稻20216143,2021.0,国审,,True,False,True,籼,中稻,长江中下游中籼迟熟组,628.43,5.05,丰两优四号,,,127.8,,118.7,16.3,25.6,195.7,86.2,24.4,,,7.0,感稻瘟病,7.0,感白叶枯病,9.0,抽穗期耐热性较强,,65.0,1.6,,15.9,70.0,3.3,6.2,2.0,,False,,527,Middle-Lower Yangtze,Single/Mid,Two-line hybrid,Unknown,0,1.0,0.0,True,False,False
3134,伍两优钰占,国审稻20216145,2021.0,国审,,True,False,True,籼,中稻,长江中下游中籼迟熟组,611.0,0.52,丰两优四号,,,134.9,,123.2,16.3,26.4,194.9,84.6,24.3,,,3.0,中抗稻瘟病,7.0,感白叶枯病,9.0,抽穗期耐热性较强,,66.7,2.0,,16.4,60.0,3.6,6.9,2.0,,False,,520,Middle-Lower Yangtze,Single/Mid,Two-line hybrid,Unknown,0,1.0,1.0,False,False,False
5850,悦两优 8549,国审稻20216146,2021.0,国审,,True,False,True,籼,中稻,长江中下游中籼迟熟组,604.23,-1.54,丰两优四号,,,130.7,,115.2,18.0,25.4,188.0,85.3,22.2,,,5.0,感稻瘟病,7.0,感白叶枯病,9.0,抽穗期耐热性较强,,62.7,0.8,,16.1,65.0,3.6,6.8,1.0,,False,,527,Middle-Lower Yangtze,Single/Mid,Two-line hybrid,Unknown,0,1.0,1.0,True,False,False
3182,珠两优 570,国审稻20216148,2021.0,国审,,True,False,True,籼,中稻,长江中下游中籼迟熟组,586.68,-4.4,丰两优四号,,,137.6,,127.9,17.0,25.8,182.7,81.1,24.4,,,5.0,中感稻瘟病,5.0,中感白叶枯病,9.0,抽穗期耐热性较强,,61.7,0.6,,16.1,66.0,3.8,6.7,1.0,,False,,519,Middle-Lower Yangtze,Single/Mid,Two-line hybrid,Unknown,0,1.0,1.0,True,False,False
5402,皖两优珠占,国审稻20216149,2021.0,国审,,True,False,True,籼,中稻,长江中下游中籼迟熟组,658.1,6.3,丰两优四号,,5.1,134.0,,117.2,16.1,25.0,214.4,84.7,24.1,,,3.0,中抗稻瘟病,7.0,感白叶枯病,9.0,抽穗期耐热性较强,,58.6,0.6,,13.7,75.0,3.1,6.7,2.0,,False,,518,Middle-Lower Yangtze,Single/Mid,Two-line hybrid,Unknown,0,1.0,1.0,False,False,False
7822,中浙优 11,国审稻20216151,2021.0,国审,,True,True,False,籼,中稻,长江中下游中籼迟熟组,650.46,6.19,丰两优四号,631.63,6.33,138.2,,130.5,14.3,27.4,217.7,80.4,27.6,,,7.0,感稻瘟病,7.0,感白叶枯病,9.0,抽穗期耐热性一般,,54.3,2.3,,15.7,76.0,3.0,5.1,3.0,,False,,521,Middle-Lower Yangtze,Single/Mid,Three-line hybrid,Unknown,0,0.0,0.0,True,False,False
7105,中浙优 518,国审稻20216152,2021.0,国审,,True,True,False,籼,中稻,长江中下游中籼迟熟组,641.47,4.72,丰两优四号,,,138.2,,134.4,16.2,27.5,202.1,83.8,25.7,,,5.0,中感稻瘟病,7.0,感白叶枯病,9.0,抽穗期耐热性较强,,57.7,1.2,,15.9,73.5,3.5,6.0,2.0,,False,,520,Middle-Lower Yangtze,Single/Mid,Three-line hybrid,Unknown,0,1.0,1.0,True,False,False
5116,花两优 66,国审稻20216153,2021.0,国审,,True,False,True,籼,中稻,长江中下游中籼迟熟组,681.78,3.9,丰两优四号,,,132.8,,118.0,15.3,26.6,208.4,84.8,23.5,,,3.0,中抗稻瘟病,7.0,感白叶枯病,7.0,抽穗期耐热性较强,,72.9,3.5,,18.0,58.0,3.0,6.7,3.0,,False,,531,Middle-Lower Yangtze,Single/Mid,Two-line hybrid,Unknown,0,0.0,1.0,False,False,False
5446,银两优洁田丝苗,国审稻20216155,2021.0,国审,,True,False,True,籼,双季,长江中下游麦茬籼稻组,643.82,1.54,,571.25,5.64,125.4,,109.2,18.8,23.9,189.8,84.8,24.0,,,5.0,中感稻瘟病,5.0,中感白叶枯病,7.0,,耐冷性较 弱,68.0,0.8,,17.2,79.0,3.1,6.9,2.0,《食用稻品种品质》,False,,1029,Middle-Lower Yangtze,Single/Mid,Two-line hybrid,Unknown,0,1.0,1.0,True,False,False
4610,银两优 506,国审稻20216156,2021.0,国审,,True,False,True,籼,双季,长江中下游麦茬籼稻组,642.37,1.27,,545.1,3.88,124.1,,106.9,18.7,23.7,176.3,83.9,25.4,,,5.0,中感稻瘟病,5.0,中感白叶枯病,5.0,,耐冷性弱,69.9,1.7,,16.3,71.0,3.1,7.0,2.0,《食用稻品种品质》,False,,1030,Middle-Lower Yangtze,Single/Mid,Two-line hybrid,Unknown,0,1.0,1.0,True,False,False
4886,粤禾优 138,国审稻20216157,2021.0,国审,,True,True,False,籼,双季,长江中下游晚籼早熟组,610.54,4.63,,640.37,3.39,121.5,,106.3,18.7,23.6,180.8,80.1,26.0,,,5.0,中感稻瘟病,7.0,感白叶枯病,7.0,,耐冷性弱,63.2,0.8,,15.5,72.0,3.2,6.7,1.0,《食用稻品种品质》,False,,1020,Middle-Lower Yangtze,Late,Three-line hybrid,Unknown,0,1.0,1.0,True,False,False
4997,隆晶优蒂占,国审稻20216161,2021.0,国审,,True,True,False,籼,,长江中下游麦茬籼稻组,617.74,-1.22,,,3.24,127.2,,112.9,18.3,26.6,182.5,82.9,24.6,,,5.0,中感稻瘟病,5.0,中感白叶枯病,9.0,,耐冷性较弱,58.6,0.6,,,62.0,3.8,7.0,,《食用稻品种品质》,False,,536,Middle-Lower Yangtze,Single/Mid,Three-line hybrid,Unknown,0,,1.0,True,False,False
7396,隆晶优 3135,国审稻20216162,2021.0,国审,,True,True,False,籼,,长江中下游麦茬籼稻组,649.49,3.86,,,5.9,127.9,,115.8,17.7,24.6,197.1,85.4,25.5,,,5.0,,7.0,感白叶枯病,9.0,,耐冷性一般,59.8,2.7,,,66.0,3.4,6.1,,《食用稻品种品质》,False,,535,Middle-Lower Yangtze,Single/Mid,Three-line hybrid,Unknown,0,,1.0,False,False,False
7823,红两优奥隆丝苗,国审稻20216168,2021.0,国审,,True,False,True,籼,双季,长江中下游晚籼早熟组,610.1,2.47,,,4.1,113.0,,98.2,20.9,22.0,149.1,82.6,25.2,,,5.0,,7.0,感白叶枯病,9.0,,耐冷性较弱,65.0,2.6,,,60.0,3.7,6.0,,《食用稻品种品质》,False,,520,Middle-Lower Yangtze,Late,Two-line hybrid,Unknown,0,,1.0,False,False,False
6279,耘两优 966,国审稻20216170,2021.0,国审,,True,False,True,籼,双季,长江中下游晚籼早熟组,,,,596.7,3.6,116.8,,103.9,21.9,22.7,165.5,83.1,23.1,,,5.0,中感稻瘟病,7.0,感白叶枯病,9.0,,耐冷性一般,69.1,2.7,,,72.7,3.2,5.1,3.0,,False,,526,Middle-Lower Yangtze,Late,Two-line hybrid,Unknown,0,0.0,1.0,True,False,False
5367,桃秀优 112,国审稻20216172,2021.0,国审,,True,True,False,籼,双季,长江中下游晚籼早熟组,628.54,5.34,,,5.56,114.2,,103.3,23.1,23.1,172.7,82.0,21.6,,,7.0,感稻瘟病,9.0,高感白叶枯病,9.0,,耐冷性一般,58.3,3.5,,,50.0,4.2,5.0,3.0,,False,,536,Middle-Lower Yangtze,Late,Three-line hybrid,Unknown,0,0.0,0.0,True,False,False
7343,桃秀优 169,国审稻20216173,2021.0,国审,,True,True,False,籼,双季,长江中下游晚籼早熟组,618.24,2.56,,,4.57,114.5,,103.95,21.17,22.8,172.45,82.92,22.0,,,7.0,感稻瘟病,7.0,感白叶枯病,9.0,抽穗期耐热性一般,耐冷性一般,63.3,2.3,,16.8,65.0,3.7,6.0,2.0,《食用稻品种品质》,False,,539,Middle-Lower Yangtze,Late,Three-line hybrid,Unknown,0,1.0,0.0,True,False,False
4266,荃早优 857,国审稻20216175,2021.0,国审,,True,True,False,籼,双季,长江中下游晚籼早熟组,610.74,4.7,,,4.68,118.7,,106.6,19.7,22.5,173.9,84.3,24.7,,,5.0,中感稻瘟病,7.0,,9.0,,耐冷性一般,71.8,0.8,,17.2,63.5,3.2,6.9,,《食用稻品种品质》,False,,526,Middle-Lower Yangtze,Late,Three-line hybrid,Unknown,0,,1.0,True,False,False
4590,银两优 836,国审稻20216176,2021.0,国审,,True,False,True,籼,双季,长江中下游晚籼早熟组,596.72,2.19,,,2.79,121.6,,99.2,19.9,23.0,185.6,77.1,23.6,,,5.0,中感稻瘟病,5.0,,7.0,,耐冷性一般,70.4,0.5,,,65.0,3.1,6.9,1.0,,False,,536,Middle-Lower Yangtze,Late,Two-line hybrid,Unknown,0,1.0,1.0,True,False,False
4230,荃早优 1606,国审稻20216177,2021.0,国审,,True,True,False,籼,双季,长江中下游晚籼早熟组,604.07,3.53,,,5.38,120.2,,107.2,18.8,23.5,175.6,83.0,25.1,,,5.0,中感稻瘟病,7.0,感白叶枯病,9.0,,耐冷性较强,67.9,1.7,,,63.0,3.1,7.0,2.0,,False,,534,Middle-Lower Yangtze,Late,Three-line hybrid,Unknown,0,1.0,1.0,True,False,False
5906,玖两优 169,国审稻20216178,2021.0,国审,,True,False,True,籼,双季,长江中下游晚籼早熟组,630.03,3.12,,,4.26,119.9,,102.9,19.4,22.5,182.1,81.1,24.2,,,7.0,感稻瘟病,7.0,感白叶枯病,9.0,,耐冷性中等,67.6,1.9,,,46.0,3.2,7.0,,,False,,509,Middle-Lower Yangtze,Late,Two-line hybrid,Unknown,0,,0.0,True,False,False
7590,荟两优 533,国审稻20216180,2021.0,国审,,True,False,True,籼,双季,长江中下游晚籼早熟组,600.52,4.47,,,3.2,119.0,,103.5,18.3,20.0,185.0,80.9,25.0,,,5.0,中感稻瘟病,9.0,高感白叶枯病,9.0,,耐冷性较弱,54.5,5.8,,20.3,41.0,3.3,4.2,,,False,,518,Middle-Lower Yangtze,Late,Two-line hybrid,Unknown,0,,1.0,True,False,False
3845,华盛优京贵占,国审稻20216181,2021.0,国审,,True,True,False,籼,双季,长江中下游晚籼早熟组,583.75,1.23,,,1.43,119.7,,105.3,19.2,24.2,166.1,77.9,24.5,,,5.0,中感稻瘟病,7.0,感白叶枯病,9.0,,耐冷性一般,65.5,3.4,,,55.0,4.3,6.4,2.0,,False,,530,Middle-Lower Yangtze,Late,Three-line hybrid,Unknown,0,1.0,1.0,True,False,False
6215,华盛优华占,国审稻20216182,2021.0,国审,,True,True,False,籼,双季,长江中下游晚籼早熟组,589.84,2.31,,,2.54,119.7,,105.5,20.3,23.9,164.2,78.9,24.8,,,5.0,中感稻瘟病,5.0,中感白叶枯病,9.0,,耐冷性一般,67.0,3.3,,16.6,65.0,3.9,5.0,3.0,,False,,530,Middle-Lower Yangtze,Late,Three-line hybrid,Unknown,0,0.0,1.0,True,False,False
4514,桃优京贵占,国审稻20216183,2021.0,国审,,True,True,False,籼,双季,长江中下游晚籼早熟组,582.07,0.93,,,2.82,119.8,,110.5,20.8,24.4,150.1,78.5,26.0,,,5.0,中感稻瘟病,9.0,高感白叶枯病,9.0,,耐冷性一般,65.8,1.7,,16.0,72.0,3.9,6.6,2.0,,False,,540,Middle-Lower Yangtze,Late,Three-line hybrid,Unknown,0,1.0,1.0,True,False,False
7024,广泰优 736,国审稻20216187,2021.0,国审,,True,True,False,籼,双季,长江中下游晚籼早熟组,593.24,0.0,,,0.22,119.7,,108.9,21.0,20.9,164.9,74.6,24.7,,,3.0,中抗稻瘟病,7.0,感白叶枯病,9.0,,耐冷性一般,63.2,2.2,,,60.0,3.2,6.0,2.0,,False,,531,Middle-Lower Yangtze,Late,Three-line hybrid,Unknown,0,1.0,1.0,False,False,False
4357,广泰优 406,国审稻20216188,2021.0,国审,,True,True,False,籼,双季,长江中下游晚籼早熟组,616.96,4.0,,,3.89,119.8,,113.3,19.4,21.8,168.2,76.8,26.2,,,7.0,感稻瘟病,7.0,感白叶枯病,9.0,,耐冷性一般,57.9,2.3,,,61.0,3.2,7.0,2.0,,False,,534,Middle-Lower Yangtze,Late,Three-line hybrid,Unknown,0,1.0,0.0,True,False,False
3513,泰优 390,国审稻20216190,2021.0,国审,,True,True,False,籼,双季,长江中下游晚籼早熟组,597.89,1.6,,,2.71,120.7,,110.3,19.9,23.3,162.1,80.8,24.9,,,5.0,中感稻瘟病,7.0,感白叶枯病,9.0,,耐冷性一般,62.2,3.4,,,77.0,3.8,5.4,3.0,,False,,532,Middle-Lower Yangtze,Late,Three-line hybrid,Unknown,0,0.0,1.0,True,False,False
7608,乐两优 66,国审稻20216192,2021.0,国审,,True,False,True,籼,双季,长江中下游晚籼早熟组,,,,595.2,3.4,118.8,,107.4,19.4,23.5,170.2,81.9,26.4,,,3.0,中抗稻瘟病,5.0,中感白叶枯病,9.0,,耐冷性一般,66.9,3.2,,17.8,60.3,3.2,6.9,3.0,,False,,529,Middle-Lower Yangtze,Late,Two-line hybrid,Unknown,0,0.0,1.0,False,False,False
3228,乐优 966,国审稻20216193,2021.0,国审,,True,True,False,籼,双季,长江中下游晚籼早熟组,,,,610.6,6.0,118.6,,107.1,19.9,22.6,163.9,83.7,26.5,,,7.0,感稻瘟病,5.0,中感白叶枯病,9.0,,耐冷性较弱,65.7,0.8,,,74.3,3.2,6.8,2.0,,False,,526,Middle-Lower Yangtze,Late,Three-line hybrid,Unknown,0,1.0,0.0,True,False,False
7810,A 两优 66,国审稻20216194,2021.0,国审,,True,False,True,籼,双季,长江中下游晚籼早熟组,610.8,4.38,,,2.09,117.3,,114.3,19.1,23.1,186.9,80.2,23.5,,,5.0,中感稻瘟病,5.0,中感白叶枯病,9.0,,耐冷性较强,69.0,5.2,,15.6,65.3,3.3,5.7,,,False,,516,Middle-Lower Yangtze,Late,Two-line hybrid,Unknown,0,,1.0,True,False,False
5196,振两优钰占,国审稻20216200,2021.0,国审,,True,False,True,籼,双季,长江中下游晚籼中迟熟组,549.71,-4.8,天优华占,,9.16,125.2,,114.4,19.3,25.1,153.8,81.4,24.4,,,5.0,,5.0,中感白叶枯病,9.0,,耐冷性一般,59.3,1.0,,,60.0,4.4,6.7,,《食用稻品种品质》,False,,519,Middle-Lower Yangtze,Late,Two-line hybrid,Unknown,0,,1.0,False,False,False
7397,慧优奥隆丝苗,国审稻20216206,2021.0,国审,,True,True,False,籼,双季,华南感光晚籼组,,,博优998,510.71,2.32,110.3,,104.9,16.4,23.2,,82.0,23.7,,,5.0,中感稻瘟病,9.0,高感白叶枯病,9.0,,,69.0,0.7,,15.2,75.0,3.1,7.0,1.0,《食用稻品种品质》,False,,501,South China,Late,Three-line hybrid,Unknown,0,1.0,1.0,True,False,False
7381,六福优 977,国审稻20216207,2021.0,国审,,True,True,False,籼,双季,华南感光晚籼组,,,博优998,508.24,1.82,112.5,,97.8,17.4,23.8,,83.0,24.7,,,5.0,中感稻瘟病,7.0,感白叶枯病,9.0,,,67.0,1.2,,14.8,70.0,3.3,7.0,2.0,《食用稻品种品质》,False,,509,South China,Late,Three-line hybrid,Unknown,0,1.0,1.0,True,False,False
4150,贵优 55,国审稻20216208,2021.0,国审,,True,True,False,籼,双季,华南感光晚籼组,,,博优998,505.58,9.52,119.8,,97.8,16.9,22.2,,78.3,22.4,,,3.0,中抗稻瘟病,5.0,中感白叶枯病,9.0,,,65.9,0.8,,16.4,60.0,3.5,7.0,2.0,《食用稻品种品质》,False,,501,South China,Late,Three-line hybrid,Unknown,0,1.0,1.0,False,False,False
5245,A 两优 336,国审稻20216215,2021.0,国审,,True,False,True,籼,双季,华南感光晚籼组,,,,,2.9,113.5,,105.7,16.2,23.4,,82.7,22.8,,,3.0,中抗稻瘟病,5.0,中感白叶枯病,9.0,,,59.7,5.3,,17.6,58.0,3.7,3.8,,,False,,500,South China,Late,Two-line hybrid,Unknown,0,,1.0,False,False,False
7824,桃两优 77,国审稻20216216,2021.0,国审,,True,False,True,籼,双季,华南感光晚籼组,,,,,0.91,113.1,,101.4,16.5,23.4,164.1,82.6,25.7,,,3.0,中感稻瘟病,5.0,,9.0,,,71.9,3.8,,18.4,52.0,4.0,6.8,3.0,《食用稻品种品质》,False,,532,South China,Late,Two-line hybrid,Unknown,0,0.0,1.0,True,False,False
6808,桃湘优 188,国审稻20216217,2021.0,国审,,True,True,False,籼,双季,华南感光晚籼组,,,,,4.83,112.9,,109.3,17.2,24.8,167.6,83.36,23.1,,,3.0,中感稻瘟病,7.0,,9.0,,,56.0,3.5,,7.0,,4.0,5.5,3.0,《食用稻品种品质》,False,,522,South China,Late,Three-line hybrid,Unknown,0,0.0,1.0,True,False,False
6741,浙优 817,国审稻20216218,2021.0,国审,,True,True,False,粳,单季,长江中下游单季晚粳组,733.19,13.91,,,10.43,151.8,,113.4,14.9,20.6,281.2,76.9,26.0,,,5.0,中感稻瘟病,5.0,中感白叶枯病,9.0,,,66.1,5.7,,17.7,79.0,2.1,6.7,,,False,,522,Middle-Lower Yangtze,Late,Three-line hybrid,Unknown,0,,1.0,True,False,False
4248,荃香糯 3 号,国审稻20216219,2021.0,国审,,False,False,False,粳,单季,长江中下游单季晚粳组,671.92,3.99,,,1.28,141.3,,93.2,18.4,16.4,,92.5,26.6,,,5.0,中感稻瘟病,5.0,中感白叶枯病,9.0,,,64.0,,,1.0,100.0,1.6,7.0,3.0,《食用稻品种品质》,False,,551,Middle-Lower Yangtze,Late,Inbred/Other,Unknown,0,0.0,1.0,True,False,False
5526,连粳 307,国审稻20216223,2021.0,国审,,False,False,False,粳,,北方黄淮粳稻组,,,,657.92,5.68,146.6,,85.1,21.7,15.8,139.6,90.7,26.0,,,5.0,中感稻瘟病,5.0,中感白叶枯病,,,,73.4,2.9,,16.3,74.0,1.9,7.0,2.0,《食用稻品种品质》,False,,505,North/Huanghuai,Single/Mid,Inbred/Other,Unknown,0,1.0,1.0,True,False,False
7748,黄广农占,国审稻20220001,2022.0,国审,,False,False,False,籼,双季,华南早籼组,520.1,0.4,,504.9,1.0,126.9,,117.6,17.0,21.8,158.1,82.9,25.7,,,1.0,抗稻瘟病,7.0,感白叶枯病,,,,56.8,0.6,,15.2,80.0,3.0,6.3,,《食用稻品种品质》,False,广东省农业科学院水稻研究所,475,South China,Early,Inbred/Other,Public,1,,1.0,False,False,False
5667,启两优2216,国审稻20220005,2022.0,国审,,True,False,True,籼,双季,长江中下游早籼迟熟组,,,,,,113.3,,88.6,20.9,19.2,145.9,81.1,23.7,,,3.0,中抗稻瘟病,7.0,感白叶枯病,,,,61.9,3.3,,22.1,42.0,2.4,5.6,,,False,江西兴安种业有限公司,376,Middle-Lower Yangtze,Early,Two-line hybrid,Enterprise,1,,1.0,False,False,False
7200,川种优6099,国审稻20220007,2022.0,国审,,True,True,False,籼,中稻,长江上游中籼迟熟组,648.1,4.7,,624.3,2.2,155.4,,116.2,15.5,28.1,202.9,82.5,26.9,,,5.0,中感稻瘟病,,,9.0,耐热性3级,,56.9,0.5,,19.4,69.0,3.3,7.0,,《食用稻品种品质》,False,四川省农业科学院水稻高粱研究所,485,Upper Yangtze,Single/Mid,Three-line hybrid,Public,1,,1.0,True,False,False
4392,臻两优5438,国审稻20220010,2022.0,国审,,True,False,True,籼,中稻,武陵山区中籼组,592.1,-0.2,,556.0,0.5,149.8,,113.6,16.1,23.9,174.4,80.8,27.4,,,1.0,抗稻瘟病,,,,,耐冷性5级,57.7,3.7,,13.5,75.0,3.0,3.5,,,False,袁隆平农业高科技股份有限公司,420,Wuling Mountains,Single/Mid,Two-line hybrid,Enterprise,1,,1.0,False,False,False
7141,禾两优676(茂两优676),国审稻20220012,2022.0,国审,,True,False,True,籼,中稻,长江中下游中籼迟熟组,643.6,4.2,,683.8,7.2,134.6,,124.9,15.3,26.8,199.9,81.5,28.3,,,3.0,中抗稻瘟病,3.0,中抗白叶枯病,9.0,,,50.1,2.0,,14.8,83.0,3.0,3.5,,,False,福建农林大学农学院,452,Middle-Lower Yangtze,Single/Mid,Two-line hybrid,Public,1,,1.0,False,False,False
6809,两优7002,国审稻20220013,2022.0,国审,,True,False,True,籼,中稻,长江中下游中籼迟熟组,651.03,8.46,,694.4,6.41,131.1,,117.6,16.7,23.2,198.7,85.5,24.4,,,7.0,感稻瘟病,,,,,,65.0,0.7,,16.1,75.0,3.2,6.8,,《食用稻品种品质》,False,安徽省农业科学院水稻研究所,456,Middle-Lower Yangtze,Single/Mid,Two-line hybrid,Public,1,,0.0,True,False,False
4146,青香优19香,国审稻20220015,2022.0,国审,,True,True,False,籼,中稻,长江中下游中籼迟熟组,,,,,,133.1,,125.0,16.1,26.1,214.7,82.0,23.5,,,7.0,感稻瘟病,5.0,中感白叶枯病,9.0,,,55.8,0.6,,14.7,72.0,3.8,6.5,,《食用稻品种品质》,False,广东鲜美种苗股份有限公司,411,Middle-Lower Yangtze,Single/Mid,Three-line hybrid,Enterprise,1,,0.0,True,False,False
5197,荃广优836,国审稻20220016,2022.0,国审,,True,True,False,籼,中稻,长江中下游中籼迟熟组,,,,,,129.1,,108.0,16.1,23.4,225.6,84.7,22.4,,,5.0,中感稻瘟病,5.0,中感白叶枯病,9.0,,,58.9,1.7,,15.6,76.0,3.1,6.7,,《食用稻品种品质》,True,安徽荃银高科种业股份有限公司,414,Middle-Lower Yangtze,Single/Mid,Three-line hybrid,Enterprise,1,,1.0,True,False,False
6369,信两优9328,国审稻20220018,2022.0,国审,,True,False,True,籼,中稻,长江中下游中籼迟熟组,,,,,,136.7,,122.0,15.3,23.8,214.8,85.1,26.6,,,5.0,中感稻瘟病,7.0,,9.0,,,66.6,2.0,,15.8,78.0,3.2,5.1,,《食用稻品种品质》,False,信阳市农业科学院,412,Middle-Lower Yangtze,Single/Mid,Two-line hybrid,Public,1,,1.0,True,False,False
6202,筑优110,国审稻20220021,2022.0,国审,,True,True,False,籼,中稻,长江中下游中籼迟熟组,646.7,6.6,,675.3,5.9,132.9,,120.2,15.3,24.8,195.5,84.2,28.2,,,3.0,中抗稻瘟病,5.0,中感白叶枯病,9.0,,,56.6,1.5,,16.7,78.0,3.1,6.6,,《食用稻品种品质》,False,安徽昇谷农业科技有限公司,916,Middle-Lower Yangtze,Single/Mid,Three-line hybrid,Enterprise,1,,1.0,False,False,False
5724,华盛优21丝苗,国审稻20220024,2022.0,国审,,True,True,False,籼,双季,长江中下游晚籼早熟组,611.8,2.5,,547.1,0.5,120.4,,106.0,17.9,25.1,188.3,81.8,25.0,,,5.0,中感稻瘟病,7.0,感白叶枯病,9.0,,,67.6,0.4,,17.7,69.0,3.7,6.9,,《食用稻品种品质》,False,湖北华占种业科技有限公司、江西先农种业有限公司,478,Middle-Lower Yangtze,Late,Three-line hybrid,Enterprise,2,,1.0,True,False,False
7043,启两优5410,国审稻20220028,2022.0,国审,,True,False,True,籼,双季,长江中下游晚籼早熟组,603.8,1.7,,577.4,6.2,119.2,,108.8,22.0,23.8,171.0,82.8,23.9,,,7.0,感稻瘟病,5.0,中感白叶枯病,9.0,,,64.9,0.5,,17.6,69.0,3.7,6.7,,《食用稻品种品质》,False,江西兴安种业有限公司,480,Middle-Lower Yangtze,Late,Two-line hybrid,Enterprise,1,,0.0,True,False,False
6732,欣两优晚一号,国审稻20220030,2022.0,国审,,True,False,True,籼,双季,长江中下游晚籼早熟组,606.41,4.12,,545.8,0.75,114.7,,107.9,20.6,25.0,167.3,82.8,24.8,,,7.0,感稻瘟病,7.0,感白叶枯病,9.0,,,62.1,1.0,,16.1,80.0,3.3,6.9,,《食用稻品种品质》,True,安徽荃银欣隆种业有限公司,483,Middle-Lower Yangtze,Late,Two-line hybrid,Enterprise,1,,0.0,True,False,False
4830,荃广优822,国审稻20220032,2022.0,国审,,True,True,False,籼,双季,长江中下游晚籼中迟熟组,582.1,-0.9,,604.6,3.7,123.4,,104.3,18.8,22.6,181.5,80.9,23.9,,,5.0,中感稻瘟病,5.0,中感白叶枯病,9.0,,,64.9,1.6,,16.3,72.0,3.5,7.0,,《食用稻品种品质》,True,安徽荃银高科种业股份有限公司,480,Middle-Lower Yangtze,Late,Three-line hybrid,Enterprise,1,,1.0,True,False,False
4825,淮稻28,国审稻20220033,2022.0,国审,,False,False,False,粳,,北方黄淮粳稻组,681.19,7.39,,685.8,8.68,153.3,,98.2,21.5,17.1,146.3,89.1,26.7,,,3.0,中抗稻瘟病,,,,,,67.7,,,14.9,78.0,1.7,6.9,,《食用稻品种品质》,False,江苏徐淮地区淮阴农业科学研究所,467,North/Huanghuai,Single/Mid,Inbred/Other,Public,1,,1.0,False,False,False
6623,绥粳136,国审稻20220040,2022.0,国审,,False,False,False,粳,,早粳中熟组,580.46,7.23,,576.96,9.43,144.8,,94.9,26.1,18.0,101.6,92.6,27.6,,,5.0,中感稻瘟病,,,,,,64.2,3.2,,15.6,71.0,2.2,7.0,,《食用稻品种品质》,False,黑龙江省农业科学院绥化分院,452,Other/Unspecified,Early,Inbred/Other,Public,1,,1.0,True,False,False
7670,华浙优261,国审稻20220045,2022.0,国审,,True,True,False,籼,双季,华南早籼组,542.9,5.4,,537.3,5.2,123.0,,117.3,18.1,22.0,160.1,86.7,22.6,,,3.0,中抗稻瘟病,7.0,感白叶枯病,,,,62.7,0.0,,17.7,69.0,3.5,7.0,,《食用稻品种品质》,False,中国水稻研究所,479,South China,Early,Three-line hybrid,Public,1,,1.0,False,False,False
3634,青香优261,国审稻20220046,2022.0,国审,,True,True,False,籼,双季,华南早籼组,542.8,5.3,,540.4,5.8,122.7,,115.4,18.2,24.0,162.9,84.2,23.5,,,5.0,中感稻瘟病,5.0,中感白叶枯病,9.0,,,59.1,0.1,,17.0,67.0,3.9,6.8,,《食用稻品种品质》,False,中国水稻研究所,916,South China,Early,Three-line hybrid,Public,1,,1.0,True,False,False
4914,金早香1号,国审稻20220049,2022.0,国审,,False,False,False,籼,双季,长江中下游早籼早中熟组,504.0,2.0,,543.6,4.9,113.3,,83.3,23.1,19.5,110.6,81.9,26.8,,,5.0,中感稻瘟病,9.0,高感白叶枯病,,,,62.9,0.2,,16.8,67.0,3.5,7.0,,《食用稻品种品质》,False,湖南金健种业科技有限公司,492,Middle-Lower Yangtze,Early,Inbred/Other,Enterprise,1,,1.0,True,False,False
4441,百香优纳丝,国审稻20220053,2022.0,国审,,True,True,False,籼,中稻,长江上游中籼迟熟组,563.5,0.3,,567.7,1.8,150.3,,115.4,16.4,23.4,173.5,81.6,23.1,,,7.0,感稻瘟病,,,9.0,耐热性1级,耐冷性5级,59.4,0.5,,17.5,70.0,3.8,6.8,,《食用稻品种品质》,False,广西百香高科种业有限公司,491,Upper Yangtze,Single/Mid,Three-line hybrid,Enterprise,1,,0.0,True,False,False
3538,华浙优210,国审稻20220062,2022.0,国审,,True,True,False,籼,中稻,长江上游中籼迟熟组,642.4,7.1,,612.5,5.9,153.1,,115.8,17.6,23.2,203.3,84.8,24.4,,,7.0,感稻瘟病,,,9.0,耐热性1级,耐冷性7级,65.4,0.5,,15.0,76.0,3.1,6.7,,《食用稻品种品质》,False,中国水稻研究所,494,Upper Yangtze,Single/Mid,Three-line hybrid,Public,1,,0.0,True,False,False
5015,美香两优晶丝,国审稻20220067,2022.0,国审,,True,False,True,籼,中稻,长江上游中籼迟熟组,625.0,3.0,,613.6,2.9,152.0,,111.1,17.3,23.9,193.7,82.9,23.0,,,7.0,感稻瘟病,7.0,感白叶枯病,9.0,耐热性5级,耐冷性5级,59.6,1.4,,16.8,75.0,4.0,6.2,,《食用稻品种品质》,False,广西壮邦种业有限公司,940,Upper Yangtze,Single/Mid,Two-line hybrid,Enterprise,1,,0.0,True,False,False
7813,奇两优郁香,国审稻20220071,2022.0,国审,,True,False,True,籼,中稻,长江上游中籼迟熟组,620.1,3.0,,610.3,2.3,152.8,,113.7,17.0,24.4,186.7,83.4,23.7,,,7.0,感稻瘟病,9.0,高感白叶枯病,9.0,耐热性3级,耐冷性7级,56.5,2.6,,16.8,69.0,4.2,6.8,,《食用稻品种品质》,False,广西南宁依久农业发展有限公司,937,Upper Yangtze,Single/Mid,Two-line hybrid,Enterprise,1,,0.0,True,False,False
7814,巧两优丝苗,国审稻20220072,2022.0,国审,,True,False,True,籼,中稻,长江上游中籼迟熟组,637.2,2.8,,600.4,2.9,158.1,,112.9,16.0,22.6,198.8,86.0,24.9,,,3.0,中抗稻瘟病,,,9.0,耐热性3级,耐冷性5级,64.6,2.8,,17.4,60.0,3.0,6.6,,《食用稻品种品质》,True,安徽喜多收种业科技有限公司,494,Upper Yangtze,Single/Mid,Two-line hybrid,Enterprise,1,,1.0,False,False,False
7110,清香优1538,国审稻20220074,2022.0,国审,,True,True,False,籼,中稻,长江上游中籼迟熟组,615.8,4.5,,653.9,4.6,152.2,,122.2,14.9,27.9,183.4,80.3,30.5,,,5.0,中感稻瘟病,,,9.0,耐热性5级,耐冷性敏感型级,61.5,0.3,,17.6,75.0,3.6,7.0,,《食用稻品种品质》,False,四川裕丰种业有限责任公司,494,Upper Yangtze,Single/Mid,Three-line hybrid,Enterprise,1,,1.0,True,False,False
6987,荃优91,国审稻20220075,2022.0,国审,,True,True,False,籼,中稻,长江上游中籼迟熟组,646.3,3.9,,623.3,3.0,153.3,,120.6,15.2,26.3,182.9,84.8,27.4,,,7.0,感稻瘟病,,,9.0,耐热性3级,耐冷性7级,61.4,0.6,,19.2,78.0,3.4,7.0,,《食用稻品种品质》,True,四川农业大学,496,Upper Yangtze,Single/Mid,Three-line hybrid,Public,1,,0.0,True,False,False
6659,荃优美香银占3号,国审稻20220076,2022.0,国审,,True,True,False,籼,中稻,长江上游中籼迟熟组,663.5,4.1,,658.8,3.8,154.5,,107.2,15.5,23.5,201.6,83.0,26.2,,,5.0,中感稻瘟病,5.0,中感白叶枯病,9.0,耐热性3级,耐冷性9级,64.2,4.3,,16.6,61.0,3.0,6.5,,《食用稻品种品质》,True,安徽赛诺种业有限公司、合肥信达高科农业科学研究所,941,Upper Yangtze,Single/Mid,Three-line hybrid,Joint,2,,1.0,True,False,False
7559,深两优5438,国审稻20220081,2022.0,国审,,True,False,True,籼,中稻,长江上游中籼迟熟组,641.4,3.8,,631.2,5.7,152.4,,109.0,16.5,23.5,193.8,86.2,25.0,,,5.0,中感稻瘟病,,,9.0,耐热性1级,耐冷性5级,62.5,1.3,,16.2,66.0,3.0,6.0,,《食用稻品种品质》,False,广汉泰利隆农作物研究所,496,Upper Yangtze,Single/Mid,Two-line hybrid,Public,1,,1.0,True,False,False
7576,泰3优丽香占,国审稻20220084,2022.0,国审,,True,True,False,籼,中稻,长江上游中籼迟熟组,643.1,3.9,,615.9,4.5,156.6,,118.8,14.4,25.6,196.6,86.2,26.7,,,7.0,感稻瘟病,,,9.0,耐热性1级,耐冷性5级,71.0,0.9,,14.8,68.0,3.9,6.8,,《食用稻品种品质》,False,泸州泰丰居里隆夫水稻育种有限公司,492,Upper Yangtze,Single/Mid,Three-line hybrid,Enterprise,1,,0.0,True,False,False
6281,文两优徽丝,国审稻20220085,2022.0,国审,,True,False,True,籼,中稻,长江上游中籼迟熟组,688.3,4.1,,670.2,7.0,155.5,,112.4,17.8,26.5,201.1,82.7,24.0,,,5.0,中感稻瘟病,5.0,中感白叶枯病,9.0,耐热性3级,耐冷性5级,62.1,1.5,,15.9,61.0,3.6,6.5,,《食用稻品种品质》,True,安徽荃银超大种业有限公司,937,Upper Yangtze,Single/Mid,Two-line hybrid,Enterprise,1,,1.0,True,False,False
6433,文两优慧丝,国审稻20220086,2022.0,国审,,True,False,True,籼,中稻,长江上游中籼迟熟组,597.6,5.77,,593.44,2.5,153.0,,112.4,16.6,26.4,195.4,83.7,23.8,,,5.0,中感稻瘟病,,,9.0,耐热性3级,耐冷性7级,58.2,0.6,,18.5,77.0,3.9,6.9,,《食用稻品种品质》,False,绵阳致道农业科技有限公司,493,Upper Yangtze,Single/Mid,Two-line hybrid,Enterprise,1,,1.0,True,False,False
7201,野香优臻占,国审稻20220090,2022.0,国审,,True,True,False,籼,中稻,长江上游中籼迟熟组,651.1,3.8,,650.4,5.6,154.0,,126.9,15.7,25.1,182.8,87.1,26.7,,,5.0,中感稻瘟病,,,9.0,耐热性3级,耐冷性5级,58.5,0.6,,17.1,75.0,3.2,7.0,,《食用稻品种品质》,False,三明市农业科学研究院,493,Upper Yangtze,Single/Mid,Three-line hybrid,Unknown,1,,1.0,True,False,False
7577,恒丰优15香,国审稻20220098,2022.0,国审,,True,True,False,籼,中稻,长江上游中籼迟熟组,621.0,2.9,,618.3,3.5,150.5,,115.2,17.0,24.0,192.4,83.4,23.7,,,5.0,中感稻瘟病,9.0,高感白叶枯病,9.0,耐热性3级,耐冷性9级,60.9,2.5,,17.4,73.0,4.0,6.3,,《食用稻品种品质》,False,广西武宣仙香源农业开发有限公司,936,Upper Yangtze,Single/Mid,Three-line hybrid,Enterprise,1,,1.0,True,False,False
6928,品香优9205,国审稻20220100,2022.0,国审,,True,True,False,籼,中稻,长江上游中籼迟熟组,650.63,5.91,,639.16,4.28,153.9,,123.4,14.8,25.6,186.3,85.6,28.9,,,5.0,中感稻瘟病,,,9.0,耐热性3级,耐冷性5级,63.0,1.9,,16.8,75.0,3.1,7.0,,《食用稻品种品质》,False,四川省农业科学院水稻高粱研究所,502,Upper Yangtze,Single/Mid,Three-line hybrid,Public,1,,1.0,True,False,False
3891,邦两优郁香,国审稻20220106,2022.0,国审,,True,False,True,籼,中稻,长江中下游中籼迟熟组,626.6,3.1,,620.9,3.1,129.1,,118.6,17.3,25.6,191.2,83.8,23.1,,,5.0,中感稻瘟病,7.0,感白叶枯病,9.0,,,57.3,1.2,,15.7,71.0,4.1,6.3,,《食用稻品种品质》,False,广西兆和种业有限公司,474,Middle-Lower Yangtze,Single/Mid,Two-line hybrid,Enterprise,1,,1.0,True,False,False
5832,春9两优0822,国审稻20220113,2022.0,国审,,True,False,True,籼,中稻,长江中下游中籼迟熟组,638.8,7.6,,636.3,7.7,131.6,,118.3,15.3,24.5,206.3,83.3,26.9,,,3.0,中抗稻瘟病,7.0,感白叶枯病,9.0,,,58.5,10.0,,15.3,77.0,3.1,4.3,,,True,中国农业科学院深圳农业基因组研究所,444,Middle-Lower Yangtze,Single/Mid,Two-line hybrid,Public,1,,1.0,False,False,False
6968,春9两优70,国审稻20220114,2022.0,国审,,True,False,True,籼,中稻,长江中下游中籼迟熟组,651.5,6.5,,630.2,4.2,135.0,,120.3,14.6,25.5,238.3,78.7,27.0,,,5.0,中感稻瘟病,7.0,感白叶枯病,9.0,,,62.6,4.9,,15.1,58.0,3.2,6.3,,《食用稻品种品质》,False,长江大学,478,Middle-Lower Yangtze,Single/Mid,Two-line hybrid,Public,1,,1.0,True,False,False
6733,功两优九香,国审稻20220117,2022.0,国审,,True,False,True,籼,中稻,长江中下游中籼迟熟组,638.0,2.0,,637.7,4.2,129.3,,114.7,16.7,24.4,199.6,85.8,24.1,,,7.0,感稻瘟病,5.0,中感白叶枯病,9.0,,,56.1,0.5,,17.0,77.0,3.7,6.6,,《食用稻品种品质》,False,安陆市兆农育种创新中心,475,Middle-Lower Yangtze,Single/Mid,Two-line hybrid,Unknown,1,,0.0,True,False,False
6988,桂香优086,国审稻20220120,2022.0,国审,,True,True,False,籼,中稻,长江中下游中籼迟熟组,649.8,6.3,,596.3,6.6,132.6,,118.8,15.2,26.0,223.8,87.3,24.4,,,7.0,感稻瘟病,5.0,中感白叶枯病,9.0,,,65.5,1.3,,16.4,62.0,4.2,6.4,,《食用稻品种品质》,False,湖北利众种业科技有限公司,477,Middle-Lower Yangtze,Single/Mid,Three-line hybrid,Enterprise,1,,0.0,True,False,False
3713,果两优桂花丝苗,国审稻20220122,2022.0,国审,,True,False,True,籼,中稻,长江中下游中籼迟熟组,623.1,3.9,,574.9,4.1,136.2,,120.4,16.4,26.0,204.7,86.7,23.1,,,3.0,中抗稻瘟病,7.0,感白叶枯病,9.0,,,60.1,2.7,,16.5,63.0,4.2,6.4,,《食用稻品种品质》,False,湖南中朗种业有限公司,476,Middle-Lower Yangtze,Single/Mid,Two-line hybrid,Enterprise,1,,1.0,False,False,False
7202,华浙优261,国审稻20220128,2022.0,国审,,True,True,False,籼,中稻,长江中下游中籼迟熟组,645.5,4.4,,650.5,7.4,124.7,,119.1,18.2,24.1,192.9,87.3,22.3,,,7.0,感稻瘟病,5.0,中感白叶枯病,9.0,耐热性3级,,64.7,0.3,,17.4,65.0,3.3,7.0,,《食用稻品种品质》,False,中国水稻研究所,494,Middle-Lower Yangtze,Single/Mid,Three-line hybrid,Public,1,,0.0,True,False,False
6977,华浙优钰禾,国审稻20220129,2022.0,国审,,True,True,False,籼,中稻,长江中下游中籼迟熟组,655.8,6.04,,654.2,8.0,136.9,,128.9,15.4,26.1,247.0,81.2,23.3,,,3.0,中抗稻瘟病,7.0,感白叶枯病,9.0,,,57.0,1.3,,16.2,76.0,3.0,5.3,,《食用稻品种品质》,False,中国水稻研究所,478,Middle-Lower Yangtze,Single/Mid,Three-line hybrid,Public,1,,1.0,False,False,False
7182,煌两优715,国审稻20220130,2022.0,国审,,True,False,True,籼,中稻,长江中下游中籼迟熟组,641.67,3.63,,587.9,3.13,133.6,,111.1,16.7,24.3,213.2,82.1,23.3,,,7.0,感稻瘟病,7.0,感白叶枯病,9.0,,,69.5,,,18.5,62.0,3.1,6.0,,《食用稻品种品质》,False,湖南北大荒种业科技有限责任公司,488,Middle-Lower Yangtze,Single/Mid,Two-line hybrid,Enterprise,1,,0.0,True,False,False
7086,徽两优989,国审稻20220131,2022.0,国审,,True,False,True,籼,中稻,长江中下游中籼迟熟组,655.73,3.63,,621.58,3.17,131.5,,112.9,17.6,24.2,189.3,87.3,24.5,,,5.0,中感稻瘟病,5.0,中感白叶枯病,9.0,,,61.5,0.8,,14.7,79.0,3.1,5.7,,《食用稻品种品质》,False,安徽袁氏农业科技发展有限公司,487,Middle-Lower Yangtze,Single/Mid,Two-line hybrid,Enterprise,1,,1.0,True,False,False
6360,徽两优五香丝苗,国审稻20220132,2022.0,国审,,True,False,True,籼,中稻,长江中下游中籼迟熟组,631.3,4.2,,614.3,4.4,137.2,,122.1,17.1,24.5,202.8,84.2,23.7,,,5.0,中感稻瘟病,5.0,中感白叶枯病,9.0,,,67.1,3.5,,20.4,64.0,3.1,5.0,,《食用稻品种品质》,False,安徽五星农业科技有限公司,479,Middle-Lower Yangtze,Single/Mid,Two-line hybrid,Enterprise,1,,1.0,True,False,False
6956,汇晶占,国审稻20220133,2022.0,国审,,False,False,False,籼,中稻,长江中下游中籼迟熟组,641.3,6.1,,633.9,5.2,133.0,,107.9,16.5,23.5,198.0,81.5,25.4,,,7.0,感稻瘟病,5.0,中感白叶枯病,9.0,,,71.2,1.1,,14.9,70.0,3.3,6.2,,《食用稻品种品质》,False,四川嘉禾种子有限公司,482,Middle-Lower Yangtze,Single/Mid,Inbred/Other,Enterprise,1,,0.0,True,False,False
7283,汇两优78,国审稻20220134,2022.0,国审,,True,False,True,籼,中稻,长江中下游中籼迟熟组,638.6,5.0,,613.4,5.0,138.0,,124.7,17.9,25.7,210.7,81.8,28.9,,,5.0,中感稻瘟病,5.0,中感白叶枯病,9.0,,,60.0,7.8,,20.4,43.0,3.4,4.3,,,False,四川嘉禾种子有限公司,440,Middle-Lower Yangtze,Single/Mid,Two-line hybrid,Enterprise,1,,1.0,True,False,False
5117,葏两优雪峰丝苗,国审稻20220137,2022.0,国审,,True,False,True,籼,中稻,长江中下游中籼迟熟组,626.99,4.09,,639.5,4.02,136.6,,121.6,16.4,27.9,207.5,82.4,22.4,,,5.0,中感稻瘟病,7.0,感白叶枯病,9.0,,,56.3,2.9,,15.2,65.0,4.1,6.0,,《食用稻品种品质》,False,湖南恒大种业高科技有限公司,483,Middle-Lower Yangtze,Single/Mid,Two-line hybrid,Enterprise,1,,1.0,True,False,False
7815,利两优3822,国审稻20220143,2022.0,国审,,True,False,True,籼,中稻,长江中下游中籼迟熟组,656.3,8.6,,621.3,12.2,136.8,,121.6,15.9,24.8,218.5,86.2,26.0,,,5.0,中感稻瘟病,7.0,感白叶枯病,9.0,,,65.4,5.4,,13.7,50.0,3.7,5.6,,,False,湖北利众种业科技有限公司,441,Middle-Lower Yangtze,Single/Mid,Two-line hybrid,Enterprise,1,,1.0,True,False,False
7816,喜两优1068,国审稻20220145,2022.0,国审,,True,False,True,籼,中稻,长江中下游中籼迟熟组,660.5,4.3,,642.2,8.1,134.2,,123.7,16.1,25.1,205.8,82.9,25.7,,,3.0,中抗稻瘟病,5.0,中感白叶枯病,9.0,,,65.6,1.0,,17.3,61.0,3.0,6.1,,《食用稻品种品质》,False,安徽喜多收种业科技有限公司,480,Middle-Lower Yangtze,Single/Mid,Two-line hybrid,Enterprise,1,,1.0,False,False,False
3727,两优301,国审稻20220147,2022.0,国审,,True,False,True,籼,中稻,长江中下游中籼迟熟组,645.65,7.18,,675.19,9.82,130.3,,116.8,15.2,24.7,215.9,86.3,24.4,,,5.0,中感稻瘟病,7.0,感白叶枯病,9.0,,,67.1,2.0,,16.5,60.0,3.2,6.5,,《食用稻品种品质》,False,安徽省创富种业有限公司,483,Middle-Lower Yangtze,Single/Mid,Two-line hybrid,Enterprise,1,,1.0,True,False,False
5694,8两优徽香,国审稻20220149,2022.0,国审,,True,False,True,籼,中稻,长江中下游中籼迟熟组,654.2,3.9,,632.2,5.1,130.8,,114.9,17.4,23.4,185.0,85.9,23.8,,,3.0,中抗稻瘟病,5.0,中感白叶枯病,9.0,,,68.4,0.8,,16.9,68.0,3.0,7.0,,《食用稻品种品质》,True,安徽荃银超大种业有限公司,478,Middle-Lower Yangtze,Single/Mid,Two-line hybrid,Enterprise,1,,1.0,False,False,False
6525,龙稻163,国审稻20220151,2022.0,国审,,False,False,False,籼,中稻,长江中下游中籼迟熟组,654.9,4.2,,646.8,2.6,126.8,,112.7,17.3,22.8,183.2,87.8,25.4,,,7.0,感稻瘟病,5.0,中感白叶枯病,9.0,,,55.9,3.0,,17.0,64.0,3.4,6.7,,《食用稻品种品质》,False,湖北龙稻种业科技有限公司,476,Middle-Lower Yangtze,Single/Mid,Inbred/Other,Enterprise,1,,0.0,True,False,False
5419,珞红优1564,国审稻20220152,2022.0,国审,,True,True,False,籼,中稻,长江中下游中籼迟熟组,671.4,8.29,,649.5,9.1,137.0,,123.2,18.2,24.5,172.5,85.6,27.9,,,3.0,中抗稻瘟病,5.0,中感白叶枯病,9.0,,,57.7,1.4,,16.7,77.0,3.2,6.0,,《食用稻品种品质》,False,武汉大学,478,Middle-Lower Yangtze,Single/Mid,Three-line hybrid,Public,1,,1.0,False,False,False
6624,品香优五山丝苗,国审稻20220156,2022.0,国审,,True,True,False,籼,中稻,长江中下游中籼迟熟组,653.2,1.7,,647.8,6.6,131.3,,118.6,17.1,26.3,190.5,82.7,24.5,,,5.0,中感稻瘟病,5.0,中感白叶枯病,9.0,,,62.4,1.9,,16.9,60.0,3.3,7.0,,《食用稻品种品质》,True,安徽荃银超大种业有限公司,478,Middle-Lower Yangtze,Single/Mid,Three-line hybrid,Enterprise,1,,1.0,True,False,False
7692,品香优智903,国审稻20220157,2022.0,国审,,True,True,False,籼,中稻,长江中下游中籼迟熟组,639.8,5.5,,606.9,6.8,130.9,,116.0,15.9,25.8,197.3,85.1,25.2,,,5.0,中感稻瘟病,1.0,抗白叶枯病,9.0,,,64.6,3.6,,13.9,73.0,3.1,6.0,,《食用稻品种品质》,False,华智生物技术有限公司,482,Middle-Lower Yangtze,Single/Mid,Three-line hybrid,Enterprise,1,,1.0,True,False,False
4352,乔两优17,国审稻20220159,2022.0,国审,,True,False,True,籼,中稻,长江中下游中籼迟熟组,638.5,3.8,,639.4,4.4,130.7,,117.1,15.2,23.7,194.6,85.0,27.4,,,5.0,中感稻瘟病,5.0,中感白叶枯病,9.0,,,66.0,1.6,,17.0,62.0,3.0,7.0,,《食用稻品种品质》,False,安徽袁粮水稻产业有限公司,477,Middle-Lower Yangtze,Single/Mid,Two-line hybrid,Enterprise,1,,1.0,True,False,False
5757,桥两优268,国审稻20220160,2022.0,国审,,True,False,True,籼,中稻,长江中下游中籼迟熟组,638.1,6.8,,668.4,8.4,130.5,,119.3,14.1,26.0,217.4,83.8,27.2,,,5.0,中感稻瘟病,5.0,中感白叶枯病,9.0,,,53.8,10.1,,13.9,78.0,3.1,3.9,,,False,合肥信达高科农业科学研究所,436,Middle-Lower Yangtze,Single/Mid,Two-line hybrid,Public,1,,1.0,True,False,False
6660,荃优210,国审稻20220162,2022.0,国审,,True,True,False,籼,中稻,长江中下游中籼迟熟组,640.79,7.08,,645.56,7.08,134.3,,117.8,15.4,26.4,206.7,85.9,27.8,,,7.0,感稻瘟病,5.0,中感白叶枯病,9.0,,,62.2,2.9,,16.7,79.0,3.2,6.8,,《食用稻品种品质》,True,安徽省创富种业有限公司,486,Middle-Lower Yangtze,Single/Mid,Three-line hybrid,Enterprise,1,,0.0,True,False,False
5484,荃优美香丝苗1号,国审稻20220164,2022.0,国审,,True,True,False,籼,中稻,长江中下游中籼迟熟组,628.9,3.4,,650.7,5.0,133.3,,121.2,15.5,25.6,198.0,81.9,26.9,,,7.0,感稻瘟病,5.0,中感白叶枯病,9.0,,,62.6,5.0,,14.2,72.0,3.2,5.4,,《食用稻品种品质》,True,合肥信达高科农业科学研究所,482,Middle-Lower Yangtze,Single/Mid,Three-line hybrid,Public,1,,0.0,True,False,False
5777,盛优玉丝苗,国审稻20220171,2022.0,国审,,True,True,False,籼,中稻,长江中下游中籼迟熟组,647.6,3.7,,664.5,4.8,128.2,,116.7,18.7,23.5,188.7,85.4,23.6,,,5.0,中感稻瘟病,7.0,感白叶枯病,9.0,,,56.1,2.0,,16.5,62.0,4.4,6.8,,《食用稻品种品质》,False,湖南鑫盛华丰种业科技有限公司,476,Middle-Lower Yangtze,Single/Mid,Three-line hybrid,Enterprise,1,,1.0,True,False,False
3123,太两优香五,国审稻20220175,2022.0,国审,,True,False,True,籼,中稻,长江中下游中籼迟熟组,653.2,3.1,,638.1,7.4,135.0,,119.0,15.0,27.0,224.2,78.2,26.0,,,5.0,中感稻瘟病,5.0,中感白叶枯病,9.0,,,62.0,2.0,,16.9,72.0,3.8,6.2,,《食用稻品种品质》,False,长沙碧盈农业科技有限公司,481,Middle-Lower Yangtze,Single/Mid,Two-line hybrid,Enterprise,1,,1.0,True,False,False
5725,泰两优香牙占,国审稻20220177,2022.0,国审,,True,False,True,籼,中稻,长江中下游中籼迟熟组,617.1,2.8,,654.8,4.4,127.4,,118.2,18.9,24.7,174.3,84.9,22.7,,,3.0,中抗稻瘟病,5.0,中感白叶枯病,9.0,耐热性3级,,62.9,3.0,,13.5,75.0,3.7,5.0,,《食用稻品种品质》,False,浙江科原种业有限公司,490,Middle-Lower Yangtze,Single/Mid,Two-line hybrid,Enterprise,1,,1.0,False,False,False
7709,桃香优361,国审稻20220179,2022.0,国审,,True,True,False,籼,中稻,长江中下游中籼迟熟组,635.7,6.4,,643.9,4.5,126.4,,115.8,16.6,24.3,150.4,86.1,29.2,,,7.0,感稻瘟病,9.0,高感白叶枯病,9.0,,,58.9,6.2,,13.3,68.0,3.3,4.4,,,False,安徽科力种业有限公司,440,Middle-Lower Yangtze,Single/Mid,Three-line hybrid,Enterprise,1,,0.0,True,False,False
5574,文两优5号,国审稻20220181,2022.0,国审,,True,False,True,籼,中稻,长江中下游中籼迟熟组,656.9,3.4,,651.4,3.8,135.8,,123.1,14.8,28.5,243.2,79.8,24.5,,,5.0,中感稻瘟病,5.0,中感白叶枯病,9.0,,,54.5,3.4,,18.3,51.0,3.2,5.3,,《食用稻品种品质》,False,长沙碧盈农业科技有限公司,480,Middle-Lower Yangtze,Single/Mid,Two-line hybrid,Enterprise,1,,1.0,True,False,False
5995,文两优83,国审稻20220182,2022.0,国审,,True,False,True,籼,中稻,长江中下游中籼迟熟组,651.9,3.5,,625.0,3.9,132.2,,117.1,17.6,26.9,198.2,84.6,23.1,,,5.0,中感稻瘟病,7.0,感白叶枯病,9.0,,,61.8,2.3,,17.7,60.0,3.8,6.2,,《食用稻品种品质》,False,长沙碧盈农业科技有限公司育种者：长沙碧盈农业科技有限公司品种来源： 文247S×R8083,479,Middle-Lower Yangtze,Single/Mid,Two-line hybrid,Enterprise,1,,1.0,True,False,False
7307,文两优珍香,国审稻20220183,2022.0,国审,,True,False,True,籼,中稻,长江中下游中籼迟熟组,609.41,2.7,,590.35,4.23,131.1,,119.8,18.0,26.9,175.5,86.9,23.5,,,5.0,中感稻瘟病,5.0,中感白叶枯病,9.0,,,68.8,1.2,,16.7,61.0,3.7,6.7,,《食用稻品种品质》,False,安徽未来种业有限公司,485,Middle-Lower Yangtze,Single/Mid,Two-line hybrid,Enterprise,1,,1.0,True,False,False
6989,楷两优128,国审稻20220184,2022.0,国审,,True,False,True,籼,中稻,长江中下游中籼迟熟组,636.0,2.8,,634.9,4.8,133.9,,121.0,17.2,24.7,212.0,80.5,24.8,,,5.0,中感稻瘟病,7.0,感白叶枯病,7.0,,,63.7,0.8,,15.4,78.0,3.4,6.9,,《食用稻品种品质》,False,安徽华安种业有限责任公司,480,Middle-Lower Yangtze,Single/Mid,Two-line hybrid,Enterprise,1,,1.0,True,False,False
7398,楷两优丝占,国审稻20220185,2022.0,国审,,True,False,True,籼,中稻,长江中下游中籼迟熟组,655.6,5.9,,646.7,6.8,132.8,,113.5,17.3,24.1,199.9,85.3,24.4,,,5.0,中感稻瘟病,7.0,感白叶枯病,9.0,,,66.1,0.6,,15.3,76.0,3.4,7.0,,《食用稻品种品质》,False,安徽华安种业有限责任公司育种者：安徽华安种业有限责任公司品种来源： HA1712S× R474,481,Middle-Lower Yangtze,Single/Mid,Two-line hybrid,Enterprise,1,,1.0,True,False,False
6929,欣两优六号,国审稻20220189,2022.0,国审,,True,False,True,籼,中稻,长江中下游中籼迟熟组,661.1,6.3,,637.2,6.3,135.6,,115.4,16.0,25.5,205.0,82.8,26.0,,,5.0,中感稻瘟病,5.0,中感白叶枯病,9.0,,,60.6,1.9,,15.2,76.0,3.1,5.8,,《食用稻品种品质》,True,安徽荃银欣隆种业有限公司,481,Middle-Lower Yangtze,Single/Mid,Two-line hybrid,Enterprise,1,,1.0,True,False,False
6625,新兆优6615,国审稻20220190,2022.0,国审,,True,True,False,籼,中稻,长江中下游中籼迟熟组,618.3,3.3,,635.9,4.4,137.8,,118.8,17.2,26.2,170.5,86.7,26.4,,,5.0,中感稻瘟病,5.0,中感白叶枯病,9.0,,,57.8,0.3,,15.8,72.0,3.7,6.9,,《食用稻品种品质》,False,强农济众（广东）优质稻虾研究与生产有限公司,479,Middle-Lower Yangtze,Single/Mid,Three-line hybrid,Enterprise,1,,1.0,True,False,False
6869,95优1号,国审稻20220199,2022.0,国审,,True,True,False,籼,中稻,长江中下游中籼迟熟组,636.7,6.2,,594.8,5.9,136.7,,117.5,16.9,24.9,227.3,85.7,23.8,,,7.0,感稻瘟病,5.0,中感白叶枯病,9.0,,,68.5,3.6,,16.6,61.0,3.0,5.9,,《食用稻品种品质》,False,湖北谷神科技有限责任公司,478,Middle-Lower Yangtze,Single/Mid,Three-line hybrid,Enterprise,1,,0.0,True,False,False
6769,瑞两优653,国审稻20220200,2022.0,国审,,True,False,True,籼,中稻,长江中下游中籼迟熟组,656.5,5.6,,633.0,5.6,136.5,,118.6,17.4,25.0,200.8,86.3,25.5,,,7.0,感稻瘟病,5.0,中感白叶枯病,9.0,,,57.8,2.2,,16.9,72.0,3.0,6.6,,《食用稻品种品质》,False,安徽国瑞种业有限公司,479,Middle-Lower Yangtze,Single/Mid,Two-line hybrid,Enterprise,1,,0.0,True,False,False
6514,荷优五香,国审稻20220205,2022.0,国审,,True,True,False,籼,双季,长江中下游麦茬籼稻组,637.4,4.8,,643.5,4.7,120.6,,119.2,16.3,24.4,205.2,83.9,24.9,,,5.0,中感稻瘟病,5.0,中感白叶枯病,9.0,,耐冷性5级,69.8,1.9,,16.0,65.0,3.5,6.7,,《食用稻品种品质》,True,安徽荃银超大种业有限公司,932,Middle-Lower Yangtze,Single/Mid,Three-line hybrid,Enterprise,1,,1.0,True,False,False
5300,玉香丝苗,国审稻20220216,2022.0,国审,,False,False,False,籼,,长江中下游麦茬籼稻组,616.4,3.4,,623.9,3.2,124.5,,122.1,19.7,25.3,183.9,85.6,22.1,,,5.0,中感稻瘟病,5.0,中感白叶枯病,9.0,,,65.2,0.7,,18.6,53.0,4.2,7.0,,《食用稻品种品质》,False,安徽日辉生物科技有限公司,481,Middle-Lower Yangtze,Single/Mid,Inbred/Other,Enterprise,1,,1.0,True,False,False
5327,10香优郁香,国审稻20220219,2022.0,国审,,True,True,False,籼,双季,长江中下游晚籼早熟组,578.8,3.6,,572.4,1.3,119.4,,114.3,18.4,23.8,183.8,82.0,21.6,,,7.0,感稻瘟病,7.0,感白叶枯病,9.0,,耐冷性7级,62.3,2.9,,17.8,62.0,3.9,6.4,,《食用稻品种品质》,False,南宁谷源丰种业有限公司,489,Middle-Lower Yangtze,Late,Three-line hybrid,Enterprise,1,,0.0,True,False,False
7643,美香两优油丝占,国审稻20220227,2022.0,国审,,True,False,True,籼,双季,长江中下游晚籼早熟组,578.4,3.5,,584.1,3.4,118.9,,116.5,17.8,25.0,177.7,81.0,23.5,,,5.0,中感稻瘟病,7.0,感白叶枯病,9.0,,耐冷性5级,56.7,2.8,,15.9,70.0,4.2,6.9,,《食用稻品种品质》,False,广西南宁依久农业发展有限公司,492,Middle-Lower Yangtze,Late,Two-line hybrid,Enterprise,1,,1.0,True,False,False
7791,桃优晶丝181,国审稻20220232,2022.0,国审,,True,True,False,籼,双季,长江中下游晚籼早熟组,554.0,0.3,,587.3,1.6,111.3,,108.0,19.9,25.9,133.0,82.8,28.7,,,7.0,感稻瘟病,9.0,高感白叶枯病,9.0,,耐冷性9级,60.1,1.8,,17.4,60.0,4.3,6.8,,《食用稻品种品质》,False,湖南恒德种业科技有限公司,492,Middle-Lower Yangtze,Late,Three-line hybrid,Enterprise,1,,0.0,True,False,False
5560,扬泰优5009,国审稻20220233,2022.0,国审,,True,True,False,籼,双季,长江中下游晚籼早熟组,611.11,5.36,,597.31,5.95,118.8,,109.2,17.9,24.4,177.4,81.3,25.1,,,3.0,中抗稻瘟病,7.0,感白叶枯病,8.0,,耐冷性5级,67.1,1.4,,15.7,62.0,3.6,6.5,,《食用稻品种品质》,False,湖南优至种业有限公司,489,Middle-Lower Yangtze,Late,Three-line hybrid,Enterprise,1,,1.0,False,False,False
4617,又香优郁香,国审稻20220235,2022.0,国审,,True,True,False,籼,双季,长江中下游晚籼早熟组,575.3,3.0,,576.5,2.0,119.1,,113.9,18.4,23.1,187.1,82.9,21.0,,,5.0,中感稻瘟病,7.0,感白叶枯病,9.0,,耐冷性5级,61.5,2.5,,17.8,60.0,4.0,6.5,,《食用稻品种品质》,False,广西兆和种业有限公司,491,Middle-Lower Yangtze,Late,Three-line hybrid,Enterprise,1,,1.0,True,False,False
6472,瑜香优191,国审稻20220236,2022.0,国审,,True,True,False,籼,双季,长江中下游晚籼早熟组,598.9,4.5,,602.7,5.7,119.4,,109.4,19.3,29.1,182.7,81.4,24.1,,,5.0,中感稻瘟病,7.0,感白叶枯病,9.0,,耐冷性5级,53.5,1.3,,15.7,60.0,4.0,6.7,,《食用稻品种品质》,False,湖南湘穗农业科技开发有限公司,496,Middle-Lower Yangtze,Late,Three-line hybrid,Enterprise,1,,1.0,True,False,False
7142,恒两优南晶香占,国审稻20220241,2022.0,国审,,True,False,True,籼,双季,长江中下游晚籼中迟熟组,560.1,1.2,,637.1,1.9,116.4,,115.0,18.7,25.6,156.9,83.4,25.6,,,3.0,中抗稻瘟病,5.0,中感白叶枯病,9.0,,耐冷性3级,56.9,2.9,,15.9,72.0,3.7,6.5,,《食用稻品种品质》,False,湖南恒德种业科技有限公司,495,Middle-Lower Yangtze,Late,Two-line hybrid,Enterprise,1,,1.0,False,False,False
7129,泰优农禾丝苗,国审稻20220246,2022.0,国审,,True,True,False,籼,双季,长江中下游晚籼中迟熟组,582.52,3.89,,588.0,3.61,118.5,,108.1,20.2,22.8,161.5,80.1,24.2,,,5.0,中感稻瘟病,7.0,感白叶枯病,9.0,,耐冷性弱级,67.3,1.4,,17.6,61.0,3.8,7.0,,《食用稻品种品质》,False,江西现代种业股份有限公司,496,Middle-Lower Yangtze,Late,Three-line hybrid,Enterprise,1,,1.0,True,False,False
4224,泰优油香,国审稻20220247,2022.0,国审,,True,True,False,籼,双季,长江中下游晚籼中迟熟组,569.9,3.49,,592.94,3.85,119.1,,112.2,21.4,23.4,166.1,78.4,22.6,,,3.0,中抗稻瘟病,7.0,感白叶枯病,9.0,,耐冷性中,68.3,0.8,,15.2,60.0,4.2,6.2,,《食用稻品种品质》,False,江西现代种业股份有限公司,496,Middle-Lower Yangtze,Late,Three-line hybrid,Enterprise,1,,1.0,False,False,False
4631,荃优鄂丰丝苗,国审稻20220257,2022.0,国审,,True,True,False,籼,双季,华南感光晚籼组,540.3,6.9,,566.8,6.1,112.3,,108.6,17.5,24.5,166.5,85.0,25.7,,,5.0,中感稻瘟病,9.0,高感白叶枯病,9.0,,,66.5,4.2,,17.5,59.0,3.2,6.8,,《食用稻品种品质》,True,湖北荃银高科种业有限公司,482,South China,Late,Three-line hybrid,Enterprise,1,,1.0,True,False,False
6107,华中优9326,国审稻20220262,2022.0,国审,,True,False,False,粳,单季,长江中下游单季晚粳组,713.4,13.5,,671.6,11.0,154.0,,123.8,14.5,25.2,254.3,85.0,26.3,,,5.0,中感稻瘟病,7.0,感白叶枯病,9.0,,,68.1,1.6,,15.6,73.0,2.5,6.9,,《食用稻品种品质》,False,浙江省农业科学院,497,Middle-Lower Yangtze,Late,Hybrid (unclear),Public,1,,1.0,True,False,False
7009,浙杭优210,国审稻20220271,2022.0,国审,,True,True,False,粳,单季,长江中下游单季晚粳组,729.6,13.0,,739.8,7.9,149.3,,126.3,15.2,23.6,255.6,85.9,24.7,,,5.0,中感稻瘟病,5.0,中感白叶枯病,9.0,,,71.6,3.3,,16.2,62.0,2.5,6.9,,《食用稻品种品质》,False,杭州种业集团有限公司,504,Middle-Lower Yangtze,Late,Three-line hybrid,Enterprise,1,,1.0,True,False,False
6416,哈勃903,国审稻20220276,2022.0,国审,,False,False,False,粳,,黄淮海粳稻组,655.6,7.2,,664.16,6.1,151.4,,98.7,19.0,17.6,178.2,86.1,25.0,,,5.0,中感稻瘟病,5.0,中感白叶枯病,,,,70.6,0.4,,17.1,73.0,1.8,7.0,,《食用稻品种品质》,False,临沂市金秋大粮农业科技有限公司,479,North/Huanghuai,Single/Mid,Inbred/Other,Enterprise,1,,1.0,True,False,False
7130,苏秀1902,国审稻20220281,2022.0,国审,,False,False,False,粳,,黄淮海粳稻组,660.6,5.0,,656.3,6.6,145.0,,92.0,19.9,15.8,164.2,87.1,25.6,,,5.0,中感稻瘟病,,,,,,74.9,2.8,,16.9,71.0,1.7,7.0,,《食用稻品种品质》,False,江苏苏乐种业科技有限公司,455,North/Huanghuai,Single/Mid,Inbred/Other,Enterprise,1,,1.0,True,False,False
4735,苏秀1928,国审稻20220282,2022.0,国审,,False,False,False,粳,,黄淮海粳稻组,670.3,6.6,,663.1,7.7,148.0,,94.9,20.4,15.9,146.5,86.3,27.6,,,5.0,中感稻瘟病,,,,,,75.4,1.6,,16.5,73.0,1.8,7.0,,《食用稻品种品质》,False,江苏苏乐种业科技有限公司,455,North/Huanghuai,Single/Mid,Inbred/Other,Enterprise,1,,1.0,True,False,False
6230,盐糯20,国审稻20220283,2022.0,国审,,False,False,False,粳,,黄淮海粳稻组,655.3,5.8,,685.6,7.2,152.6,,92.6,20.1,15.4,153.6,91.2,27.6,,,5.0,中感稻瘟病,5.0,中感白叶枯病,,,,70.1,,,1.3,100.0,1.6,6.3,,《食用稻品种品质》,False,盐城市盐都区农业科学研究所、盐城市种业有限公司,511,North/Huanghuai,Single/Mid,Inbred/Other,Joint,2,,1.0,True,False,False
5637,闽龙1号,国审稻20220290,2022.0,国审,,False,False,False,粳,,,579.1,9.4,,588.8,7.3,147.9,,109.9,24.0,19.2,137.9,85.4,26.6,,,5.0,中感稻瘟病,,,,,,70.4,1.3,,15.5,70.0,2.9,7.0,,《食用稻品种品质》,False,黑龙江省农业科学院生物技术研究所,450,Other/Unspecified,Unspecified,Inbred/Other,Public,1,,1.0,True,False,False
6385,中龙粳4号,国审稻20220291,2022.0,国审,,False,False,False,粳,,,569.3,7.6,,573.6,4.5,144.8,,102.3,26.4,18.1,112.6,91.8,24.5,,,5.0,中感稻瘟病,,,,,,69.5,2.1,,18.1,72.0,2.8,7.0,,《食用稻品种品质》,False,中国科学院北方粳稻分子育种联合研究中心,444,Other/Unspecified,Unspecified,Inbred/Other,Public,1,,1.0,True,False,False
5208,沪旱1516,国审稻20220298,2022.0,国审,,False,False,False,籼,一季稻,长江中下游节水抗旱稻组,553.8,2.2,,566.5,1.2,114.5,,103.1,23.3,22.9,148.7,86.9,22.6,,,5.0,中感稻瘟病,,,,,,62.7,4.3,,16.2,71.0,3.2,6.1,,《食用稻品种品质》,False,上海市农业生物基因中心,476,Middle-Lower Yangtze,Single/Mid,Inbred/Other,Unknown,1,,1.0,True,False,False
7292,滇禾优615,国审稻20220301,2022.0,国审,,True,True,False,粳,中稻,长江上游高海拔粳稻组,730.8,7.5,,677.3,10.7,177.0,,107.0,22.4,20.9,165.1,85.5,23.8,,,5.0,中感稻瘟病,,,,,耐冷性5级,69.1,1.6,,16.7,66.0,1.9,7.0,,《食用稻品种品质》,False,云南农业大学稻作研究所、云南禾朴农业科技有限公司,476,Upper Yangtze,Single/Mid,Three-line hybrid,Joint,2,,1.0,True,False,False
6067,邦两优6118,国审稻20220303,2022.0,国审,,True,False,True,籼,中稻,长江中下游中籼迟熟组,647.22,3.01,丰两优四号,624.46,2.66,126.8,,116.3,18.5,25.5,199.0,82.0,21.8,,,9.0,高感稻瘟病,7.0,感白叶枯病,9.0,抽穗期耐热性一般,,61.2,1.0,,17.7,60.0,4.4,7.0,,《食用稻品种品质》,False,广西兆和种业有限公司,491,Middle-Lower Yangtze,Single/Mid,Two-line hybrid,Enterprise,1,,0.0,True,False,False
7166,兆香两优粤香晶丝,国审稻20220305,2022.0,国审,,True,False,True,籼,中稻,长江中下游中籼迟熟组,649.04,3.21,丰两优四号,626.12,2.94,128.5,,120.4,196.5,25.5,196.5,82.4,22.3,,,9.0,高感稻瘟病,7.0,感白叶枯病,9.0,抽穗期耐热性一般,,57.2,1.7,,18.3,66.0,4.3,6.9,,《食用稻品种品质》,False,广西兆和种业有限公司,486,Middle-Lower Yangtze,Single/Mid,Two-line hybrid,Enterprise,1,,0.0,True,False,False
4788,隆晶优蒂占,国审稻20226004,2022.0,国审,,True,True,False,籼,双季,华南早籼组,531.8,-0.6,,526.5,2.0,124.8,,109.5,19.2,25.3,143.1,85.5,24.9,,,5.0,中感稻瘟病,9.0,高感白叶枯病,9.0,耐热性3级,耐冷性9级,60.4,1.0,,13.5,92.0,3.7,6.1,,《食用稻品种品质》,False,袁隆平农业高科技股份有限公司,930,South China,Early,Three-line hybrid,Enterprise,1,,1.0,True,False,False
5159,荃优967,国审稻20226005,2022.0,国审,,True,True,False,籼,双季,华南早籼组,540.2,0.2,,550.3,2.0,127.7,,117.7,17.7,23.9,155.4,82.2,26.4,,,5.0,中感稻瘟病,7.0,感白叶枯病,,,,64.3,2.1,,15.2,86.0,3.0,6.5,,《食用稻品种品质》,True,中国种子集团有限公司,480,South China,Early,Three-line hybrid,Enterprise,1,,1.0,True,False,False
5447,国香优2115,国审稻20226010,2022.0,国审,,True,True,False,籼,中稻,长江上游中籼迟熟组,629.09,2.75,,627.19,3.43,151.7,,120.0,15.0,25.9,154.1,87.1,33.1,,,5.0,中感稻瘟病,,,9.0,耐热性3级,耐冷性5级,68.5,2.1,,18.2,83.0,3.0,7.0,,《食用稻品种品质》,False,四川国豪种业股份有限公司,499,Upper Yangtze,Single/Mid,Three-line hybrid,Enterprise,1,,1.0,True,False,False
7671,金龙优607,国审稻20226014,2022.0,国审,,True,True,False,籼,中稻,长江上游中籼迟熟组,663.7,4.5,,661.9,4.5,152.5,,119.3,15.5,23.3,215.3,85.4,25.0,,,5.0,中感稻瘟病,,,9.0,耐热性3级,耐冷性5级,71.2,1.5,,17.3,61.0,3.2,7.0,,《食用稻品种品质》,False,中国种子集团有限公司,497,Upper Yangtze,Single/Mid,Three-line hybrid,Enterprise,1,,1.0,True,False,False
7293,麟两优3858,国审稻20226017,2022.0,国审,,True,False,True,籼,中稻,长江上游中籼迟熟组,650.1,3.2,,619.6,2.6,153.8,,115.8,16.0,24.2,191.3,85.9,26.3,,,7.0,感稻瘟病,5.0,中感白叶枯病,9.0,耐热性3级,耐冷性5级,66.9,3.7,,16.4,54.0,3.1,7.0,,《食用稻品种品质》,False,袁隆平农业高科技股份有限公司,930,Upper Yangtze,Single/Mid,Two-line hybrid,Enterprise,1,,0.0,True,False,False
7749,荃9优220,国审稻20226019,2022.0,国审,,True,True,False,籼,中稻,长江上游中籼迟熟组,634.4,2.8,,629.5,2.4,152.2,,117.1,15.2,24.5,199.4,81.6,27.5,,,5.0,中感稻瘟病,,,9.0,耐热性5级,耐冷性7级,68.3,2.0,,16.6,77.0,3.0,6.8,,《食用稻品种品质》,True,江苏中江种业股份有限公司,494,Upper Yangtze,Single/Mid,Three-line hybrid,Enterprise,1,,1.0,True,False,False
7284,荃9优2号,国审稻20226020,2022.0,国审,,True,True,False,籼,中稻,长江上游中籼迟熟组,641.4,3.9,,650.6,5.4,151.3,,109.9,14.2,24.8,192.8,84.5,29.2,,,5.0,中感稻瘟病,,,9.0,耐热性3级,耐冷性7级,70.7,1.9,,17.8,78.0,3.0,7.0,,《食用稻品种品质》,True,安徽荃银高科种业股份有限公司,496,Upper Yangtze,Single/Mid,Three-line hybrid,Enterprise,1,,1.0,True,False,False
489,荃优607,国审稻20226027,2022.0,国审,,True,True,False,籼,中稻,长江上游中籼迟熟组,667.6,5.0,,655.7,4.8,154.1,,118.1,15.0,24.1,210.8,87.5,26.3,,,7.0,感稻瘟病,,,9.0,耐热性3级,耐冷性5级,71.4,2.2,,17.1,61.0,3.1,6.6,,《食用稻品种品质》,True,中国种子集团有限公司,499,Upper Yangtze,Single/Mid,Three-line hybrid,Enterprise,1,,0.0,True,False,False
5453,万丰优957,国审稻20226031,2022.0,国审,,True,True,False,籼,中稻,长江上游中籼迟熟组,674.0,5.9,,678.4,7.6,153.6,,109.3,16.4,23.5,225.9,85.5,23.3,,,7.0,感稻瘟病,9.0,高感白叶枯病,9.0,耐热性3级,耐冷性5级,66.2,2.4,,18.7,60.0,3.3,6.9,,《食用稻品种品质》,False,湖南袁创超级稻技术有限公司,935,Upper Yangtze,Single/Mid,Three-line hybrid,Enterprise,1,,0.0,True,False,False
3596,玮两优钰占,国审稻20226032,2022.0,国审,,True,False,True,籼,中稻,长江上游中籼迟熟组,653.3,1.8,,620.1,3.4,152.3,,119.0,16.5,25.3,184.7,86.3,26.4,,,5.0,中感稻瘟病,7.0,感白叶枯病,9.0,耐热性3级,耐冷性7级,61.8,1.7,,16.1,69.0,3.5,6.6,,《食用稻品种品质》,False,袁隆平农业高科技股份有限公司,930,Upper Yangtze,Single/Mid,Two-line hybrid,Enterprise,1,,1.0,True,False,False
5238,伍两优钰占,国审稻20226035,2022.0,国审,,True,False,True,籼,中稻,长江上游中籼迟熟组,633.8,-0.5,,622.4,3.0,153.3,,121.0,16.9,25.8,187.6,84.6,24.4,,,3.0,中抗稻瘟病,9.0,高感白叶枯病,9.0,耐热性3级,耐冷性5级,67.4,1.4,,16.5,73.0,3.4,6.8,,《食用稻品种品质》,False,袁隆平农业高科技股份有限公司,929,Upper Yangtze,Single/Mid,Two-line hybrid,Enterprise,1,,1.0,False,False,False
6661,宜优880,国审稻20226037,2022.0,国审,,True,True,False,籼,中稻,长江上游中籼迟熟组,634.2,1.6,,614.1,3.3,154.5,,117.8,16.9,27.1,172.5,83.7,28.1,,,5.0,中感稻瘟病,,,9.0,耐热性3级,耐冷性3级,69.7,1.6,,17.5,79.0,3.3,7.0,,《食用稻品种品质》,False,合肥丰乐种业股份有限公司、成都丰乐种业有限责任公司、宜宾市农业科学院,493,Upper Yangtze,Single/Mid,Three-line hybrid,Joint,3,,1.0,True,False,False
4505,臻两优钰占,国审稻20226038,2022.0,国审,,True,False,True,籼,中稻,长江上游中籼迟熟组,631.0,-0.3,,624.6,2.5,154.2,,124.2,16.1,26.0,187.5,84.2,26.3,,,3.0,中抗稻瘟病,9.0,高感白叶枯病,9.0,耐热性3级,耐冷性7级,68.7,2.0,,15.7,56.0,3.4,5.0,,《食用稻品种品质》,False,袁隆平农业高科技股份有限公司,932,Upper Yangtze,Single/Mid,Two-line hybrid,Enterprise,1,,1.0,False,False,False
7710,长两优晶韵,国审稻20226041,2022.0,国审,,True,False,True,籼,中稻,长江中下游中籼迟熟组,644.9,5.2,,641.0,5.7,132.7,,124.2,16.6,25.8,179.8,87.7,25.6,,,5.0,中感稻瘟病,5.0,中感白叶枯病,9.0,,,70.2,0.3,,16.0,77.0,3.4,7.0,,《食用稻品种品质》,False,合肥丰乐种业股份有限公司,477,Middle-Lower Yangtze,Single/Mid,Two-line hybrid,Enterprise,1,,1.0,True,False,False
4463,呈两优607,国审稻20226042,2022.0,国审,,True,False,True,籼,中稻,长江中下游中籼迟熟组,612.0,2.0,,657.5,6.2,133.2,,120.9,16.8,24.4,194.0,83.3,23.7,,,3.0,中抗稻瘟病,5.0,中感白叶枯病,9.0,,,64.5,2.7,,17.5,74.0,3.2,5.0,,《食用稻品种品质》,False,中国种子集团有限公司,482,Middle-Lower Yangtze,Single/Mid,Two-line hybrid,Enterprise,1,,1.0,False,False,False
6461,川种优3877,国审稻20226043,2022.0,国审,,True,True,False,籼,中稻,长江中下游中籼迟熟组,611.6,2.0,,635.7,2.8,129.9,,113.2,17.0,26.6,191.0,81.3,24.6,,,5.0,中感稻瘟病,7.0,感白叶枯病,9.0,,,58.7,1.1,,16.3,63.0,3.4,6.2,,《食用稻品种品质》,False,中国种子集团有限公司,479,Middle-Lower Yangtze,Single/Mid,Three-line hybrid,Enterprise,1,,1.0,True,False,False
7672,鄂丰优755,国审稻20226044,2022.0,国审,,True,True,False,籼,中稻,长江中下游中籼迟熟组,628.4,3.2,,627.1,2.1,130.2,,111.1,16.5,24.6,190.9,87.5,24.8,,,3.0,中抗稻瘟病,5.0,中感白叶枯病,9.0,,,69.3,4.8,,18.2,58.0,2.8,6.5,,《食用稻品种品质》,False,湖北省种子集团有限公司,477,Middle-Lower Yangtze,Single/Mid,Three-line hybrid,Enterprise,1,,1.0,False,False,False
7673,恒丰优京贵占,国审稻20226051,2022.0,国审,,True,True,False,籼,中稻,长江中下游中籼迟熟组,638.7,1.9,,624.1,2.6,128.7,,117.3,16.4,24.4,194.9,86.6,23.7,,,3.0,中抗稻瘟病,7.0,感白叶枯病,7.0,,,66.9,2.4,,17.3,65.0,3.8,6.8,,《食用稻品种品质》,False,北京金色农华种业科技股份有限公司,474,Middle-Lower Yangtze,Single/Mid,Three-line hybrid,Enterprise,1,,1.0,False,False,False
4165,华盛优382,国审稻20226053,2022.0,国审,,True,True,False,籼,中稻,长江中下游中籼迟熟组,639.7,2.0,,627.8,3.2,135.6,,124.6,16.4,25.0,173.6,85.6,27.7,,,3.0,中抗稻瘟病,7.0,感白叶枯病,9.0,,,65.9,1.4,,18.7,62.0,4.0,6.3,,《食用稻品种品质》,False,北京金色农华种业科技股份有限公司,477,Middle-Lower Yangtze,Single/Mid,Three-line hybrid,Enterprise,1,,1.0,False,False,False
7626,华浙优28,国审稻20226054,2022.0,国审,,True,True,False,籼,中稻,长江中下游中籼迟熟组,633.7,2.8,,641.3,4.2,135.1,,135.8,16.6,25.2,205.5,86.8,22.9,,,5.0,中感稻瘟病,7.0,感白叶枯病,9.0,,,63.1,0.3,,15.1,76.0,3.2,7.0,,《食用稻品种品质》,False,浙江勿忘农种业股份有限公司,476,Middle-Lower Yangtze,Single/Mid,Three-line hybrid,Enterprise,1,,1.0,True,False,False
7817,荃9优475,国审稻20226069,2022.0,国审,,True,True,False,籼,中稻,长江中下游中籼迟熟组,641.1,4.7,,628.8,4.2,131.9,,122.5,15.0,24.4,210.3,85.0,27.5,,,5.0,中感稻瘟病,3.0,中抗白叶枯病,9.0,,,60.6,4.8,,17.3,65.0,3.1,6.5,,《食用稻品种品质》,True,江苏中江种业股份有限公司,478,Middle-Lower Yangtze,Single/Mid,Three-line hybrid,Enterprise,1,,1.0,True,False,False
6386,荃两优836,国审稻20226070,2022.0,国审,,True,False,True,籼,中稻,长江中下游中籼迟熟组,628.1,3.8,,614.1,4.0,132.7,,118.3,14.6,23.1,219.9,84.0,24.6,,,5.0,中感稻瘟病,5.0,中感白叶枯病,9.0,,,68.7,0.4,,,74.0,2.9,7.0,,《食用稻品种品质》,True,安徽荃银高科种业股份有限公司,480,Middle-Lower Yangtze,Single/Mid,Two-line hybrid,Enterprise,1,,1.0,True,False,False
4327,荃优53,国审稻20226072,2022.0,国审,,True,True,False,籼,中稻,长江中下游中籼迟熟组,633.2,4.9,,614.1,4.2,131.5,,124.3,14.5,26.5,191.2,84.6,28.8,,,5.0,中感稻瘟病,7.0,感白叶枯病,9.0,,,69.2,0.4,,17.0,82.0,2.9,6.9,,《食用稻品种品质》,True,安徽荃银高科种业股份有限公司,479,Middle-Lower Yangtze,Single/Mid,Three-line hybrid,Enterprise,1,,1.0,True,False,False
5016,荃优836,国审稻20226073,2022.0,国审,,True,True,False,籼,中稻,长江中下游中籼迟熟组,632.8,4.7,,608.5,3.2,131.9,,117.5,14.9,25.5,209.1,85.7,26.3,,,5.0,中感稻瘟病,7.0,感白叶枯病,9.0,,,70.0,0.3,,16.8,81.0,2.9,6.9,,《食用稻品种品质》,True,安徽荃银高科种业股份有限公司,479,Middle-Lower Yangtze,Single/Mid,Three-line hybrid,Enterprise,1,,1.0,True,False,False
5964,时两优泰香,国审稻20226077,2022.0,国审,,True,False,True,籼,中稻,长江中下游中籼迟熟组,600.2,0.8,,595.7,1.1,128.0,,117.6,17.9,25.7,174.2,83.9,23.0,,,5.0,中感稻瘟病,5.0,中感白叶枯病,9.0,,,65.1,0.7,,15.7,73.0,3.5,6.8,,《食用稻品种品质》,True,安徽荃银高科种业股份有限公司,477,Middle-Lower Yangtze,Single/Mid,Two-line hybrid,Enterprise,1,,1.0,True,False,False
4473,玮两优馥香占,国审稻20226086,2022.0,国审,,True,False,True,籼,中稻,长江中下游中籼迟熟组,626.0,5.0,,613.0,4.0,136.9,,128.0,15.6,26.1,205.7,82.5,24.8,,,5.0,中感稻瘟病,7.0,感白叶枯病,9.0,,,63.7,0.2,,14.6,75.0,3.7,6.8,,《食用稻品种品质》,False,广西恒茂农业科技有限公司,477,Middle-Lower Yangtze,Single/Mid,Two-line hybrid,Enterprise,1,,1.0,True,False,False
5900,昱香两优馥香占,国审稻20226091,2022.0,国审,,True,False,True,籼,中稻,长江中下游中籼迟熟组,,,,,,126.7,,114.8,17.6,26.4,186.4,83.7,21.5,,,7.0,感稻瘟病,7.0,感白叶枯病,9.0,,,68.3,0.1,,17.4,63.0,4.0,7.0,,《食用稻品种品质》,False,广西恒茂农业科技有限公司,410,Middle-Lower Yangtze,Single/Mid,Two-line hybrid,Enterprise,1,,0.0,True,False,False
4809,洁田稻001,国审稻20226104,2022.0,国审,,False,False,False,籼,,长江中下游麦茬籼稻组,598.1,-1.3,,574.9,0.8,122.1,,101.2,18.7,24.5,170.0,83.3,21.8,,,5.0,中感稻瘟病,5.0,中感白叶枯病,9.0,,,66.6,0.0,,17.0,76.0,3.5,6.9,,《食用稻品种品质》,True,安徽荃银高科种业股份有限公司,484,Middle-Lower Yangtze,Single/Mid,Inbred/Other,Enterprise,1,,1.0,True,False,False
7285,奥晶香,国审稻20226108,2022.0,国审,,False,False,False,籼,双季,长江中下游晚籼早熟组,588.7,2.3,,604.1,1.8,115.6,,104.7,20.1,23.6,163.5,80.8,25.2,,,5.0,中感稻瘟病,9.0,高感白叶枯病,9.0,,耐冷性5级,55.0,0.7,,15.1,72.0,4.5,6.2,,《食用稻品种品质》,False,湖南奥谱隆科技股份有限公司,496,Middle-Lower Yangtze,Late,Inbred/Other,Enterprise,1,,1.0,True,False,False
7674,爽两优泰珍,国审稻20226113,2022.0,国审,,True,False,True,籼,双季,长江中下游晚籼早熟组,595.3,3.6,,556.0,4.9,119.3,,119.3,18.2,24.8,175.1,77.9,27.3,,,5.0,中感稻瘟病,7.0,感白叶枯病,9.0,,耐冷性7级,64.0,1.0,,17.0,68.0,3.7,7.0,,《食用稻品种品质》,False,西科农业集团股份有限公司,490,Middle-Lower Yangtze,Late,Two-line hybrid,Enterprise,1,,1.0,True,False,False
4672,桃源香丝苗,国审稻20226115,2022.0,国审,,False,False,False,籼,双季,长江中下游晚籼早熟组,598.2,3.4,,614.0,2.4,117.1,,110.1,20.1,22.7,186.0,82.4,22.8,,,,,,,,,,,,,,,,,,,False,湖南桃花源农业科技股份有限公司,281,Middle-Lower Yangtze,Late,Inbred/Other,Enterprise,1,,,False,False,False
6425,新两优611,国审稻20226116,2022.0,国审,,True,False,True,籼,双季,长江中下游晚籼早熟组,582.2,3.1,,577.0,4.3,119.5,,102.0,19.4,24.2,173.0,80.7,23.4,,,5.0,中感稻瘟病,5.0,中感白叶枯病,9.0,,耐冷性中级,67.2,0.4,,16.3,74.0,3.1,6.9,,《食用稻品种品质》,True,安徽荃银高科种业股份有限公司,493,Middle-Lower Yangtze,Late,Two-line hybrid,Enterprise,1,,1.0,True,False,False
6031,贵优柔丝,国审稻20226125,2022.0,国审,,True,True,False,籼,双季,华南感光晚籼组,478.4,-0.9,,487.9,1.1,113.6,,106.7,17.8,23.7,173.8,78.9,20.9,,,7.0,感稻瘟病,7.0,感白叶枯病,9.0,,,66.0,1.0,,16.4,61.0,4.0,7.0,,《食用稻品种品质》,False,中国种子集团有限公司,468,South China,Late,Three-line hybrid,Enterprise,1,,0.0,True,False,False
6990,万丰优98丝苗,国审稻20226128,2022.0,国审,,True,True,False,籼,双季,华南感光晚籼组,514.0,5.5,,529.8,5.9,112.9,,112.1,18.3,22.1,170.6,84.9,22.3,,,3.0,中抗稻瘟病,3.0,中抗白叶枯病,9.0,,,70.0,3.3,,16.0,74.0,3.2,6.5,,《食用稻品种品质》,False,湖南袁创超级稻技术有限公司,477,South China,Late,Three-line hybrid,Enterprise,1,,1.0,False,False,False
7540,长两优88,国审稻20226132,2022.0,国审,,True,False,True,籼,中稻,长江中下游中籼迟熟组,651.0,5.1,丰两优四号,618.0,,133.6,,119.3,17.4,25.5,173.5,86.5,24.5,,,3.0,中抗稻瘟病,5.0,中感白叶枯病,9.0,抽穗期耐热性强,,59.8,0.4,,14.8,76.7,3.6,5.1,,《食用稻品种品质》,False,合肥丰乐种业股份有限公司,489,Middle-Lower Yangtze,Single/Mid,Two-line hybrid,Enterprise,1,,1.0,False,False,False
7399,禾广丝苗,国审稻20231001,2023.0,国审,,False,False,False,籼,双季,华南早籼组,511.7,-1.2,,498.5,2.9,126.5,,108.1,17.9,22.7,148.9,85.6,24.0,,,5.0,中感稻瘟病,7.0,感白叶枯病,,,,60.2,0.4,,15.0,79.0,3.0,6.5,,《食用稻品种品质》,False,广东省农业科学院水稻研究所,441,South China,Early,Inbred/Other,Public,1,,1.0,True,False,False
4599,荃香优香66,国审稻20231010,2023.0,国审,,True,True,False,籼,中稻,长江上游中籼迟熟组,655.6,4.9,,621.1,3.4,149.6,,115.2,17.2,24.0,190.4,86.5,24.4,,,5.0,中感稻瘟病,,,9.0,耐热性3级,耐冷性3级,55.8,0.6,,18.1,68.0,3.7,6.9,,《食用稻品种品质》,True,安徽荃银高科种业股份有限公司,458,Upper Yangtze,Single/Mid,Three-line hybrid,Enterprise,1,,1.0,True,False,False
7711,荃优212,国审稻20231011,2023.0,国审,,True,True,False,籼,中稻,长江上游中籼迟熟组,614.3,-0.4,,629.3,4.6,154.4,,115.3,15.0,25.0,194.5,81.9,28.3,,,7.0,感稻瘟病,,,9.0,耐热性3级,耐冷性5级,60.6,1.0,,17.1,73.0,3.0,6.8,,《食用稻品种品质》,True,福建省农业科学院水稻研究所、安徽荃银高科种业股份有限公司,459,Upper Yangtze,Single/Mid,Three-line hybrid,Joint,2,,0.0,True,False,False
7772,两优5043,国审稻20231019,2023.0,国审,,True,False,True,籼,中稻,长江中下游中籼迟熟组,670.5,9.2,,693.4,8.0,135.4,,119.4,18.1,23.4,193.6,82.6,24.3,,,3.0,中抗稻瘟病,5.0,中感白叶枯病,9.0,,,58.6,2.0,,16.3,76.0,3.0,0.0,,《食用稻品种品质》,False,安徽省农业科学院水稻研究所,449,Middle-Lower Yangtze,Single/Mid,Two-line hybrid,Public,1,,1.0,False,False,False
6116,荃两优6019,国审稻20231021,2023.0,国审,,True,False,True,籼,中稻,长江中下游中籼迟熟组,665.6,8.4,,689.6,7.4,133.8,,126.0,16.0,24.1,210.8,80.6,26.0,,,5.0,中感稻瘟病,7.0,感白叶枯病,9.0,,,60.9,2.0,,14.4,73.0,3.0,6.6,,《食用稻品种品质》,True,安徽荃银高科种业股份有限公司,451,Middle-Lower Yangtze,Single/Mid,Two-line hybrid,Enterprise,1,,1.0,True,False,False
6854,荃优1802,国审稻20231022,2023.0,国审,,True,True,False,籼,中稻,长江中下游中籼迟熟组,644.6,6.4,,622.3,5.9,132.1,,121.9,14.9,26.5,183.3,86.9,29.1,,,5.0,中感稻瘟病,7.0,感白叶枯病,9.0,,,50.7,1.5,,16.4,81.0,3.1,6.4,,,True,安徽荃丰种业科技有限公司,423,Middle-Lower Yangtze,Single/Mid,Three-line hybrid,Enterprise,1,,1.0,True,False,False
7853,缘两优1612,国审稻20231025,2023.0,国审,,True,False,True,籼,中稻,长江中下游中籼迟熟组,662.7,7.2,,599.8,3.4,132.8,,127.0,15.5,26.3,208.3,83.4,26.4,,,5.0,中感稻瘟病,5.0,中感白叶枯病,9.0,,,59.1,2.2,,15.1,79.0,3.1,6.3,,《食用稻品种品质》,False,江苏里下河地区农业科学研究所,451,Middle-Lower Yangtze,Single/Mid,Two-line hybrid,Public,1,,1.0,True,False,False
6558,筑优筑农丝苗,国审稻20231027,2023.0,国审,,True,True,False,籼,中稻,长江中下游中籼迟熟组,655.9,6.7,,680.0,5.9,131.1,,122.7,15.6,25.4,186.1,87.2,28.1,,,5.0,中感稻瘟病,5.0,中感白叶枯病,9.0,,,52.6,2.9,,17.4,82.0,2.9,6.7,,《食用稻品种品质》,False,安徽昇谷农业科技有限公司,451,Middle-Lower Yangtze,Single/Mid,Three-line hybrid,Enterprise,1,,1.0,True,False,False
7369,色香优明月丝苗,国审稻20231033,2023.0,国审,,True,True,False,籼,双季,长江中下游晚籼早熟组,595.7,2.3,,545.7,1.2,117.5,,110.8,22.4,24.4,190.3,77.3,20.3,,,5.0,中感稻瘟病,7.0,感白叶枯病,1.0,,耐冷性1级,52.4,0.3,,17.8,69.0,4.0,7.0,,《食用稻品种品质》,False,江西天稻粮安种业有限公司、广西绿海种业有限公司、江西农业大学农学院,459,Middle-Lower Yangtze,Late,Three-line hybrid,Joint,3,,1.0,True,False,False
7529,臻两优泰丝,国审稻20231036,2023.0,国审,,True,False,True,籼,中稻,武陵山区中籼组,569.0,-4.0,,590.6,4.0,152.5,,119.9,17.0,24.3,163.5,81.7,26.3,,,1.0,抗稻瘟病,,,,,耐冷性5级,58.9,4.3,,16.5,68.0,3.3,5.2,,《食用稻品种品质》,False,湖南亚华种业有限公司,429,Wuling Mountains,Single/Mid,Two-line hybrid,Enterprise,1,,1.0,False,False,False
7112,臻两优钰占,国审稻20231037,2023.0,国审,,True,False,True,籼,中稻,武陵山区中籼组,583.9,-1.4,,557.1,1.9,152.8,,119.9,17.0,25.4,171.0,81.3,26.0,,,1.0,抗稻瘟病,,,,,耐冷性3级,58.5,2.9,,15.4,66.0,3.4,5.0,,《食用稻品种品质》,False,湖南亚华种业科学研究院,429,Wuling Mountains,Single/Mid,Two-line hybrid,Enterprise,1,,1.0,False,False,False
6991,哈勃208,国审稻20231038,2023.0,国审,,False,False,False,粳,,国家黄淮海粳稻组,665.2,6.23,,690.3,6.85,150.7,,92.5,20.7,16.5,155.7,88.3,25.8,,,,中感稻瘟病,,,,,,72.1,3.0,,15.3,,1.8,7.0,,《食用稻品种品质》,False,河南正艺达种业有限公司、无锡哈勃生物种业技术研究院有限公司,435,North/Huanghuai,Single/Mid,Inbred/Other,Enterprise,2,,,True,False,False
5127,吨两优丝占,国审稻20232001,2023.0,国审,,True,False,True,籼,双季,华南早籼组,541.3,3.6,,531.0,2.7,121.5,,104.2,18.5,22.9,161.1,86.8,23.4,,,3.0,中抗稻瘟病,7.0,感白叶枯病,9.0,耐热性5级,耐冷性5级,69.8,2.4,,16.4,60.0,3.2,6.5,,《食用稻品种品质》,False,湖南袁创超级稻技术有限公司,2132,South China,Early,Two-line hybrid,Enterprise,1,,1.0,False,False,False
7413,康两优911,国审稻20232002,2023.0,国审,,True,False,True,籼,双季,华南早籼组,544.0,4.1,,541.6,4.7,123.6,,108.3,16.9,25.8,182.3,84.1,23.7,,,3.0,中抗稻瘟病,9.0,高感白叶枯病,,,,69.9,4.0,,16.1,62.0,3.1,6.4,,《食用稻品种品质》,False,湖南袁创超级稻技术有限公司,450,South China,Early,Two-line hybrid,Enterprise,1,,1.0,False,False,False
6641,玮两优钰占,国审稻20232005,2023.0,国审,,True,False,True,籼,双季,华南早籼组,525.8,1.4,,537.4,2.3,126.9,,118.8,19.1,24.4,143.8,79.6,24.9,,,3.0,中抗稻瘟病,7.0,感白叶枯病,,,,62.7,3.0,,16.4,67.0,3.8,6.2,,《食用稻品种品质》,False,袁隆平农业高科技股份有限公司,448,South China,Early,Two-line hybrid,Enterprise,1,,1.0,False,False,False
6088,川种优油晶,国审稻20232008,2023.0,国审,,True,True,False,籼,中稻,长江上游中籼迟熟组,659.6,4.9,,668.1,4.9,153.0,,114.2,16.1,25.3,204.7,85.3,24.7,,,7.0,感稻瘟病,,,9.0,耐热性3级,耐冷性3级,69.2,2.3,,16.7,63.0,3.1,6.4,,《食用稻品种品质》,False,中国种子集团有限公司,456,Upper Yangtze,Single/Mid,Three-line hybrid,Enterprise,1,,0.0,True,False,False
7512,玮两优8549,国审稻20232011,2023.0,国审,,True,False,True,籼,中稻,长江上游中籼迟熟组,646.5,2.6,,628.1,0.2,151.8,,114.0,17.1,24.2,188.2,86.3,24.7,,,7.0,感稻瘟病,7.0,感白叶枯病,9.0,耐热性5级,耐冷性3级,71.2,1.8,,16.5,64.0,3.5,6.4,,《食用稻品种品质》,False,袁隆平农业高科技股份有限公司,1287,Upper Yangtze,Single/Mid,Two-line hybrid,Enterprise,1,,0.0,True,False,False
3382,玮两优8612,国审稻20232012,2023.0,国审,,True,False,True,籼,中稻,长江上游中籼迟熟组,683.0,4.5,,676.4,4.2,150.9,,118.0,15.8,25.7,196.3,85.5,27.0,,,3.0,中抗稻瘟病,,,9.0,耐热性5级,耐冷性1级,71.2,4.4,,15.3,72.0,3.0,3.5,,,False,袁隆平农业高科技股份有限公司,431,Upper Yangtze,Single/Mid,Two-line hybrid,Enterprise,1,,1.0,False,False,False
7627,扬籼优912,国审稻20232014,2023.0,国审,,True,True,False,籼,中稻,长江上游中籼迟熟组,660.4,6.2,,655.5,7.2,152.0,,119.0,14.3,25.8,209.5,82.8,28.7,,,5.0,中感稻瘟病,,,9.0,耐热性3级,耐冷性5级,67.5,0.3,,19.6,82.0,3.0,6.6,,《食用稻品种品质》,False,湖北省种子集团有限公司、江苏里下河地区农业科学研究所,459,Upper Yangtze,Single/Mid,Three-line hybrid,Joint,2,,1.0,True,False,False
4925,昌两优135,国审稻20232015,2023.0,国审,,True,False,True,籼,中稻,长江中下游中籼迟熟组,615.5,2.2,,586.6,0.9,134.0,,119.4,17.6,27.7,183.0,83.8,22.9,,,5.0,中感稻瘟病,7.0,感白叶枯病,9.0,,,58.8,0.2,,17.0,73.0,3.9,7.0,,《食用稻品种品质》,False,广西恒茂农业科技有限公司,452,Middle-Lower Yangtze,Single/Mid,Two-line hybrid,Enterprise,1,,1.0,True,False,False
4869,吨两优818,国审稻20232018,2023.0,国审,,True,False,True,籼,中稻,长江中下游中籼迟熟组,689.6,6.6,,732.1,6.0,133.4,,120.3,16.1,25.4,230.0,85.6,23.8,,,5.0,中感稻瘟病,7.0,感白叶枯病,9.0,,,67.2,4.3,,15.5,72.0,3.1,5.9,,《食用稻品种品质》,False,湖南袁创超级稻技术有限公司,452,Middle-Lower Yangtze,Single/Mid,Two-line hybrid,Enterprise,1,,1.0,True,False,False
7645,吨两优901,国审稻20232019,2023.0,国审,,True,False,True,籼,中稻,长江中下游中籼迟熟组,679.9,5.1,,723.2,4.7,132.7,,110.6,17.5,24.0,205.8,86.0,23.7,,,5.0,中感稻瘟病,5.0,中感白叶枯病,9.0,,,67.0,4.2,,16.2,72.0,3.2,6.2,,《食用稻品种品质》,False,湖南袁创超级稻技术有限公司,453,Middle-Lower Yangtze,Single/Mid,Two-line hybrid,Enterprise,1,,1.0,True,False,False
6702,吨两优龙丝,国审稻20232020,2023.0,国审,,True,False,True,籼,中稻,长江中下游中籼迟熟组,681.4,5.3,,731.8,5.9,135.1,,122.1,16.8,25.5,213.5,86.8,24.0,,,5.0,中感稻瘟病,7.0,感白叶枯病,9.0,,,67.7,3.5,,16.4,63.0,3.2,6.4,,《食用稻品种品质》,False,湖南袁创超级稻技术有限公司,451,Middle-Lower Yangtze,Single/Mid,Two-line hybrid,Enterprise,1,,1.0,True,False,False
7474,富两优607,国审稻20232023,2023.0,国审,,True,False,True,籼,中稻,长江中下游中籼迟熟组,632.2,5.3,,622.7,4.8,131.9,,127.0,16.9,23.5,196.8,83.8,23.8,,,3.0,中抗稻瘟病,9.0,高感白叶枯病,9.0,,,69.1,1.5,,16.5,65.0,3.4,6.2,,《食用稻品种品质》,False,中国种子集团有限公司,458,Middle-Lower Yangtze,Single/Mid,Two-line hybrid,Enterprise,1,,1.0,False,False,False
6361,华中优9367,国审稻20232031,2023.0,国审,,True,True,False,籼,中稻,长江中下游中籼迟熟组,640.2,4.4,,660.4,4.6,134.7,,119.4,15.0,25.7,243.4,78.7,25.7,,,7.0,感稻瘟病,7.0,感白叶枯病,9.0,,,64.9,2.7,,16.3,76.0,2.5,6.9,,《食用稻品种品质》,False,浙江勿忘农种业股份有限公司,454,Middle-Lower Yangtze,Single/Mid,Three-line hybrid,Enterprise,1,,0.0,True,False,False
6340,荃科优822,国审稻20232043,2023.0,国审,,True,True,False,籼,中稻,长江中下游中籼迟熟组,634.0,6.4,,610.4,6.3,131.2,,116.3,16.4,25.6,196.2,84.7,25.1,,,5.0,中感稻瘟病,5.0,中感白叶枯病,9.0,,,66.3,0.5,,18.1,78.0,3.2,7.0,,《食用稻品种品质》,True,安徽荃银高科种业股份有限公司,456,Middle-Lower Yangtze,Single/Mid,Three-line hybrid,Enterprise,1,,1.0,True,False,False
7384,荃两优香66,国审稻20232045,2023.0,国审,,True,False,True,籼,中稻,长江中下游中籼迟熟组,624.6,3.7,,591.2,1.7,130.3,,126.5,16.5,23.8,188.0,83.8,25.2,,,5.0,中感稻瘟病,7.0,感白叶枯病,9.0,,,61.9,0.5,,17.9,76.0,3.6,7.0,,《食用稻品种品质》,True,安徽荃银高科种业股份有限公司,455,Middle-Lower Yangtze,Single/Mid,Two-line hybrid,Enterprise,1,,1.0,True,False,False
7316,荃香优1606,国审稻20232048,2023.0,国审,,True,True,False,籼,中稻,长江中下游中籼迟熟组,613.8,1.5,,576.6,1.7,130.1,,124.0,16.4,25.6,193.7,83.8,24.1,,,5.0,中感稻瘟病,9.0,高感白叶枯病,9.0,,,61.0,0.6,,17.5,73.0,3.3,7.0,,《食用稻品种品质》,True,安徽荃银高科种业股份有限公司,456,Middle-Lower Yangtze,Single/Mid,Three-line hybrid,Enterprise,1,,1.0,True,False,False
6662,荃优6019,国审稻20232050,2023.0,国审,,True,True,False,籼,中稻,长江中下游中籼迟熟组,642.0,6.2,,628.0,7.1,133.9,,125.9,15.3,26.6,198.0,82.1,28.0,,,5.0,中感稻瘟病,5.0,中感白叶枯病,9.0,,,67.3,1.0,,16.8,77.0,2.9,6.9,,《食用稻品种品质》,True,安徽荃银高科种业股份有限公司,458,Middle-Lower Yangtze,Single/Mid,Three-line hybrid,Enterprise,1,,1.0,True,False,False
7286,荃优879,国审稻20232051,2023.0,国审,,True,True,False,籼,中稻,长江中下游中籼迟熟组,650.2,9.2,,602.4,4.9,131.3,,123.1,15.3,25.6,189.1,85.2,29.0,,,5.0,中感稻瘟病,5.0,中感白叶枯病,9.0,,,60.6,1.5,,19.9,77.0,3.0,7.0,,《食用稻品种品质》,True,安徽荃银高科种业股份有限公司,457,Middle-Lower Yangtze,Single/Mid,Three-line hybrid,Enterprise,1,,1.0,True,False,False
6068,荃优香66,国审稻20232052,2023.0,国审,,True,True,False,籼,中稻,长江中下游中籼迟熟组,638.3,5.6,,608.8,3.8,130.8,,126.4,16.0,26.3,181.2,85.8,26.8,,,5.0,中感稻瘟病,5.0,中感白叶枯病,9.0,,,66.9,0.2,,17.2,76.0,3.4,6.9,,《食用稻品种品质》,True,安徽荃银高科种业股份有限公司,457,Middle-Lower Yangtze,Single/Mid,Three-line hybrid,Enterprise,1,,1.0,True,False,False
6021,炫两优8612,国审稻20232060,2023.0,国审,,True,False,True,籼,中稻,长江中下游中籼迟熟组,646.0,4.6,,659.2,5.5,128.1,,118.7,18.0,26.6,191.2,87.1,24.1,,,3.0,中抗稻瘟病,5.0,中感白叶枯病,9.0,,,66.8,5.4,,16.2,73.0,3.0,5.1,,,False,袁隆平农业高科技股份有限公司,426,Middle-Lower Yangtze,Single/Mid,Two-line hybrid,Enterprise,1,,1.0,False,False,False
6725,协禾优822,国审稻20232067,2023.0,国审,,True,True,False,籼,双季,长江中下游麦茬籼稻组,575.5,0.0,,574.8,1.4,122.1,,113.8,19.0,25.9,178.5,79.2,23.8,,,5.0,中感稻瘟病,7.0,感白叶枯病,9.0,,耐冷性5级,58.0,0.3,,16.6,76.0,4.1,7.0,,《食用稻品种品质》,True,安徽荃银高科种业股份有限公司,880,Middle-Lower Yangtze,Single/Mid,Three-line hybrid,Enterprise,1,,1.0,True,False,False
6161,乐优香丝一号,国审稻20232078,2023.0,国审,,True,True,False,籼,双季,长江中下游晚籼早熟组,633.9,5.1,,619.7,6.3,116.5,,113.3,21.7,22.9,169.8,85.1,24.4,,,5.0,中感稻瘟病,5.0,中感白叶枯病,9.0,,耐冷性5级,65.6,1.0,,18.2,67.0,3.4,6.8,,《食用稻品种品质》,False,合肥丰乐种业股份有限公司,466,Middle-Lower Yangtze,Late,Three-line hybrid,Enterprise,1,,1.0,True,False,False
6642,振优619,国审稻20232083,2023.0,国审,,True,True,False,籼,双季,长江中下游晚籼中迟熟组,621.7,3.4,,609.6,2.8,111.6,,110.7,19.5,23.6,168.0,86.7,25.8,,,5.0,中感稻瘟病,5.0,中感白叶枯病,9.0,,耐冷性1级,59.9,5.0,,17.4,60.0,4.1,6.2,,《食用稻品种品质》,False,北京金色农华种业科技股份有限公司、江西先农种业有限公司、湖南金色农华种业科技有限公司,461,Middle-Lower Yangtze,Late,Three-line hybrid,Enterprise,3,,1.0,True,False,False
7358,嘉禾优175,国审稻20232084,2023.0,国审,,True,True,False,粳,中稻,长江中下游单季晚粳组,626.6,1.5,,665.9,5.3,136.5,,124.3,16.3,24.2,209.0,78.9,26.6,,,5.0,中感稻瘟病,5.0,中感白叶枯病,9.0,,,65.7,0.8,,19.8,76.0,3.2,6.9,,《食用稻品种品质》,True,上海中科荃银分子育种技术有限公司,888,Middle-Lower Yangtze,Late,Three-line hybrid,Enterprise,1,,1.0,True,False,False
7610,长田优405,国审稻20233001,2023.0,国审,,True,True,False,籼,双季,华南早籼组,545.6,5.9,,514.5,5.9,122.8,,106.9,18.2,23.4,157.4,86.7,23.5,,,5.0,中感稻瘟病,9.0,高感白叶枯病,,,,47.2,0.3,,16.5,74.0,4.1,6.6,,,False,江西红一种业科技股份有限公司,418,South China,Early,Three-line hybrid,Enterprise,1,,1.0,True,False,False
6217,华浙优210,国审稻20233002,2023.0,国审,,True,True,False,籼,双季,华南早籼组,557.4,7.0,,510.9,5.1,124.2,,116.1,18.7,23.0,162.9,86.4,23.0,,,3.0,中抗稻瘟病,9.0,高感白叶枯病,,,,64.0,0.2,,17.3,73.0,3.2,7.0,,《食用稻品种品质》,False,中国水稻研究所,453,South China,Early,Three-line hybrid,Public,1,,1.0,False,False,False
7765,华浙优281,国审稻20233003,2023.0,国审,,True,True,False,籼,双季,华南早籼组,552.2,5.8,,508.5,4.6,123.8,,118.7,19.4,22.7,168.0,84.9,21.7,,,3.0,中抗稻瘟病,9.0,高感白叶枯病,,,,64.7,0.2,,17.3,68.0,3.2,7.0,,《食用稻品种品质》,False,湖南金健种业科技有限公司,451,South China,Early,Three-line hybrid,Enterprise,1,,1.0,False,False,False
3816,中早83,国审稻20233014,2023.0,国审,,False,False,False,籼,双季,长江中下游早籼早中熟组,552.3,4.6,,536.6,5.8,112.1,,92.5,19.0,20.4,147.9,83.5,27.0,,,3.0,中抗稻瘟病,9.0,高感白叶枯病,,,,41.5,16.9,,28.3,77.0,2.0,5.2,,,False,中国水稻研究所,424,Middle-Lower Yangtze,Early,Inbred/Other,Public,1,,1.0,False,False,False
7694,津两优1122,国审稻20233022,2023.0,国审,,True,False,True,籼,中稻,长江上游中籼迟熟组,658.9,7.4,,653.0,5.5,154.6,,110.1,17.2,24.4,198.7,85.7,24.5,,,5.0,中感稻瘟病,5.0,中感白叶枯病,9.0,耐热性3级,耐冷性3级,64.6,1.0,,17.6,69.0,3.1,6.7,,《食用稻品种品质》,False,湖南金健种业科技有限公司,875,Upper Yangtze,Single/Mid,Two-line hybrid,Enterprise,1,,1.0,True,False,False
7492,九优贝贝,国审稻20233023,2023.0,国审,,True,True,False,籼,中稻,长江上游中籼迟熟组,683.9,3.2,,677.7,4.3,152.9,,110.2,15.8,26.1,189.3,86.5,27.5,,,5.0,中感稻瘟病,,,9.0,耐热性3级,耐冷性5级,70.2,1.0,,17.1,62.0,3.9,6.6,,《食用稻品种品质》,True,安徽荃银超大种业有限公司,462,Upper Yangtze,Single/Mid,Three-line hybrid,Enterprise,1,,1.0,True,False,False
7826,粒香优旌占,国审稻20233026,2023.0,国审,,True,True,False,籼,中稻,长江上游中籼迟熟组,655.3,2.8,,631.8,3.6,151.4,,122.6,15.1,28.4,221.5,82.7,24.9,,,5.0,中感稻瘟病,,,9.0,耐热性3级,耐冷性5级,63.0,3.9,,18.5,68.0,3.9,6.1,,《食用稻品种品质》,False,四川旌洋农业科技有限责任公司,457,Upper Yangtze,Single/Mid,Three-line hybrid,Enterprise,1,,1.0,True,False,False
6634,品香优308,国审稻20233031,2023.0,国审,,True,True,False,籼,中稻,长江上游中籼迟熟组,678.9,4.6,,672.5,5.0,151.6,,115.1,16.5,25.0,189.7,85.7,26.6,,,5.0,中感稻瘟病,,,9.0,耐热性3级,耐冷性3级,66.6,1.7,,15.7,75.0,3.3,6.7,,《食用稻品种品质》,False,成都科瑞农业研究中心,460,Upper Yangtze,Single/Mid,Three-line hybrid,Public,1,,1.0,True,False,False
6626,色香优臻占,国审稻20233036,2023.0,国审,,True,True,False,籼,中稻,长江上游中籼迟熟组,634.9,4.4,,625.4,4.5,150.8,,123.5,16.1,25.7,190.1,87.5,26.1,,,3.0,中抗稻瘟病,,,9.0,耐热性3级,耐冷性3级,46.1,0.4,,15.6,80.0,3.8,6.7,,,False,三明市农业科学研究院,430,Upper Yangtze,Single/Mid,Three-line hybrid,Unknown,1,,1.0,False,False,False
6535,扬9优986,国审稻20233046,2023.0,国审,,True,True,False,籼,中稻,长江上游中籼迟熟组,646.5,6.9,,589.3,6.6,150.3,,120.2,14.9,25.5,194.7,83.8,29.2,,,5.0,中感稻瘟病,,,9.0,耐热性3级,耐冷性5级,61.2,5.3,,13.6,81.0,2.9,4.5,,,False,江苏明天种业科技股份有限公司,432,Upper Yangtze,Single/Mid,Three-line hybrid,Enterprise,1,,1.0,True,False,False
4873,品香优秱珍,国审稻20233056,2023.0,国审,,True,True,False,籼,中稻,长江中下游中籼迟熟组,632.3,6.9,,624.9,7.9,132.9,,125.3,15.4,27.0,192.4,85.0,29.7,,,5.0,中感稻瘟病,9.0,高感白叶枯病,9.0,,,59.5,7.4,,14.9,59.0,3.1,6.1,,,False,四川丰大种业有限公司,420,Middle-Lower Yangtze,Single/Mid,Three-line hybrid,Enterprise,1,,1.0,True,False,False
6505,春两优1188,国审稻20233066,2023.0,国审,,True,False,True,籼,中稻,长江中下游中籼迟熟组,622.1,4.2,,582.0,3.5,128.5,,118.6,17.2,24.0,190.6,84.3,24.6,,,5.0,中感稻瘟病,9.0,高感白叶枯病,9.0,,,66.9,1.2,,16.6,53.0,3.8,5.0,,《食用稻品种品质》,False,安徽理想种业有限公司,452,Middle-Lower Yangtze,Single/Mid,Two-line hybrid,Enterprise,1,,1.0,True,False,False
7044,果两优541,国审稻20233075,2023.0,国审,,True,False,True,籼,中稻,长江中下游中籼迟熟组,640.4,4.7,,615.8,3.3,133.7,,127.0,17.6,26.3,209.1,81.2,21.4,,,5.0,中感稻瘟病,7.0,感白叶枯病,9.0,,,59.7,0.6,,22.8,17.0,4.1,6.8,,《食用稻品种品质》,False,长沙竹莉香农业科技有限公司,449,Middle-Lower Yangtze,Single/Mid,Two-line hybrid,Enterprise,1,,1.0,True,False,False
6195,汇两优莹丝,国审稻20233084,2023.0,国审,,True,False,True,籼,中稻,长江中下游中籼迟熟组,633.8,4.6,,650.7,5.3,132.7,,118.5,17.4,25.5,199.8,85.7,25.0,,,5.0,中感稻瘟病,1.0,抗白叶枯病,9.0,,,65.4,4.4,,16.8,56.0,3.5,5.5,,《食用稻品种品质》,False,四川嘉禾种子有限公司,451,Middle-Lower Yangtze,Single/Mid,Two-line hybrid,Enterprise,1,,1.0,True,False,False
5965,科优丝苗,国审稻20233095,2023.0,国审,,True,True,False,籼,中稻,长江中下游中籼迟熟组,639.6,3.6,,653.4,3.3,133.8,,117.2,17.4,24.4,186.5,81.6,26.0,,,5.0,中感稻瘟病,5.0,中感白叶枯病,9.0,,,68.2,0.3,,17.0,78.0,3.3,7.0,,《食用稻品种品质》,True,上海中科荃银分子育种技术有限公司,452,Middle-Lower Yangtze,Single/Mid,Three-line hybrid,Enterprise,1,,1.0,True,False,False
4402,两优九泰丝苗,国审稻20233111,2023.0,国审,,True,False,True,籼,中稻,长江中下游中籼迟熟组,640.8,6.3,,631.3,5.3,129.0,,114.2,16.7,23.3,203.6,83.2,24.3,,,5.0,中感稻瘟病,5.0,中感白叶枯病,9.0,,,60.8,0.1,,17.1,67.0,3.1,7.0,,《食用稻品种品质》,False,福建省福瑞华安种业科技有限公司,453,Middle-Lower Yangtze,Single/Mid,Two-line hybrid,Enterprise,1,,1.0,True,False,False
6612,荃优玉稻,国审稻20233131,2023.0,国审,,True,True,False,籼,中稻,长江中下游中籼迟熟组,660.3,7.7,,658.7,8.5,131.2,,122.2,16.4,26.2,204.1,84.7,25.6,,,7.0,感稻瘟病,7.0,感白叶枯病,9.0,,,58.6,1.0,,16.8,73.0,3.0,6.9,,《食用稻品种品质》,True,安徽华安种业有限责任公司,451,Middle-Lower Yangtze,Single/Mid,Three-line hybrid,Enterprise,1,,0.0,True,False,False
3151,硕两优6399,国审稻20233136,2023.0,国审,,True,False,True,籼,中稻,长江中下游中籼迟熟组,609.9,6.3,,613.3,7.4,131.9,,123.5,15.7,24.1,190.3,84.5,25.9,,,5.0,中感稻瘟病,5.0,中感白叶枯病,9.0,,,69.4,6.1,,17.0,73.0,3.2,3.5,,,False,江苏悦丰种业科技有限公司,426,Middle-Lower Yangtze,Single/Mid,Two-line hybrid,Enterprise,1,,1.0,True,False,False
3978,丝香优香丝,国审稻20233137,2023.0,国审,,True,True,False,籼,中稻,长江中下游中籼迟熟组,614.0,2.8,,587.9,2.8,128.3,,119.6,17.3,25.9,205.3,83.1,22.2,,,5.0,中感稻瘟病,7.0,感白叶枯病,9.0,,,58.9,1.6,,15.8,69.0,4.0,6.3,,《食用稻品种品质》,False,广西兆和种业有限公司,448,Middle-Lower Yangtze,Single/Mid,Three-line hybrid,Enterprise,1,,1.0,True,False,False
5353,太两优香丝,国审稻20233138,2023.0,国审,,True,False,True,籼,中稻,长江中下游中籼迟熟组,641.9,2.0,,637.7,5.9,127.8,,118.5,18.0,27.2,188.0,84.0,23.5,,,5.0,中感稻瘟病,5.0,中感白叶枯病,9.0,,,67.4,2.1,,18.2,63.0,4.0,6.6,,《食用稻品种品质》,False,长沙碧盈农业科技有限公司,454,Middle-Lower Yangtze,Single/Mid,Two-line hybrid,Enterprise,1,,1.0,True,False,False
4726,文两优7号,国审稻20233144,2023.0,国审,,True,False,True,籼,中稻,长江中下游中籼迟熟组,650.6,4.6,,621.1,3.8,132.1,,123.5,17.4,25.4,198.9,84.7,24.2,,,3.0,中抗稻瘟病,5.0,中感白叶枯病,9.0,,,65.8,1.7,,16.3,60.0,3.9,6.6,,《食用稻品种品质》,False,绵阳致道农业科技有限公司,454,Middle-Lower Yangtze,Single/Mid,Two-line hybrid,Enterprise,1,,1.0,False,False,False
6496,文两优慧丝,国审稻20233146,2023.0,国审,,True,False,True,籼,中稻,长江中下游中籼迟熟组,631.8,5.6,,607.7,4.3,136.7,,121.3,18.4,27.6,192.4,84.1,24.0,,,3.0,中抗稻瘟病,5.0,中感白叶枯病,9.0,,,62.6,3.6,,16.9,61.0,4.0,3.8,,,False,四川华谷西南农业科技有限公司,422,Middle-Lower Yangtze,Single/Mid,Two-line hybrid,Enterprise,1,,1.0,False,False,False
7414,雅香优龙丝苗,国审稻20233153,2023.0,国审,,True,True,False,籼,中稻,长江中下游中籼迟熟组,617.4,3.8,,591.4,4.5,128.0,,119.1,17.9,25.6,195.6,81.8,21.9,,,5.0,中感稻瘟病,7.0,感白叶枯病,9.0,,,62.8,3.0,,17.0,60.0,4.2,6.6,,《食用稻品种品质》,False,南宁谷源丰种业有限公司,449,Middle-Lower Yangtze,Single/Mid,Three-line hybrid,Enterprise,1,,1.0,True,False,False
6958,扬9优906,国审稻20233155,2023.0,国审,,True,True,False,籼,中稻,长江中下游中籼迟熟组,631.4,6.4,,639.5,6.4,132.5,,128.1,16.9,25.6,184.6,84.6,26.9,,,5.0,中感稻瘟病,5.0,中感白叶枯病,9.0,,,70.1,4.6,,15.9,60.0,3.2,5.2,,《食用稻品种品质》,False,江苏明天种业科技股份有限公司,453,Middle-Lower Yangtze,Single/Mid,Three-line hybrid,Enterprise,1,,1.0,True,False,False
5997,缘两优813,国审稻20233160,2023.0,国审,,True,False,True,籼,中稻,长江中下游中籼迟熟组,635.5,4.3,,611.4,6.3,131.5,,119.6,16.6,25.0,196.7,83.8,25.4,,,5.0,中感稻瘟病,7.0,感白叶枯病,9.0,,,67.1,3.0,,15.5,72.0,3.1,6.4,,《食用稻品种品质》,False,扬州播金源农业科技发展有限公司,453,Middle-Lower Yangtze,Single/Mid,Two-line hybrid,Enterprise,1,,1.0,True,False,False
7045,缘两优816,国审稻20233161,2023.0,国审,,True,False,True,籼,中稻,长江中下游中籼迟熟组,631.6,5.2,,633.0,4.4,131.7,,124.4,16.3,25.2,219.4,80.0,23.6,,,5.0,中感稻瘟病,7.0,感白叶枯病,9.0,,,58.7,9.0,,14.4,70.0,3.2,3.5,,,False,武汉惠华三农种业有限公司,422,Middle-Lower Yangtze,Single/Mid,Two-line hybrid,Enterprise,1,,1.0,True,False,False
7183,缘两优819,国审稻20233162,2023.0,国审,,True,False,True,籼,中稻,长江中下游中籼迟熟组,644.4,5.3,,611.4,6.4,132.2,,117.7,16.8,24.5,187.6,86.0,26.7,,,5.0,中感稻瘟病,5.0,中感白叶枯病,9.0,,,68.9,2.1,,16.2,72.0,3.0,6.4,,《食用稻品种品质》,False,安徽兆和种业有限公司,454,Middle-Lower Yangtze,Single/Mid,Two-line hybrid,Enterprise,1,,1.0,True,False,False
5167,缘两优968,国审稻20233163,2023.0,国审,,True,False,True,籼,中稻,长江中下游中籼迟熟组,653.2,7.2,,615.2,7.1,135.6,,116.8,16.5,24.2,197.0,83.8,26.0,,,5.0,中感稻瘟病,7.0,感白叶枯病,9.0,,,67.5,2.4,,15.6,68.0,3.0,6.5,,《食用稻品种品质》,False,安徽兆和种业有限公司,452,Middle-Lower Yangtze,Single/Mid,Two-line hybrid,Enterprise,1,,1.0,True,False,False
6771,箴两优郢香丝苗,国审稻20233167,2023.0,国审,,True,False,True,籼,中稻,长江中下游中籼迟熟组,650.6,3.0,,641.3,6.5,129.7,,115.2,15.9,24.1,178.6,86.3,27.9,,,5.0,中感稻瘟病,5.0,中感白叶枯病,9.0,,,67.2,1.0,,16.3,68.0,3.1,6.5,,《食用稻品种品质》,True,湖北荃银高科种业有限公司,454,Middle-Lower Yangtze,Single/Mid,Two-line hybrid,Enterprise,1,,1.0,True,False,False
4031,竹两优雪峰丝苗,国审稻20233168,2023.0,国审,,True,False,True,籼,中稻,长江中下游中籼迟熟组,632.5,3.6,,615.0,3.1,133.0,,125.9,16.9,26.3,207.0,81.8,22.3,,,5.0,中感稻瘟病,7.0,感白叶枯病,9.0,,,58.0,0.4,,17.8,75.0,3.9,7.0,,《食用稻品种品质》,False,长沙竹莉香农业科技有限公司,449,Middle-Lower Yangtze,Single/Mid,Two-line hybrid,Enterprise,1,,1.0,True,False,False
7827,箴两优鄂香丝苗,国审稻20233172,2023.0,国审,,True,False,True,籼,中稻,长江中下游中籼迟熟组,652.0,3.3,,645.4,7.2,133.0,,116.7,16.2,25.0,194.5,82.4,27.1,,,5.0,中感稻瘟病,5.0,中感白叶枯病,9.0,,,67.1,2.5,,16.6,68.0,3.2,6.9,,《食用稻品种品质》,True,湖北荃银高科种业有限公司,454,Middle-Lower Yangtze,Single/Mid,Two-line hybrid,Enterprise,1,,1.0,True,False,False
6076,春禾麦直香,国审稻20233174,2023.0,国审,,False,False,False,籼,,长江中下游麦茬籼稻组,610.0,2.2,,601.8,2.3,125.3,,113.2,20.2,23.1,179.9,85.2,21.8,,,3.0,中抗稻瘟病,5.0,中感白叶枯病,9.0,,,68.4,1.0,,17.1,60.0,3.4,6.8,,《食用稻品种品质》,False,安徽春禾种业有限公司,458,Middle-Lower Yangtze,Single/Mid,Inbred/Other,Enterprise,1,,1.0,False,False,False
4022,旱香优919,国审稻20233177,2023.0,国审,,True,False,True,籼,,长江中下游麦茬籼稻组,638.5,6.8,,604.2,9.5,120.3,,123.9,16.4,25.4,193.6,86.0,30.1,,,5.0,中感稻瘟病,7.0,感白叶枯病,9.0,,,72.9,3.9,,15.8,58.0,3.0,6.9,,《食用稻品种品质》,False,安徽绿亿种业有限公司,453,Middle-Lower Yangtze,Single/Mid,Two-line hybrid,Enterprise,1,,1.0,True,False,False
7530,旱香玉丝,国审稻20233178,2023.0,国审,,False,False,False,籼,,长江中下游麦茬籼稻组,584.3,2.5,,569.8,3.3,124.5,,113.2,17.8,25.0,196.1,83.7,22.3,,,5.0,中感稻瘟病,5.0,中感白叶枯病,9.0,,,70.5,1.3,,17.4,62.0,3.4,6.9,,《食用稻品种品质》,False,安徽利华生物科技有限公司,456,Middle-Lower Yangtze,Single/Mid,Inbred/Other,Enterprise,1,,1.0,True,False,False
6132,邦两优15香,国审稻20233198,2023.0,国审,,True,False,True,籼,双季,长江中下游晚籼早熟组,573.3,4.1,,580.0,3.3,117.1,,113.2,17.9,24.8,181.3,81.6,22.9,,,7.0,感稻瘟病,7.0,感白叶枯病,9.0,,耐冷性5级,62.3,3.0,,17.1,62.0,4.1,6.3,,《食用稻品种品质》,False,广西壮邦种业有限公司,880,Middle-Lower Yangtze,Late,Two-line hybrid,Enterprise,1,,0.0,True,False,False
7865,荷优慧丝,国审稻20233203,2023.0,国审,,True,True,False,籼,双季,长江中下游晚籼早熟组,599.5,2.7,,539.7,1.8,113.7,,110.3,18.4,23.7,201.4,83.7,23.8,,,7.0,感稻瘟病,7.0,感白叶枯病,9.0,,耐冷性5级,60.0,2.5,,15.8,69.0,3.7,6.8,,《食用稻品种品质》,False,长沙碧盈农业科技有限公司,460,Middle-Lower Yangtze,Late,Three-line hybrid,Enterprise,1,,0.0,True,False,False
5735,荷优莲香丝苗,国审稻20233204,2023.0,国审,,True,True,False,籼,双季,长江中下游晚籼早熟组,598.8,2.6,,537.3,1.4,115.4,,111.9,19.2,24.3,178.7,83.6,23.4,,,7.0,感稻瘟病,5.0,中感白叶枯病,9.0,,耐冷性7级,69.2,3.0,,17.6,63.0,3.7,6.8,,《食用稻品种品质》,False,长沙碧盈农业科技有限公司,462,Middle-Lower Yangtze,Late,Three-line hybrid,Enterprise,1,,0.0,True,False,False
7253,茗两优丝软占,国审稻20233217,2023.0,国审,,True,False,True,籼,双季,长江中下游晚籼早熟组,588.0,2.5,,587.0,3.0,118.8,,109.2,19.6,29.4,181.1,80.8,22.3,,,7.0,感稻瘟病,9.0,高感白叶枯病,9.0,,耐冷性5级,56.9,0.5,,17.4,71.0,4.1,7.0,,《食用稻品种品质》,False,长沙竹莉香农业科技有限公司,460,Middle-Lower Yangtze,Late,Two-line hybrid,Enterprise,1,,0.0,True,False,False
6772,丝香优郁香,国审稻20233220,2023.0,国审,,True,True,False,籼,双季,长江中下游晚籼早熟组,562.4,2.3,,582.2,3.2,117.0,,113.1,18.2,23.7,181.3,81.1,22.5,,,5.0,中感稻瘟病,7.0,感白叶枯病,9.0,,耐冷性5级,61.5,1.7,,16.9,64.0,4.4,6.1,,《食用稻品种品质》,False,广西兆和种业有限公司,465,Middle-Lower Yangtze,Late,Three-line hybrid,Enterprise,1,,1.0,True,False,False
6714,雅香优郁香,国审稻20233225,2023.0,国审,,True,True,False,籼,双季,长江中下游晚籼早熟组,565.6,3.4,,578.8,3.3,117.0,,112.7,19.2,23.6,173.2,82.6,21.4,,,3.0,中抗稻瘟病,7.0,感白叶枯病,9.0,,耐冷性5级,63.8,1.3,,18.8,61.0,4.1,6.5,,《食用稻品种品质》,False,南宁谷源丰种业有限公司,465,Middle-Lower Yangtze,Late,Three-line hybrid,Enterprise,1,,1.0,False,False,False
7113,春优167,国审稻20233240,2023.0,国审,,True,True,False,粳,单季,长江中下游单季晚粳组,685.9,12.6,,735.8,14.0,148.2,,120.3,14.2,22.0,274.4,83.9,24.1,,,5.0,中感稻瘟病,5.0,中感白叶枯病,9.0,,,71.1,0.8,,18.6,76.0,2.2,6.8,,《食用稻品种品质》,False,浙江农科种业有限公司,470,Middle-Lower Yangtze,Late,Three-line hybrid,Enterprise,1,,1.0,True,False,False
7026,春优169,国审稻20233241,2023.0,国审,,True,True,False,粳,单季,长江中下游单季晚粳组,695.5,7.7,,724.6,12.2,143.7,,119.5,14.2,20.4,280.0,84.5,24.0,,,5.0,中感稻瘟病,5.0,中感白叶枯病,9.0,,,69.6,8.2,,15.2,79.0,2.1,4.3,,,False,杭州众诚农业科技有限公司,439,Middle-Lower Yangtze,Late,Three-line hybrid,Enterprise,1,,1.0,True,False,False
7475,春优83,国审稻20233242,2023.0,国审,,True,True,False,粳,单季,长江中下游单季晚粳组,683.3,10.4,,654.5,11.1,151.2,,123.4,14.2,23.3,293.7,81.7,25.6,,,5.0,中感稻瘟病,5.0,中感白叶枯病,9.0,,,68.1,2.4,,17.6,73.0,2.2,7.0,,《食用稻品种品质》,False,中国水稻研究所,469,Middle-Lower Yangtze,Late,Three-line hybrid,Public,1,,1.0,True,False,False
7087,嘉优9370,国审稻20233246,2023.0,国审,,True,True,False,粳,单季,长江中下游单季晚粳组,672.2,8.7,,638.5,9.0,150.4,,116.9,14.8,22.5,275.7,82.4,23.7,,,5.0,中感稻瘟病,5.0,中感白叶枯病,9.0,,,65.4,0.4,,16.6,75.0,2.6,7.0,,《食用稻品种品质》,False,浙江省农业科学院,470,Middle-Lower Yangtze,Late,Three-line hybrid,Public,1,,1.0,True,False,False
6703,昌两优香58,国审稻20233255,2023.0,国审,,True,False,True,籼,双季,华南感光晚籼组,499.1,2.4,,496.1,1.1,117.8,,112.5,17.7,25.4,175.3,80.9,22.9,,,5.0,中感稻瘟病,9.0,高感白叶枯病,9.0,,,68.5,0.2,,16.4,67.0,3.9,7.0,,《食用稻品种品质》,False,广西恒茂农业科技有限公司,448,South China,Late,Two-line hybrid,Enterprise,1,,1.0,True,False,False
6282,中龙粳13号,国审稻20233271,2023.0,国审,,False,False,False,粳,,,560.5,8.8,,540.1,7.7,146.7,,108.9,22.9,19.5,136.7,90.1,26.2,,,3.0,中抗稻瘟病,,,,,,71.8,1.4,,16.7,73.0,2.9,7.0,,《食用稻品种品质》,False,黑龙江省农业科学院生物技术研究所,418,Other/Unspecified,Unspecified,Inbred/Other,Public,1,,1.0,False,False,False
7167,科优香66,国审稻20233272,2023.0,国审,,True,True,False,籼,中稻,长江中下游中籼迟熟组,630.4,2.1,,647.0,,131.8,,118.4,18.2,24.4,171.1,82.9,26.0,,,7.0,感稻瘟病,5.0,中感白叶枯病,9.0,,,63.1,0.1,,17.1,75.0,3.7,6.6,,《食用稻品种品质》,True,上海中科荃银分子育种技术有限公司,477,Middle-Lower Yangtze,Single/Mid,Three-line hybrid,Enterprise,1,,0.0,True,False,False
4956,西子3号,国审稻20234001,2023.0,国审,,False,False,False,籼,双季,长江中下游晚籼早熟组,565.03,-1.26,,505.75,0.53,114.0,,93.2,22.2,21.4,140.1,82.6,22.7,,,5.0,中感稻瘟病,,,,,,66.6,2.4,,17.1,61.0,3.5,6.6,,,False,湖南杂交水稻研究中心,487,Middle-Lower Yangtze,Late,Inbred/Other,Public,1,,1.0,True,False,False
6673,旱两优8208,国审稻20234002,2023.0,国审,,True,False,True,籼,一季稻,长江中下游节水抗旱稻组,579.3,6.5,旱优73,596.0,4.9,114.7,,116.6,20.5,23.8,162.8,82.1,27.1,,,5.0,中感稻瘟病,,,,,,56.4,12.0,,15.1,57.0,3.1,6.2,,,False,上海市农业生物基因中心,430,Middle-Lower Yangtze,Single/Mid,Two-line hybrid,Unknown,1,,1.0,True,False,False
7866,隆晶优4153,国审稻20241001,2024.0,国审,,True,True,False,籼,双季,华南早籼组,521.4,2.7,,499.0,0.9,128.8,,110.2,18.1,25.5,158.2,85.0,24.5,,,3.0,中抗稻瘟病,7.0,感白叶枯病,,,,56.1,0.3,,16.2,77.0,3.6,6.7,,《食用稻品种品质》,False,湖南隆平高科种业科学研究院有限公司,451,South China,Early,Three-line hybrid,Enterprise,1,,1.0,False,False,False
7331,昇两优丝苗5号,国审稻20241003,2024.0,国审,,True,False,True,籼,中稻,长江上游中籼迟熟组,619.7,0.5,,605.5,2.2,150.2,,106.6,16.1,23.8,173.3,84.4,27.5,,,5.0,中感稻瘟病,5.0,中感白叶枯病,9.0,耐热性5级,耐冷性3级,58.6,0.4,,17.2,82.0,3.1,6.9,,《食用稻品种品质》,False,贵州筑农科种业有限责任公司,880,Upper Yangtze,Single/Mid,Two-line hybrid,Enterprise,1,,1.0,True,False,False
6726,峻两优3006,国审稻20241010,2024.0,国审,,True,False,True,籼,中稻,长江中下游中籼迟熟组,651.1,5.5,,681.5,9.5,136.0,,133.9,15.0,25.2,219.1,81.9,27.3,,,3.0,中抗稻瘟病,5.0,中感白叶枯病,7.0,,,55.2,1.7,,13.9,80.0,2.8,5.1,,《食用稻品种品质》,False,湖北惠民农业科技有限公司,455,Middle-Lower Yangtze,Single/Mid,Two-line hybrid,Enterprise,1,,1.0,False,False,False
251,珠两优1466,国审稻20241014,2024.0,国审,,True,False,True,籼,中稻,长江中下游中籼迟熟组,622.8,0.7,,669.4,1.8,137.4,,120.9,19.8,25.1,175.5,84.6,22.9,,,5.0,中感稻瘟病,5.0,中感白叶枯病,9.0,,,62.5,0.4,,15.9,75.0,3.8,6.9,,《食用稻品种品质》,False,湖南民升种业科学研究院有限公司,451,Middle-Lower Yangtze,Single/Mid,Two-line hybrid,Enterprise,1,,1.0,True,False,False
7088,金粳919,国审稻20241026,2024.0,国审,,False,False,False,粳,,黄淮海粳稻组,662.6,5.8,,658.6,5.1,148.2,,90.8,21.7,16.7,136.4,87.0,27.4,,,5.0,中感稻瘟病,,,,,,70.6,5.0,,15.2,66.0,2.0,6.5,,《食用稻品种品质》,False,天津市农业科学院,432,North/Huanghuai,Single/Mid,Inbred/Other,Public,1,,1.0,True,False,False
5752,品香优607,国审稻20242007,2024.0,国审,,True,True,False,籼,中稻,长江上游中籼迟熟组,662.3,5.4,,667.9,5.1,151.7,,119.7,16.1,25.9,211.7,83.0,24.3,,,5.0,中感稻瘟病,,,9.0,耐热性7级,耐冷性3级,70.3,1.0,,17.1,62.0,3.3,6.6,,《食用稻品种品质》,False,中国种子集团有限公司,462,Upper Yangtze,Single/Mid,Three-line hybrid,Enterprise,1,,1.0,True,False,False
7143,荃两优087,国审稻20242008,2024.0,国审,,True,False,True,籼,中稻,长江上游中籼迟熟组,647.2,2.6,,619.8,2.7,151.1,,116.6,15.4,23.4,215.9,84.1,26.0,,,5.0,中感稻瘟病,,,9.0,耐热性1级,耐冷性3级,70.2,0.5,,18.7,75.0,3.0,7.0,,《食用稻品种品质》,True,安徽荃银高科种业股份有限公司,461,Upper Yangtze,Single/Mid,Two-line hybrid,Enterprise,1,,1.0,True,False,False
7793,荃两优879,国审稻20242009,2024.0,国审,,True,False,True,籼,中稻,长江上游中籼迟熟组,652.3,3.4,,621.2,2.9,150.2,,114.6,14.7,23.1,219.8,83.4,27.0,,,7.0,感稻瘟病,,,9.0,耐热性3级,耐冷性3级,68.0,0.7,,17.8,71.0,3.0,7.0,,《食用稻品种品质》,True,安徽荃银高科种业股份有限公司,461,Upper Yangtze,Single/Mid,Two-line hybrid,Enterprise,1,,0.0,True,False,False
7876,荃优919,国审稻20242012,2024.0,国审,,True,True,False,籼,中稻,长江上游中籼迟熟组,661.8,4.9,,629.1,4.2,150.7,,110.5,15.0,24.6,211.0,85.0,27.5,,,5.0,中感稻瘟病,,,9.0,耐热性3级,耐冷性5级,62.2,2.2,,17.8,81.0,2.8,7.0,,《食用稻品种品质》,True,安徽荃银高科种业股份有限公司,463,Upper Yangtze,Single/Mid,Three-line hybrid,Enterprise,1,,1.0,True,False,False
6715,安两优676,国审稻20242015,2024.0,国审,,True,False,True,籼,中稻,长江中下游中籼迟熟组,691.7,8.3,,676.1,8.2,133.4,,120.0,16.8,24.3,222.0,87.3,23.4,,,5.0,中感稻瘟病,7.0,感白叶枯病,7.0,,,68.3,0.2,,17.8,74.0,2.9,6.1,,《食用稻品种品质》,False,合肥丰乐种业股份有限公司,452,Middle-Lower Yangtze,Single/Mid,Two-line hybrid,Enterprise,1,,1.0,True,False,False
5122,安两优洁田2023,国审稻20242016,2024.0,国审,,True,False,True,籼,中稻,长江中下游中籼迟熟组,673.3,5.4,,657.2,5.1,131.3,,118.5,18.6,25.8,197.0,87.5,23.1,,,7.0,感稻瘟病,5.0,中感白叶枯病,9.0,,,70.1,0.0,,16.5,71.0,3.4,6.8,,《食用稻品种品质》,False,合肥丰乐种业股份有限公司,455,Middle-Lower Yangtze,Single/Mid,Two-line hybrid,Enterprise,1,,0.0,True,False,False
5561,昌两优香久久,国审稻20242017,2024.0,国审,,True,False,True,籼,中稻,长江中下游中籼迟熟组,603.9,0.1,,618.2,1.9,137.1,,123.9,17.7,27.6,178.6,80.8,23.8,,,5.0,中感稻瘟病,5.0,中感白叶枯病,9.0,,,64.2,0.0,,15.6,74.0,3.9,7.0,,《食用稻品种品质》,False,广西恒茂农业科技有限公司,450,Middle-Lower Yangtze,Single/Mid,Two-line hybrid,Enterprise,1,,1.0,True,False,False
6930,长两优9香,国审稻20242018,2024.0,国审,,True,False,True,籼,中稻,长江中下游中籼迟熟组,681.2,6.6,,668.3,5.0,132.6,,122.9,18.5,26.5,194.8,86.9,24.2,,,7.0,感稻瘟病,7.0,感白叶枯病,9.0,,,60.8,0.2,,17.1,79.0,4.0,5.3,,《食用稻品种品质》,False,合肥丰乐种业股份有限公司,451,Middle-Lower Yangtze,Single/Mid,Two-line hybrid,Enterprise,1,,0.0,True,False,False
7332,吨两优957,国审稻20242020,2024.0,国审,,True,False,True,籼,中稻,长江中下游中籼迟熟组,697.9,6.5,,735.4,6.0,134.9,,115.3,17.9,24.3,205.9,86.5,23.7,,,5.0,中感稻瘟病,5.0,中感白叶枯病,9.0,,,69.2,4.3,,16.7,62.0,3.1,6.1,,《食用稻品种品质》,False,湖南袁创超级稻技术有限公司,451,Middle-Lower Yangtze,Single/Mid,Two-line hybrid,Enterprise,1,,1.0,True,False,False
6599,玖里香,国审稻20242023,2024.0,国审,,False,False,False,籼,中稻,长江中下游中籼迟熟组,589.3,-2.9,,598.2,2.7,127.6,,115.7,18.3,23.9,168.5,83.9,22.4,,,5.0,中感稻瘟病,5.0,中感白叶枯病,9.0,,,61.9,2.7,,16.5,65.0,4.1,6.7,,《食用稻品种品质》,False,中国种子集团有限公司,449,Middle-Lower Yangtze,Single/Mid,Inbred/Other,Enterprise,1,,1.0,True,False,False
112,飓两优8612,国审稻20242025,2024.0,国审,,True,False,True,籼,中稻,长江中下游中籼迟熟组,664.4,6.8,,677.2,6.2,133.0,,128.2,16.3,27.0,204.4,82.8,26.4,,,5.0,中感稻瘟病,5.0,中感白叶枯病,9.0,,,68.9,3.0,,16.3,67.0,3.2,6.5,,《食用稻品种品质》,False,袁隆平农业高科技股份有限公司,455,Middle-Lower Yangtze,Single/Mid,Two-line hybrid,Enterprise,1,,1.0,True,False,False
6077,荃广优9085,国审稻20242029,2024.0,国审,,True,True,False,籼,中稻,长江中下游中籼迟熟组,618.6,3.9,,607.9,5.4,137.2,,117.8,15.0,24.6,232.0,80.2,23.4,,,5.0,中感稻瘟病,5.0,中感白叶枯病,9.0,,,66.6,0.8,,17.0,72.0,3.1,6.9,,《食用稻品种品质》,True,安徽荃银高科种业股份有限公司,453,Middle-Lower Yangtze,Single/Mid,Three-line hybrid,Enterprise,1,,1.0,True,False,False
6089,玮两优4419,国审稻20242035,2024.0,国审,,True,False,True,籼,中稻,长江中下游中籼迟熟组,662.8,6.6,,663.4,4.1,130.3,,124.0,16.7,24.6,194.8,86.4,25.5,,,7.0,感稻瘟病,9.0,高感白叶枯病,9.0,,,66.4,3.3,,15.8,71.0,3.3,5.0,,《食用稻品种品质》,False,袁隆平农业高科技股份有限公司,455,Middle-Lower Yangtze,Single/Mid,Two-line hybrid,Enterprise,1,,0.0,True,False,False
6515,玮两优8247,国审稻20242036,2024.0,国审,,True,False,True,籼,中稻,长江中下游中籼迟熟组,663.0,6.6,,663.1,5.5,133.7,,122.0,17.9,23.2,186.8,85.4,25.0,,,5.0,中感稻瘟病,5.0,中感白叶枯病,3.0,,,70.3,3.4,,17.0,64.0,3.1,3.8,,《食用稻品种品质》,False,袁隆平农业高科技股份有限公司,456,Middle-Lower Yangtze,Single/Mid,Two-line hybrid,Enterprise,1,,1.0,True,False,False
5980,祥两优676,国审稻20242039,2024.0,国审,,True,False,True,籼,中稻,长江中下游中籼迟熟组,688.9,8.1,,689.3,8.3,133.3,,119.4,17.3,22.7,206.4,86.7,24.8,,,7.0,感稻瘟病,7.0,感白叶枯病,9.0,,,67.2,0.3,,18.0,67.0,3.2,6.5,,《食用稻品种品质》,False,合肥丰乐种业股份有限公司,451,Middle-Lower Yangtze,Single/Mid,Two-line hybrid,Enterprise,1,,0.0,True,False,False
7611,祥两优香丝一号,国审稻20242040,2024.0,国审,,True,False,True,籼,中稻,长江中下游中籼迟熟组,663.6,4.1,,665.5,4.6,133.1,,119.5,19.6,24.0,190.1,87.2,23.6,,,5.0,中感稻瘟病,5.0,中感白叶枯病,9.0,,,63.2,0.1,,17.0,64.0,3.9,7.0,,《食用稻品种品质》,False,合肥丰乐种业股份有限公司,453,Middle-Lower Yangtze,Single/Mid,Two-line hybrid,Enterprise,1,,1.0,True,False,False
7448,3两优911,国审稻20242047,2024.0,国审,,True,False,True,籼,,长江中下游麦茬籼稻组,666.3,8.1,,690.1,7.8,117.1,,113.9,16.5,24.3,216.5,87.0,24.1,,,5.0,中感稻瘟病,7.0,感白叶枯病,9.0,,,68.4,6.5,,20.0,37.0,3.1,4.7,,,False,湖南袁创超级稻技术有限公司,417,Middle-Lower Yangtze,Single/Mid,Two-line hybrid,Enterprise,1,,1.0,True,False,False
6298,银两优606,国审稻20242050,2024.0,国审,,True,False,True,籼,,长江中下游麦茬籼稻组,613.6,6.4,,624.5,6.5,122.7,,115.2,18.7,24.8,174.1,85.6,24.3,,,5.0,中感稻瘟病,5.0,中感白叶枯病,9.0,,,64.3,0.7,,17.1,73.0,3.2,7.0,,《食用稻品种品质》,True,安徽荃银高科种业股份有限公司,455,Middle-Lower Yangtze,Single/Mid,Two-line hybrid,Enterprise,1,,1.0,True,False,False
7750,振两优钰占,国审稻20242052,2024.0,国审,,True,False,True,籼,,长江中下游麦茬籼稻组,568.0,0.1,,619.0,4.4,127.6,,120.6,18.3,26.6,171.8,83.7,23.8,,,5.0,中感稻瘟病,7.0,感白叶枯病,9.0,,,63.2,1.4,,16.6,60.0,4.4,6.6,,《食用稻品种品质》,False,袁隆平农业高科技股份有限公司,448,Middle-Lower Yangtze,Single/Mid,Two-line hybrid,Enterprise,1,,1.0,True,False,False
4778,玮两优钰占,国审稻20242073,2024.0,国审,,True,False,True,籼,双季,华南感光晚籼组,503.1,0.6,,500.5,1.5,117.7,,117.7,16.7,24.4,158.4,81.6,25.8,,,5.0,中感稻瘟病,9.0,高感白叶枯病,9.0,,,67.8,2.9,,16.0,60.0,3.7,6.1,,《食用稻品种品质》,False,袁隆平农业高科技股份有限公司,450,South China,Late,Two-line hybrid,Enterprise,1,,1.0,True,False,False
7695,荃两优1606,国审稻20242077,2024.0,国审,,True,False,True,籼,中稻,武陵山区中籼组,627.0,5.2,,614.0,4.2,140.4,,118.8,18.2,24.8,209.4,86.7,26.3,,,3.0,中抗稻瘟病,,,,,耐冷性3级,64.2,0.4,,17.1,77.0,3.2,7.0,,《食用稻品种品质》,True,安徽荃银高科种业股份有限公司,437,Wuling Mountains,Single/Mid,Two-line hybrid,Enterprise,1,,1.0,False,False,False
7751,荃优丝苗,国审稻20242078,2024.0,国审,,True,True,False,籼,中稻,武陵山区中籼组,644.9,8.2,,624.3,6.2,140.2,,112.3,18.2,25.1,194.3,86.7,26.2,,,5.0,中感稻瘟病,,,,,耐冷性7级,61.9,2.2,,17.7,78.0,3.0,6.9,,《食用稻品种品质》,True,安徽荃银高科种业股份有限公司,437,Wuling Mountains,Single/Mid,Three-line hybrid,Enterprise,1,,1.0,True,False,False
7154,华盛优382,国审稻20242081,2024.0,国审,,True,True,False,籼,中稻,长江上游中籼迟熟组,660.4,5.1,,633.5,3.4,152.1,,116.1,15.3,25.0,195.3,85.1,27.7,,,7.0,感稻瘟病,,,9.0,,耐冷性3级,66.1,5.0,,18.0,50.0,3.7,6.9,,《食用稻品种品质》,False,北京金色农华种业科技股份有限公司,447,Upper Yangtze,Single/Mid,Three-line hybrid,Enterprise,1,,0.0,True,False,False
4600,荃两优粤农丝苗,国审稻20242083,2024.0,国审,,True,False,True,籼,中稻,长江上游中籼迟熟组,665.6,5.9,,635.7,3.7,151.8,,112.4,15.2,23.1,208.5,85.4,26.1,,,5.0,中感稻瘟病,,,9.0,耐热性1级,耐冷性3级,69.8,3.3,,17.0,61.0,2.9,6.7,,《食用稻品种品质》,True,北京金色农华种业科技股份有限公司,460,Upper Yangtze,Single/Mid,Two-line hybrid,Enterprise,1,,1.0,True,False,False
7727,荃优香66,国审稻20242085,2024.0,国审,,True,True,False,籼,中稻,长江上游中籼迟熟组,660.4,6.4,,638.9,4.3,149.7,,117.5,14.9,25.9,206.6,86.7,26.8,,,5.0,中感稻瘟病,,,9.0,耐热性3级,耐冷性5级,70.2,0.4,,19.0,78.0,3.3,7.0,,《食用稻品种品质》,True,安徽荃银高科种业股份有限公司,463,Upper Yangtze,Single/Mid,Three-line hybrid,Enterprise,1,,1.0,True,False,False
7794,旱优786,国审稻20242089,2024.0,国审,,True,True,False,籼,中稻,长江中下游中籼迟熟组,620.6,5.9,,629.1,6.7,134.2,,124.4,16.1,25.1,179.8,83.7,29.1,,,3.0,中抗稻瘟病,7.0,感白叶枯病,9.0,,,70.3,6.9,,16.8,69.0,3.1,6.0,,,False,上海天谷生物科技股份有限公司,418,Middle-Lower Yangtze,Single/Mid,Three-line hybrid,Enterprise,1,,1.0,False,False,False
7068,贵两优6177,国审稻20242095,2024.0,国审,,True,False,True,籼,双季,长江中下游晚籼早熟组,615.8,3.3,,575.6,3.1,114.9,,109.1,19.9,24.2,164.2,84.0,24.3,,,5.0,中感稻瘟病,7.0,感白叶枯病,9.0,,耐冷性5级,70.1,2.3,,16.4,60.0,3.9,6.5,,《食用稻品种品质》,False,中国种子集团有限公司,466,Middle-Lower Yangtze,Late,Two-line hybrid,Enterprise,1,,1.0,True,False,False
7317,乐优旱锄,国审稻20242097,2024.0,国审,,True,True,False,籼,双季,长江中下游晚籼早熟组,641.8,6.4,,621.2,6.6,114.8,,108.1,20.7,22.8,161.0,86.6,26.3,,,5.0,中感稻瘟病,5.0,中感白叶枯病,9.0,,耐冷性7级,62.3,0.8,,15.9,73.0,3.1,6.9,,《食用稻品种品质》,False,合肥丰乐种业股份有限公司,462,Middle-Lower Yangtze,Late,Three-line hybrid,Enterprise,1,,1.0,True,False,False
6117,中佳早135,国审稻20243006,2024.0,国审,,False,False,False,籼,双季,长江中下游早籼早中熟组,566.3,5.2,,546.3,4.1,111.3,,86.2,21.0,18.9,141.0,83.7,26.0,,,5.0,中感稻瘟病,9.0,高感白叶枯病,,,,54.4,9.8,,28.6,78.0,2.3,5.6,,,False,中国水稻研究所,435,Middle-Lower Yangtze,Early,Inbred/Other,Public,1,,1.0,True,False,False
7385,安两优2号,国审稻20243009,2024.0,国审,,True,False,True,籼,中稻,长江上游中籼迟熟组,647.2,4.7,,635.7,5.7,147.4,,96.0,17.5,21.5,182.9,87.5,25.0,,,7.0,感稻瘟病,,,9.0,耐热性3级,耐冷性3级,59.5,1.7,,17.1,74.0,3.1,7.0,,《食用稻品种品质》,False,湖南金健种业科技有限公司,865,Upper Yangtze,Single/Mid,Two-line hybrid,Enterprise,1,,0.0,True,False,False
7773,旱优56,国审稻20243015,2024.0,国审,,True,True,False,籼,中稻,长江上游中籼迟熟组,645.9,5.3,,626.2,5.0,152.8,,111.6,14.6,24.6,205.6,86.1,27.6,,,5.0,中感稻瘟病,,,9.0,耐热性1级,耐冷性5级,47.5,1.9,,15.8,79.0,2.8,5.3,,,False,安徽丰大农业科技有限公司,428,Upper Yangtze,Single/Mid,Three-line hybrid,Enterprise,1,,1.0,True,False,False
7728,粒立香优臻占,国审稻20243022,2024.0,国审,,True,True,False,籼,中稻,长江上游中籼迟熟组,630.5,3.7,,653.8,5.4,150.3,,123.3,15.3,26.9,187.0,86.4,28.1,,,5.0,中感稻瘟病,,,9.0,耐热性3级,耐冷性5级,60.4,0.0,,19.2,77.0,4.0,7.0,,《食用稻品种品质》,False,三明市农业科学研究院,462,Upper Yangtze,Single/Mid,Three-line hybrid,Unknown,1,,1.0,True,False,False
7239,梦香优锦华,国审稻20243023,2024.0,国审,,True,True,False,籼,中稻,长江上游中籼迟熟组,634.6,3.9,,644.5,5.4,153.5,,113.7,14.1,24.4,205.8,83.9,26.2,,,5.0,中感稻瘟病,,,9.0,耐热性7级,耐冷性5级,65.1,0.6,,18.8,78.0,3.1,7.0,,《食用稻品种品质》,False,四川川种种业有限责任公司,463,Upper Yangtze,Single/Mid,Three-line hybrid,Enterprise,1,,1.0,True,False,False
6559,筑优筑农丝苗,国审稻20243045,2024.0,国审,,True,True,False,籼,中稻,长江上游中籼迟熟组,679.9,4.2,,679.8,4.9,148.7,,112.3,14.2,24.7,193.1,86.6,29.0,,,5.0,中感稻瘟病,,,9.0,耐热性3级,耐冷性5级,64.1,5.2,,17.8,75.0,2.8,6.9,,,False,安徽昇谷农业科技有限公司,431,Upper Yangtze,Single/Mid,Three-line hybrid,Enterprise,1,,1.0,True,False,False
5604,楚丰优118,国审稻20243047,2024.0,国审,,True,True,False,籼,中稻,长江中下游中籼迟熟组,639.4,4.3,,674.4,7.8,130.0,,125.6,14.6,24.7,220.0,85.6,27.7,,,7.0,感稻瘟病,9.0,高感白叶枯病,9.0,,,66.6,2.2,,16.7,85.0,3.2,6.5,,《食用稻品种品质》,True,湖北荃银高科种业有限公司,454,Middle-Lower Yangtze,Single/Mid,Three-line hybrid,Enterprise,1,,0.0,True,False,False
5869,楚丰优88,国审稻20243048,2024.0,国审,,True,True,False,籼,中稻,长江中下游中籼迟熟组,640.1,3.8,,666.1,6.4,132.8,,120.3,15.0,25.6,206.0,85.0,27.4,,,7.0,感稻瘟病,7.0,感白叶枯病,9.0,,,71.3,4.8,,17.7,63.0,3.0,6.5,,《食用稻品种品质》,True,湖北荃银高科种业有限公司,452,Middle-Lower Yangtze,Single/Mid,Three-line hybrid,Enterprise,1,,0.0,True,False,False
3808,峰优1466,国审稻20243053,2024.0,国审,,True,True,False,籼,中稻,长江中下游中籼迟熟组,651.4,5.3,,682.4,5.2,131.8,,112.2,18.7,25.8,201.2,82.4,22.7,,,5.0,中感稻瘟病,7.0,感白叶枯病,9.0,,,64.7,2.6,,16.8,61.0,3.8,6.3,,《食用稻品种品质》,False,湖南兴隆种业有限公司,463,Middle-Lower Yangtze,Single/Mid,Three-line hybrid,Enterprise,1,,1.0,True,False,False
6931,科优9085,国审稻20243070,2024.0,国审,,True,True,False,籼,中稻,长江中下游中籼迟熟组,639.0,3.6,,691.3,8.1,134.2,,115.8,15.4,24.9,200.4,81.2,27.0,,,5.0,中感稻瘟病,5.0,中感白叶枯病,9.0,,,63.7,0.2,,18.0,80.0,3.3,6.8,,《食用稻品种品质》,True,上海中科荃银分子育种技术有限公司,458,Middle-Lower Yangtze,Single/Mid,Three-line hybrid,Enterprise,1,,1.0,True,False,False
7591,两优5377,国审稻20243076,2024.0,国审,,True,False,True,籼,中稻,长江中下游中籼迟熟组,660.1,4.9,,661.6,5.7,131.9,,119.5,16.7,24.3,205.8,81.5,25.8,,,5.0,中感稻瘟病,5.0,中感白叶枯病,9.0,,,69.5,0.7,,16.1,61.0,3.4,6.5,,《食用稻品种品质》,True,安徽荃银超大种业有限公司,457,Middle-Lower Yangtze,Single/Mid,Two-line hybrid,Enterprise,1,,1.0,True,False,False
7011,荃两优985,国审稻20243087,2024.0,国审,,True,False,True,籼,中稻,长江中下游中籼迟熟组,623.0,3.4,,619.0,4.6,131.7,,122.7,15.7,23.5,205.4,83.8,25.2,,,5.0,中感稻瘟病,5.0,中感白叶枯病,9.0,,,70.5,0.8,,17.7,60.0,3.1,6.3,,《食用稻品种品质》,True,广东荃银种业科技有限公司,458,Middle-Lower Yangtze,Single/Mid,Two-line hybrid,Enterprise,1,,1.0,True,False,False
7842,荃两优粤苗,国审稻20243088,2024.0,国审,,True,False,True,籼,中稻,长江中下游中籼迟熟组,644.8,7.5,,670.4,7.2,132.2,,118.6,16.9,24.2,197.1,85.5,26.0,,,7.0,感稻瘟病,7.0,感白叶枯病,9.0,,,71.7,1.0,,18.5,61.0,3.0,6.8,,《食用稻品种品质》,True,安徽绿亿种业有限公司,455,Middle-Lower Yangtze,Single/Mid,Two-line hybrid,Enterprise,1,,0.0,True,False,False
1952,太两优香四,国审稻20243097,2024.0,国审,,True,False,True,籼,中稻,长江中下游中籼迟熟组,644.6,4.1,,650.5,5.5,133.3,,119.9,14.9,26.5,221.0,84.1,26.0,,,7.0,感稻瘟病,5.0,中感白叶枯病,9.0,,,67.6,2.6,,17.7,61.0,3.6,6.3,,《食用稻品种品质》,False,福建华谷高科有限公司,457,Middle-Lower Yangtze,Single/Mid,Two-line hybrid,Enterprise,1,,0.0,True,False,False
6946,筑优钰禾,国审稻20243137,2024.0,国审,,True,True,False,籼,中稻,长江中下游中籼迟熟组,621.8,5.6,,632.7,6.2,129.9,,125.2,13.4,25.8,246.8,82.4,25.9,,,3.0,中抗稻瘟病,5.0,中感白叶枯病,9.0,,,49.6,1.6,,13.7,81.0,2.9,5.6,,《食用稻品种品质》,False,贵州筑农科种业有限责任公司,454,Middle-Lower Yangtze,Single/Mid,Three-line hybrid,Enterprise,1,,1.0,False,False,False
7612,旱优761,国审稻20243142,2024.0,国审,,True,True,False,籼,,长江中下游麦茬籼稻组,647.9,8.0,,660.9,7.4,121.3,,118.0,18.4,23.9,176.0,84.9,29.9,,,5.0,中感稻瘟病,7.0,感白叶枯病,9.0,,,59.4,2.5,,18.0,78.0,3.0,6.9,,《食用稻品种品质》,False,江苏丰大生物科技有限公司,456,Middle-Lower Yangtze,Single/Mid,Three-line hybrid,Enterprise,1,,1.0,True,False,False
7877,昌盛优臻丝苗,国审稻20243163,2024.0,国审,,True,True,False,籼,双季,长江中下游晚籼早熟组,596.5,2.9,,612.6,2.6,115.1,,115.8,20.8,23.1,152.4,85.1,23.1,,,5.0,中感稻瘟病,7.0,感白叶枯病,9.0,,耐冷性3级,62.2,3.7,,17.1,66.0,3.9,6.2,,《食用稻品种品质》,False,江西天涯种业有限公司、江西农业大学农学院,468,Middle-Lower Yangtze,Late,Three-line hybrid,Joint,2,,1.0,True,False,False
6536,昌两优135,国审稻20243196,2024.0,国审,,True,False,True,籼,双季,华南感光晚籼组,474.9,-0.8,,464.5,1.2,115.2,,111.7,17.9,25.9,164.8,80.6,23.3,,,7.0,感稻瘟病,9.0,高感白叶枯病,9.0,,,67.0,0.1,,15.2,75.0,4.0,6.9,,《食用稻品种品质》,False,广西恒茂农业科技有限公司,452,South China,Late,Two-line hybrid,Enterprise,1,,0.0,True,False,False
6203,馥香两优香58,国审稻20243200,2024.0,国审,,True,False,True,籼,双季,华南感光晚籼组,493.1,3.1,,472.4,0.1,114.0,,110.6,18.5,25.0,168.7,81.1,21.2,,,5.0,中感稻瘟病,9.0,高感白叶枯病,9.0,,,58.5,0.1,,17.6,72.0,3.8,7.0,,《食用稻品种品质》,False,广西恒茂农业科技有限公司,453,South China,Late,Two-line hybrid,Enterprise,1,,1.0,True,False,False
6855,华浙优210,国审稻20243201,2024.0,国审,,True,True,False,籼,双季,华南感光晚籼组,531.5,3.5,,511.6,1.2,114.7,,111.3,18.0,23.4,163.9,85.8,23.6,,,7.0,感稻瘟病,9.0,高感白叶枯病,9.0,,,66.5,0.4,,17.5,78.0,3.4,7.0,,《食用稻品种品质》,False,中国水稻研究所,454,South China,Late,Three-line hybrid,Public,1,,0.0,True,False,False
5741,稻花香6号,国审稻20243222,2024.0,国审,,False,False,False,粳,,,619.0,6.0,,612.1,5.6,146.7,,113.9,23.4,20.3,115.7,90.5,28.3,,,5.0,中感稻瘟病,,,,,耐冷性3级,66.6,3.1,,17.3,72.0,2.9,7.0,,《食用稻品种品质》,False,天津天隆科技股份有限公司,432,Other/Unspecified,Unspecified,Inbred/Other,Enterprise,1,,1.0,True,False,False
7214,华湘明珠,国审稻20243228,2024.0,国审,,False,False,False,籼,中稻,长江中下游中籼迟熟组,602.9,2.0,,601.9,3.1,132.0,,125.1,17.2,27.2,182.0,81.7,22.2,,,5.0,中感稻瘟病,5.0,中感白叶枯病,9.0,,,69.6,1.1,,16.2,63.0,4.3,6.5,,《食用稻品种品质》,False,湖南粮安科技股份有限公司,454,Middle-Lower Yangtze,Single/Mid,Inbred/Other,Enterprise,1,,1.0,True,False,False
3835,太两优莲香丝苗,国审稻20243235,2024.0,国审,,True,False,True,籼,中籼,长江中下游中籼迟熟组,657.7,5.8,,619.5,3.6,131.5,,123.6,17.9,25.3,199.5,85.7,24.2,,,3.0,中抗稻瘟病,5.0,中感白叶枯病,9.0,,,67.7,3.3,,16.5,55.0,3.7,6.6,,《食用稻品种品质》,False,福建华谷高科有限公司,444,Middle-Lower Yangtze,Single/Mid,Two-line hybrid,Enterprise,1,,1.0,False,False,False
7203,盐田育6号,国审稻20244006,2024.0,国审,,False,False,False,粳,,,499.2,7.5,,483.5,8.7,145.5,,87.6,20.2,14.0,126.6,89.3,25.4,,,5.0,中感稻瘟病,,,,,,72.7,0.9,,17.2,79.0,1.9,7.0,,《食用稻品种品质》,False,连云港市农业科学院,484,Other/Unspecified,Unspecified,Inbred/Other,Public,1,,1.0,True,False,False
7184,珞优2号,国审稻20244013,2024.0,国审,,True,True,False,籼,中籼,长江中下游中籼迟熟组,604.7,-2.0,,612.3,3.2,123.9,,122.0,15.9,24.8,177.3,82.2,26.9,,,5.0,中感稻瘟病,,,,,,59.6,8.4,,20.4,38.0,3.3,6.1,,,False,湖南金健种业科技有限公司,428,Middle-Lower Yangtze,Single/Mid,Three-line hybrid,Enterprise,1,,1.0,True,False,False
6362,清莲丝苗,国审稻20244016,2024.0,国审,,False,False,False,籼,晚籼,长江中下游晚籼中迟熟组,564.8,-0.2,,524.2,1.5,116.4,,95.4,21.7,20.1,127.6,83.8,24.9,,,5.0,中感稻瘟病,,,,,,66.5,2.3,,16.0,64.0,3.3,6.5,,《食用稻品种品质》,False,湖南金健种业科技有限公司,459,Middle-Lower Yangtze,Late,Inbred/Other,Enterprise,1,,1.0,True,False,False
4919,韶香100,国审稻20244017,2024.0,国审,,False,False,False,籼,晚籼,长江中下游晚籼中迟熟组,542.9,-4.0,,515.7,3.1,114.4,,113.0,18.9,24.5,138.3,81.1,26.4,,,7.0,感稻瘟病,,,,,,55.0,0.6,,15.4,62.0,4.5,6.5,,《食用稻品种品质》,False,湖南杂交水稻研究中心,454,Middle-Lower Yangtze,Late,Inbred/Other,Public,1,,0.0,True,False,False
7542,中科发早粳1号,国审稻20244018,2024.0,国审,,False,False,False,粳,双季,长江中下游双季早粳组,541.5,5.2,,567.1,4.4,115.9,,95.4,23.6,19.0,115.0,82.4,24.8,,,5.0,中感稻瘟病,,,,,,73.0,0.4,,17.1,82.0,2.8,6.6,,《食用稻品种品质》,False,中国科学院遗传与发育生物学研究所,434,Middle-Lower Yangtze,Early,Inbred/Other,Public,1,,1.0,True,False,False
7854,金粳优2299,国审稻20251029,2025.0,国审,,True,True,False,粳,,黄淮海粳稻组,730.0,16.5,,716.4,16.9,148.1,,109.4,17.8,23.3,227.1,84.9,25.3,,,3.0,中抗稻瘟病,,,,,,65.7,5.7,,16.7,69.0,2.7,6.6,,,False,天津市金泰种业有限公司,422,North/Huanghuai,Single/Mid,Three-line hybrid,Enterprise,1,,1.0,False,False,False
6978,飓两优5287,国审稻20252040,2025.0,国审,,True,False,True,籼,中稻,长江中下游中籼迟熟组,656.8,5.9,,657.2,7.2,135.5,,126.0,16.8,25.5,206.3,82.2,25.7,,,3.0,中抗稻瘟病,7.0,感白叶枯病,3.0,,,68.2,2.9,,16.0,65.0,3.2,6.4,,《食用稻品种品质》,False,袁隆平农业高科技股份有限公司,479,Middle-Lower Yangtze,Single/Mid,Two-line hybrid,Enterprise,1,,1.0,False,False,False
